Cruise,Message.ID,dateTime8601,Instrument,Action,Station,Cast,Latitude,Longitude,Comment,project_id
ar22,1,2017-09-02T12:28:57Z,Ship,startCruise,"","",41.52297,-70.67299,"",JP Student
ar22,10,2017-09-02T15:20:00Z,EK80 broadband,start,"","",41.129917,-70.831412,"",JP Student
ar22,2,2017-09-02T15:33:51Z,CTD911,deploy,"",01,41.129918,-70.831408,First training station,JP Student
ar22,12,2017-09-02T16:20:00Z,ADCP300,stop,"","",41.016543,-70.822817,ADCP38 ADCP150 as well,JP Student
ar22,11,2017-09-02T17:11:00Z,EK80 broadband,stop,"","",40.85683,-70.831561,"",JP Student
ar22,13,2017-09-02T17:11:00Z,ADCP300,start,"","",40.85683,-70.831561,ADCP38 ADCP150 as well,JP Student
ar22,3,2017-09-02T17:39:25Z,CTD911,deploy,"",02,40.796377,-70.828286,Second test station,JP Student
ar22,14,2017-09-02T18:02:00Z,EK80 broadband,start,"","",40.79638,-70.828287,"",JP Student
ar22,15,2017-09-02T18:02:00Z,ADCP300,stop,"","",40.79638,-70.828287,ADCP38 ADCP150 as well,JP Student
ar22,4,2017-09-02T19:55:30Z,CTD911,deploy,"",03,40.500814,-70.831506,"",JP Student
ar22,5,2017-09-02T20:22:50Z,Other,other,"","",40.498728,-70.831453,Trawl windh is malfunctioning.  Postponing ring net tow until fixed,JP Student
ar22,16,2017-09-02T20:30:00Z,EK80 broadband,stop,"","",40.481754,-70.831057,"",JP Student
ar22,17,2017-09-02T20:30:00Z,ADCP300,start,"","",40.481754,-70.831057,ADCP38 ADCP150 as well,JP Student
ar22,6,2017-09-02T21:00:39Z,CTD911,deploy,"",04,40.42006,-70.828113,near foot of shelfbreak front,JP Student
ar22,18,2017-09-02T22:08:00Z,EK80 broadband,start,"","",40.329803,-70.829361,"",JP Student
ar22,7,2017-09-02T22:14:10Z,CTD911,deploy,"",05,40.329727,-70.829367,Surface salinity 34.4 in surface gradient region of Shelfbreak Front,JP Student
ar22,19,2017-09-02T23:18:00Z,EK80 broadband,other,"","",40.250574,-70.830637,updated sal to 34.6 PSU; ssp to 1525 m/s,JP Student
ar22,8,2017-09-02T23:26:57Z,CTD911,deploy,"",06,40.249789,-70.830277,"",JP Student
ar22,9,2017-09-03T00:39:57Z,CTD911,deploy,"",07,40.170655,-70.830258,"",JP Student
ar22,20,2017-09-03T01:54:57Z,CTD911,deploy,"",08,40.079283,-70.829354,"",JP Student
ar22,21,2017-09-03T02:54:42Z,CTD911,deploy,"",09,39.999475,-70.829885,"",JP Student
ar22,23,2017-09-03T04:11:25Z,CTD911,deploy,"",10,39.922035,-70.828192,"",JP Student
ar22,22,2017-09-03T04:13:15Z,EK80 broadband,stop,"","",39.922126,-70.8282,"",JP Student
ar22,24,2017-09-03T07:29:00Z,CTD911,deploy,"",11,40.334186,-70.949578,"",JP Student
ar22,25,2017-09-03T08:40:00Z,CTD911,deploy,"",12,40.335452,-71.067987,"",JP Student
ar22,26,2017-09-03T18:13:13Z,Ship,endCruise,"","",41.523927,-70.672416,"",JP Student
ar24a,2,2017-10-22T17:00:00Z,Ship,startCruise,"","",NaN,NaN,"",OOI Pioneer
ar24a,1,2017-10-22T17:31:32Z,IFCB continuous,start,"","",41.466735,-70.725804,"",OOI Pioneer
ar24a,3,2017-10-22T19:06:39Z,Underway Science seawater diaphragm pump,IFCB_discrete,UW1,"",41.219429,-70.885982,triplicate from overflow bottle,OOI Pioneer
ar24a,4,2017-10-22T19:58:54Z,CTD911,deploy,LTER Station 1,1,41.129599,-70.829252,"",OOI Pioneer
ar24a,7,2017-10-22T20:00:00Z,ADCP150,start,"","",41.129599,-70.82925,"",OOI Pioneer
ar24a,8,2017-10-22T20:00:00Z,EK80 broadband,start,"","",41.129599,-70.82925,synced with OS150,OOI Pioneer
ar24a,6,2017-10-22T21:14:39Z,CTD911,deploy,LTER Station 2,2,40.964432,-70.830522,error with SBE11 deck unit. represented in data; occured on upcast,OOI Pioneer
ar24a,5,2017-10-22T22:39:54Z,CTD911,deploy,LTER Station 3,3,40.798547,-70.831142,"",OOI Pioneer
ar24a,9,2017-10-23T00:32:21Z,CTD911,deploy,LTER Station 4,4,40.64892,-70.832125,"",OOI Pioneer
ar24a,10,2017-10-23T02:30:39Z,CTD911,deploy,LTER Station 5,5,40.498762,-70.836905,"",OOI Pioneer
ar24a,23,2017-10-23T06:28:00Z,Underway Science seawater diaphragm pump,IFCB_discrete,UW2,"",40.107847,-70.883122,triplicate from overflow bottle,OOI Pioneer
ar24a,21,2017-10-23T11:29:54Z,EK80 broadband,stop,CO,"",40.096449,-70.878089,"",OOI Pioneer
ar24a,14,2017-10-23T13:39:54Z,Other,other,"","",40.096099,-70.878447,Target visual acquired of anchor 040 05.7983N 070 52.7655W,OOI Pioneer
ar24a,11,2017-10-23T15:34:09Z,Underway Science seawater diaphragm pump,IFCB_discrete,UW3,"",40.096581,-70.878768,triplicate from overflow bottle,OOI Pioneer
ar24a,15,2017-10-23T15:46:00Z,Other,other,"","",40.09659,-70.878761,Anchor hooked,OOI Pioneer
ar24a,17,2017-10-23T17:06:00Z,Other,other,"","",40.096751,-70.878766,Parking meter on deck,OOI Pioneer
ar24a,18,2017-10-23T17:21:00Z,Other,other,"","",40.096472,-70.8784,Anchor CP02PMCO-00007 on deck,OOI Pioneer
ar24a,12,2017-10-23T17:31:54Z,BucketSample,start,B1,"",40.096259,-70.877652,in triplicate; IFCB discrete,OOI Pioneer
ar24a,19,2017-10-23T18:46:05Z,BucketSample,start,B2,"",40.100997,-70.887562,in triplicate; IFCB discrete,OOI Pioneer
ar24a,25,2017-10-23T19:00:00Z,Other,other,"","",40.100987,-70.887559,Target visual acquired of anchor 40 06.0428N 70 53.2892W,OOI Pioneer
ar24a,20,2017-10-23T20:16:41Z,BucketSample,start,B3,"",40.101083,-70.88771,in triplicate; IFCB discrete,OOI Pioneer
ar24a,26,2017-10-23T20:59:00Z,Other,other,"","",40.10108,-70.887712,Anchor hooked,OOI Pioneer
ar24a,22,2017-10-23T21:30:08Z,BucketSample,start,B4,"",40.101142,-70.887806,in triplicate; IFCB discrete,OOI Pioneer
ar24a,28,2017-10-23T21:48:00Z,Other,other,"","",40.101049,-70.887676,Parking meter on deck,OOI Pioneer
ar24a,29,2017-10-23T22:05:00Z,Other,other,"","",40.10105,-70.887244,Anchor CP02PMCO-00006 on deck,OOI Pioneer
ar24a,30,2017-10-23T22:42:01Z,BucketSample,start,B5,"",40.101051,-70.886774,in triplicate; IFCB discrete,OOI Pioneer
ar24a,31,2017-10-23T22:50:00Z,EK80 broadband,start,"","",40.107624,-70.884,"",OOI Pioneer
ar24a,32,2017-10-24T02:04:54Z,CTD911,deploy,6,6,40.619581,-70.752923,"",OOI Pioneer
ar24a,33,2017-10-24T03:11:54Z,CTD911,deploy,7,7,40.551137,-70.751567,"",OOI Pioneer
ar24a,34,2017-10-24T04:15:24Z,CTD911,deploy,8,8,40.492402,-70.749475,"",OOI Pioneer
ar24a,35,2017-10-24T05:19:54Z,CTD911,deploy,9,9,40.420981,-70.750097,"",OOI Pioneer
ar24a,37,2017-10-24T06:08:54Z,CTD911,deploy,10,10,40.350985,-70.749858,"",OOI Pioneer
ar24a,43,2017-10-24T15:03:00Z,Other,other,"","",39.943666,-70.767409,Target visual acquired of anchor 39 56.6567N 070 46.0660W,OOI Pioneer
ar24a,38,2017-10-24T15:47:03Z,Underway Science seawater diaphragm pump,IFCB_discrete,UW4,"",39.944163,-70.766936,flow through pump partial flow,OOI Pioneer
ar24a,39,2017-10-24T17:00:22Z,BucketSample,start,B6,"",39.944171,-70.766948,in triplicate; IFCB discrete,OOI Pioneer
ar24a,44,2017-10-24T17:45:00Z,Other,other,"","",39.944063,-70.766932,Anchor hooked,OOI Pioneer
ar24a,41,2017-10-24T18:17:00Z,BucketSample,start,B7,"",39.944084,-70.766901,in triplicate; IFCB discrete,OOI Pioneer
ar24a,46,2017-10-24T19:04:00Z,Other,other,"","",39.944073,-70.766914,Parking meter on deck,OOI Pioneer
ar24a,47,2017-10-24T19:32:00Z,Other,other,"","",39.943982,-70.766921,Anchor CP02PMUO-00004 on deck,OOI Pioneer
ar24a,40,2017-10-24T19:35:53Z,BucketSample,start,B8,"",39.943883,-70.76686,in triplicate; IFCB discrete,OOI Pioneer
ar24a,48,2017-10-24T20:02:54Z,CTD911,deploy,PMUO,11,39.940687,-70.774499,chl and ifcb samples; lADCP removed,OOI Pioneer
ar24a,55,2017-10-24T20:44:54Z,EK80 broadband,start,"","",39.968194,-70.776004,"",OOI Pioneer
ar24a,49,2017-10-24T21:08:54Z,CTD911,deploy,CS4,12,40.00839,-70.775634,"",OOI Pioneer
ar24a,50,2017-10-24T22:10:54Z,CTD911,deploy,CS3,13,40.073086,-70.77531,lADCP reattached,OOI Pioneer
ar24a,51,2017-10-24T23:09:00Z,CTD911,deploy,CN,14,40.138741,-70.779182,chl samples,OOI Pioneer
ar24a,60,2017-10-24T23:45:37Z,IFCB continuous,stop,"","",40.170521,-70.776231,problems with flow through turned off,OOI Pioneer
ar24a,52,2017-10-25T00:35:00Z,CTD911,deploy,CS2,15,40.223444,-70.775972,No samples taken,OOI Pioneer
ar24a,53,2017-10-25T01:41:00Z,CTD911,deploy,CS1,16,40.29242,-70.773128,No samples taken,OOI Pioneer
ar24a,56,2017-10-25T02:46:54Z,CTD911,deploy,UI,17,40.364409,-70.772513,No samples taken,OOI Pioneer
ar24a,61,2017-10-25T05:40:54Z,IFCB continuous,start,"","",40.405739,-70.776821,flow through on but spotty leave ifcb running,OOI Pioneer
ar24a,54,2017-10-25T06:22:54Z,EK80 broadband,stop,"","",40.341915,-70.772778,"",OOI Pioneer
ar24a,57,2017-10-25T13:26:04Z,Underway Science seawater diaphragm pump,IFCB_discrete,UW5,"",40.562946,-70.873132,in triplicate; flow had been off a while,OOI Pioneer
ar24a,58,2017-10-25T16:28:00Z,Underway Science seawater diaphragm pump,IFCB_discrete,UW6,"",41.171411,-70.896548,"",OOI Pioneer
ar24a,59,2017-10-25T17:41:24Z,Underway Science seawater diaphragm pump,IFCB_discrete,UW7,"",41.403732,-70.846994,duplicate,OOI Pioneer
ar24a,62,2017-10-25T18:15:43Z,Underway Science seawater diaphragm pump,IFCB_discrete,UW8,"",41.459428,-70.733306,"",OOI Pioneer
ar24a,63,2017-10-25T18:49:54Z,IFCB continuous,stop,"","",41.49653,-70.666653,flow through off for arrival,OOI Pioneer
ar24a,64,2017-10-25T19:30:09Z,Ship,endCruise,"","",41.52402,-70.672276,"",OOI Pioneer
ar24b,1,2017-10-27T20:57:23Z,Ship,startCruise,"","",41.523901,-70.672467,"",OOI Pioneer
ar24b,42,2017-10-27T21:21:00Z,IFCB continuous,start,"","",41.475567,-70.70231,underway flow through,OOI Pioneer
ar24b,2,2017-10-27T23:53:00Z,CTD911,deploy,LTER Station 1,1,41.13034,-70.829493,"",OOI Pioneer
ar24b,3,2017-10-28T02:12:00Z,CTD911,deploy,LTER Station 3,2,40.80012,-70.828928,"",OOI Pioneer
ar24b,7,2017-10-28T15:20:00Z,CTD911,deploy,OSSM,3,39.939804,-70.884048,CTD cast with samples for CP04OSSM-00007,OOI Pioneer
ar24b,8,2017-10-28T15:32:00Z,CTD911,maxDepth,OSSM,3,39.939815,-70.884052,Max 439 m,OOI Pioneer
ar24b,9,2017-10-28T15:50:00Z,CTD911,recover,OSSM,3,39.939816,-70.884047,No issues.,OOI Pioneer
ar24b,10,2017-10-28T19:35:00Z,CTD911,deploy,"",4,39.994304,-70.779797,1/2 mile away from Glider 340 recovery site,OOI Pioneer
ar24b,11,2017-10-28T19:45:00Z,CTD911,maxDepth,"",4,39.994258,-70.779956,Max 294 m,OOI Pioneer
ar24b,12,2017-10-28T19:59:00Z,CTD911,recover,"",4,39.994175,-70.780209,"",OOI Pioneer
ar24b,15,2017-10-28T22:25:00Z,CTD911,deploy,"",5,40.024797,-70.620453,1/2 mile away from Glider 376 & 387 deployment site,OOI Pioneer
ar24b,16,2017-10-28T22:33:00Z,CTD911,maxDepth,"",5,40.024793,-70.620458,Max 184 m,OOI Pioneer
ar24b,17,2017-10-28T22:44:00Z,CTD911,recover,"",5,40.024798,-70.620456,"",OOI Pioneer
ar24b,19,2017-10-29T00:03:03Z,CTD911,deploy,"",6,40.078064,-70.720231,~1/2 mile away from Glider 336 recovery site & Glider 339 deployment site,OOI Pioneer
ar24b,20,2017-10-29T00:09:00Z,CTD911,maxDepth,"",6,40.078063,-70.720227,Max 129 m,OOI Pioneer
ar24b,21,2017-10-29T00:19:00Z,CTD911,recover,"",6,40.078055,-70.720202,"",OOI Pioneer
ar24b,43,2017-10-29T14:16:00Z,IFCB continuous,stop,"","",40.132931,-70.777547,flow through pump off; stopped IFCB 109 acquisition,OOI Pioneer
ar24b,27,2017-10-29T14:42:33Z,CTD911,deploy,CNSM,7,40.135714,-70.774493,CTD cast with samples for CP01CNSM-00008,OOI Pioneer
ar24b,33,2017-10-29T14:48:00Z,CTD911,maxDepth,CNSM,7,40.135629,-70.774442,Max 128 m,OOI Pioneer
ar24b,34,2017-10-29T14:58:00Z,CTD911,recover,CNSM,"",40.135696,-70.77449,"",OOI Pioneer
ar24b,32,2017-10-29T16:10:00Z,Ship,other,"","",40.141426,-70.779133,Depart stations for shelter due to severe weather,OOI Pioneer
ar24b,44,2017-10-29T16:30:00Z,IFCB continuous,start,"","",40.202539,-70.785537,flow through pump back on; resumed IFCB 109 acquisition,OOI Pioneer
ar24b,45,2017-10-31T11:30:00Z,Ship,other,"","",41.363095,-70.792125,Depart Menemsha Bight towards Inshore site,OOI Pioneer
ar24b,113,2017-10-31T18:45:00Z,BucketSample,start,"","",40.51783,-70.882172,Menemsha Bucket Sample; IFCB discrete,OOI Pioneer
ar24b,49,2017-11-01T02:12:03Z,CTD911,deploy,"",8,39.849702,-70.735458,~1/2 mile away from Gliders 388 and 380 deployment site,OOI Pioneer
ar24b,50,2017-11-01T02:30:00Z,CTD911,maxDepth,"",8,39.849707,-70.735452,Max 801 m,OOI Pioneer
ar24b,51,2017-11-01T02:54:00Z,CTD911,recover,"",8,39.849715,-70.735475,"",OOI Pioneer
ar24b,54,2017-11-01T12:40:03Z,CTD911,deploy,ISSM,9,40.363792,-70.883422,CTD cast with samples at CP03ISSM-00007 deployment site,OOI Pioneer
ar24b,55,2017-11-01T12:46:00Z,CTD911,maxDepth,ISSM,9,40.363782,-70.883424,Max 88 m,OOI Pioneer
ar24b,56,2017-11-01T13:01:00Z,CTD911,recover,CP03ISSM-00007,9,40.363782,-70.883426,"",OOI Pioneer
ar24b,78,2017-11-02T23:02:00Z,CTD911,deploy,AC-1,"",39.923143,-70.908225,AUV survey,OOI Pioneer
ar24b,79,2017-11-02T23:16:00Z,CTD911,maxDepth,AC-1,"",39.92315,-70.908227,Max 481 m,OOI Pioneer
ar24b,80,2017-11-02T23:33:00Z,CTD911,recover,AC-1,"",39.923144,-70.908218,"",OOI Pioneer
ar24b,81,2017-11-03T11:25:03Z,CTD911,deploy,UI,11,40.365775,-70.773727,Across Shelf CTD Survey - nitrate samples only,OOI Pioneer
ar24b,82,2017-11-03T11:29:03Z,CTD911,maxDepth,UI,11,40.365779,-70.773729,Max 86 m,OOI Pioneer
ar24b,83,2017-11-03T11:39:03Z,CTD911,recover,UI,11,40.365773,-70.773728,"",OOI Pioneer
ar24b,84,2017-11-03T12:36:03Z,CTD911,deploy,CS1,12,40.293173,-70.774678,Across Shelf CTD Survey - nitrate samples only,OOI Pioneer
ar24b,85,2017-11-03T12:41:03Z,CTD911,maxDepth,CS1,12,40.293185,-70.774564,Max 108 m,OOI Pioneer
ar24b,86,2017-11-03T12:50:03Z,CTD911,recover,CS1,12,40.293194,-70.774268,"",OOI Pioneer
ar24b,87,2017-11-03T14:15:00Z,CTD911,deploy,CS2,13,40.219175,-70.775084,Across Shelf CTD Survey - nitrate samples only,OOI Pioneer
ar24b,88,2017-11-03T14:20:00Z,CTD911,maxDepth,CS2,13,40.219179,-70.775099,Max 120 m,OOI Pioneer
ar24b,89,2017-11-03T14:30:00Z,CTD911,recover,CS2,13,40.219175,-70.775095,"",OOI Pioneer
ar24b,90,2017-11-03T16:05:00Z,CTD911,deploy,CN,14,40.136449,-70.774079,Across Shelf CTD Survey - nitrate samples only,OOI Pioneer
ar24b,91,2017-11-03T16:11:00Z,CTD911,maxDepth,CN,14,40.136462,-70.774086,Max 129 m,OOI Pioneer
ar24b,92,2017-11-03T16:21:00Z,CTD911,recover,CN,14,40.13646,-70.774092,"",OOI Pioneer
ar24b,93,2017-11-03T17:34:00Z,CTD911,deploy,CS3,15,40.071737,-70.774907,Across Shelf CTD Survey - nitrate samples only,OOI Pioneer
ar24b,94,2017-11-03T17:40:00Z,CTD911,maxDepth,CS3,15,40.071772,-70.775033,Max 135 m,OOI Pioneer
ar24b,95,2017-11-03T17:51:00Z,CTD911,recover,CS3,15,40.071766,-70.775029,"",OOI Pioneer
ar24b,96,2017-11-03T18:53:00Z,CTD911,deploy,CS4,16,40.008092,-70.773699,Across Shelf CTD Survey - nitrate samples only,OOI Pioneer
ar24b,97,2017-11-03T19:03:00Z,CTD911,maxDepth,CS4,16,40.008084,-70.773706,Max 257 m,OOI Pioneer
ar24b,98,2017-11-03T19:13:00Z,CTD911,recover,CS4,16,40.008088,-70.773704,"",OOI Pioneer
ar24b,99,2017-11-03T19:58:00Z,CTD911,deploy,UO,17,39.94075,-70.774306,Across Shelf CTD Survey - nitrate samples only,OOI Pioneer
ar24b,100,2017-11-03T20:10:00Z,CTD911,maxDepth,UO,17,39.940752,-70.774317,Max 442 m,OOI Pioneer
ar24b,101,2017-11-03T20:28:00Z,CTD911,recover,UO,17,39.940748,-70.774317,"",OOI Pioneer
ar24b,104,2017-11-03T22:35:00Z,EK80 broadband,start,"","",39.923963,-70.751702,Across Shelf EK80 Survey - UO to UI,OOI Pioneer
ar24b,105,2017-11-04T10:52:00Z,EK80 broadband,stop,"","",41.47166,-70.740016,"",OOI Pioneer
ar24b,114,2017-11-04T14:00:00Z,IFCB continuous,stop,"","",41.471584,-70.74011,Stopped acquisition; although flow through was off beforehand,OOI Pioneer
ar24b,115,2017-11-04T15:08:00Z,Ship,endCruise,"","",41.523826,-70.672483,"",OOI Pioneer
ar24c,1,2017-11-05T20:29:52Z,Ship,startCruise,"","",41.52272,-70.67385,"",OOI Pioneer
ar24c,2,2017-11-06T01:19:56Z,Other,start,CP01CNPM-00001,"",40.80188,-70.830522,Line pack release test @ 45 m,OOI Pioneer
ar24c,3,2017-11-06T01:45:59Z,Other,end,CP01CNPM-00001,"",40.801865,-70.830531,No issues.  Release worked.,OOI Pioneer
ar24c,4,2017-11-06T01:54:42Z,CTD911,deploy,LTER Station 3,001,40.801849,-70.830487,"",OOI Pioneer
ar24c,5,2017-11-06T02:06:41Z,CTD911,recover,LTER Station 3,001,40.801854,-70.830496,"",OOI Pioneer
ar24c,126,2017-11-06T02:18:19Z,IFCB continuous,start,"","",40.789744,-70.83051,flow through on and acquisition start,OOI Pioneer
ar24c,6,2017-11-06T11:29:56Z,Other,start,CP02PMCO-00009,"",40.146263,-70.776145,Line pack release test @ 100 m,OOI Pioneer
ar24c,7,2017-11-06T12:11:49Z,Other,end,CP02PMCO-00009,"",40.146247,-70.776136,Line pack release test completed. No issues.,OOI Pioneer
ar24c,12,2017-11-06T15:20:17Z,CTD911,deploy,CP01CNPM-00001,002,40.136758,-70.774639,"",OOI Pioneer
ar24c,13,2017-11-06T15:26:56Z,CTD911,maxDepth,CP01CNPM-00001,002,40.13675,-70.774643,Max depth 127 m,OOI Pioneer
ar24c,14,2017-11-06T15:40:49Z,CTD911,recover,CP01CNPM-00001,002,40.13676,-70.774661,duplicate samples @ 127; 48; 29; 7 m,OOI Pioneer
ar24c,24,2017-11-06T20:32:51Z,CTD911,deploy,CP02PMCO,003,40.096159,-70.883488,"",OOI Pioneer
ar24c,25,2017-11-06T20:39:26Z,CTD911,maxDepth,CP02PMCO,003,40.096164,-70.883495,Max depth 141 m,OOI Pioneer
ar24c,26,2017-11-06T20:50:56Z,CTD911,recover,CP02PMCO,003,40.096151,-70.88352,Duplicate samples @ 141; 79; 34; 6 m,OOI Pioneer
ar24c,33,2017-11-07T11:20:23Z,Other,start,CP02PMCI-00009,"",40.224703,-70.891953,Line pack release test @ 100m,OOI Pioneer
ar24c,34,2017-11-07T11:53:17Z,Other,end,CP02PMCI-00009,"",40.22485,-70.892212,Line pack release test completed.  No issues.,OOI Pioneer
ar24c,42,2017-11-07T16:26:12Z,CTD911,deploy,CP02PMCI,004,40.227405,-70.883507,"",OOI Pioneer
ar24c,43,2017-11-07T16:31:56Z,CTD911,maxDepth,CP02PMCI,004,40.227395,-70.883504,Max depth 121 m,OOI Pioneer
ar24c,44,2017-11-07T16:42:41Z,CTD911,recover,CP02PMCI,004,40.2274,-70.883512,Samples @ 121; 62; 32; 7 m,OOI Pioneer
ar24c,49,2017-11-07T20:59:56Z,Other,start,CP02PMCI-00009,"",40.228786,-70.875978,Start anchor survey,OOI Pioneer
ar24c,50,2017-11-07T21:34:12Z,Other,end,CP02PMCI-00009,"",40.227161,-70.88322,Anchor survey completed.,OOI Pioneer
ar24c,127,2017-11-08T01:13:00Z,IFCB continuous,stop,"","",40.345247,-70.899336,flow through turned off,OOI Pioneer
ar24c,51,2017-11-08T11:48:11Z,Other,start,CP02PMUI-00010,"",40.368949,-70.789903,Line pack release test @ 90 m,OOI Pioneer
ar24c,52,2017-11-08T12:15:56Z,Other,end,CP02PMUI-00010,"",NaN,-70.79406,Line pack release test completed.  No issues.,OOI Pioneer
ar24c,53,2017-11-08T13:48:56Z,CTD911,deploy,CP02PMUI vicinity,005,40.366509,-70.77572,"",OOI Pioneer
ar24c,54,2017-11-08T13:54:56Z,CTD911,maxDepth,CP02PMUI vicinity,005,40.367605,-70.77717,Max depth 87 m,OOI Pioneer
ar24c,55,2017-11-08T13:59:56Z,CTD911,recover,CP02PMUI vicinity,005,40.36848,-70.778272,No samples collected,OOI Pioneer
ar24c,56,2017-11-08T14:34:03Z,CTD911,deploy,UI survey 2,006,40.366292,-70.813382,"",OOI Pioneer
ar24c,57,2017-11-08T14:39:26Z,CTD911,maxDepth,UI survey 2,006,40.367197,-70.814486,max depth 87 m,OOI Pioneer
ar24c,58,2017-11-08T14:44:52Z,CTD911,recover,UI survey 2,006,40.36794,-70.815319,No samples collected,OOI Pioneer
ar24c,128,2017-11-08T14:46:00Z,IFCB continuous,stop,"","",40.36802,-70.815431,acquistion stopped now despite flow through being turned off earlier,OOI Pioneer
ar24c,59,2017-11-08T15:16:46Z,CTD911,deploy,UI survey 3,007,40.365012,-70.845017,"",OOI Pioneer
ar24c,60,2017-11-08T15:22:11Z,CTD911,maxDepth,UI survey 3,007,40.365436,-70.845478,Max depth 87 m,OOI Pioneer
ar24c,61,2017-11-08T15:26:42Z,CTD911,recover,UI survey 3,007,40.365633,-70.845792,No samples collected,OOI Pioneer
ar24c,62,2017-11-08T15:54:11Z,CTD911,deploy,IS,008,40.363713,-70.882858,"",OOI Pioneer
ar24c,63,2017-11-08T15:59:56Z,CTD911,maxDepth,IS,008,40.363752,-70.882912,Max depth 87 m,OOI Pioneer
ar24c,64,2017-11-08T16:04:58Z,CTD911,recover,IS,008,40.363752,-70.882906,No samples collected,OOI Pioneer
ar24c,65,2017-11-08T21:23:56Z,Other,start,CP04OSPM-00008,"",40.236363,-70.994367,Line pack release test,OOI Pioneer
ar24c,66,2017-11-08T21:52:26Z,Other,end,CP04OSPM-00008,"",40.237749,-70.999153,Line pack release test completed.  No issues.,OOI Pioneer
ar24c,129,2017-11-09T12:28:00Z,IFCB continuous,start,"","",40.364218,-70.781928,flow through restarted and acquisition started,OOI Pioneer
ar24c,130,2017-11-09T13:18:00Z,IFCB continuous,stop,"","",40.366019,-70.777966,flow through lost prime acquisition stopped,OOI Pioneer
ar24c,131,2017-11-09T13:41:00Z,IFCB continuous,start,"","",40.365164,-70.774953,flow through on and acquisition start,OOI Pioneer
ar24c,74,2017-11-09T14:35:01Z,CTD911,deploy,CP02PMUI,009,40.365147,-70.774976,"",OOI Pioneer
ar24c,75,2017-11-09T14:40:26Z,CTD911,maxDepth,CP02PMUI,009,40.36517,-70.774963,Max depth 89 m,OOI Pioneer
ar24c,76,2017-11-09T14:50:26Z,CTD911,recover,CP02PMUI,009,40.365181,-70.77497,Samples @ 89; 47; 10; 3 m,OOI Pioneer
ar24c,132,2017-11-09T16:58:00Z,IFCB continuous,other,"","",40.364499,-70.770921,flow through lost prime so power cycled and acquisition off then restarted,OOI Pioneer
ar24c,95,2017-11-10T01:40:51Z,CTD911,deploy,CP04OSPM,010,39.94111,-70.883046,"",OOI Pioneer
ar24c,96,2017-11-10T01:55:56Z,CTD911,maxDepth,CP04OSPM,010,39.941123,-70.88305,Max depth 433 m,OOI Pioneer
ar24c,97,2017-11-10T02:10:56Z,CTD911,recover,CP04OSPM,010,39.941117,-70.88306,Samples @ 433; 269; 27; 2 m,OOI Pioneer
ar24c,134,2017-11-10T14:22:00Z,IFCB continuous,stop,"","",40.228904,-70.935266,rough seas flow through off because can not keep prime acquisition ended,OOI Pioneer
ar24c,100,2017-11-11T11:12:00Z,Other,start,CP02PMUO-00010,"",39.935263,-70.779545,Linepack release test,OOI Pioneer
ar24c,101,2017-11-11T12:01:00Z,Other,end,CP02PMUO-00010,"",39.936993,-70.778912,Line pack release test complete. No issues.,OOI Pioneer
ar24c,135,2017-11-11T16:44:00Z,IFCB continuous,start,"","",39.943106,-70.781292,flow through on and acquisition start,OOI Pioneer
ar24c,111,2017-11-11T17:04:57Z,CTD911,deploy,CP02PMUO,011,39.939815,-70.7762,"",OOI Pioneer
ar24c,112,2017-11-11T17:17:42Z,CTD911,maxDepth,CP02PMUO,011,39.939827,-70.776165,max depth 446 m,OOI Pioneer
ar24c,113,2017-11-11T17:34:42Z,CTD911,recover,CP02PMUO,011,39.939815,-70.776167,Samples @ 446; 262; 22; 7 m,OOI Pioneer
ar24c,114,2017-11-11T18:10:00Z,Other,start,CP03ISPM-00001,"",39.915959,-70.75972,Line pack release test,OOI Pioneer
ar24c,115,2017-11-11T18:55:00Z,Other,end,CP03ISPM-00001,"",39.916976,-70.760146,Linepack release test complete. No issues,OOI Pioneer
ar24c,120,2017-11-11T20:58:57Z,Other,start,CP02PMUO-00010,"",39.940052,-70.774741,Start anchor survey,OOI Pioneer
ar24c,121,2017-11-11T21:31:00Z,Other,end,CP02PMUO-00010,"",39.943216,-70.766445,End anchor survey,OOI Pioneer
ar24c,133,2017-11-12T03:37:00Z,Other,start,CP03ISPM-00001,"",40.368628,-70.887667,Start anchor survey,OOI Pioneer
ar24c,140,2017-11-12T04:10:00Z,Other,end,CP03ISPM-00001,"",40.363537,-70.884216,End anchor survey,OOI Pioneer
ar24c,136,2017-11-12T04:15:09Z,CTD911,deploy,CP03ISPM,012,40.363534,-70.884214,"",OOI Pioneer
ar24c,137,2017-11-12T04:20:27Z,CTD911,maxDepth,CP03ISPM,012,40.363541,-70.884215,Max depth 87 m,OOI Pioneer
ar24c,138,2017-11-12T04:27:57Z,CTD911,recover,CP03ISPM,"",40.36354,-70.884208,Samples @ 87; 42; 22; 7.5 m,OOI Pioneer
ar24c,139,2017-11-12T11:34:29Z,ADCP300,service,"","",41.473589,-70.731684,ADCP38 ADCP150 restarted after power down while sitting in Vineyard sound. bin sizes likely differ from original,OOI Pioneer
ar24c,141,2017-11-12T13:29:02Z,IFCB continuous,stop,"","",41.473595,-70.73166,waiting for tide behind naushon turning off and securing power to IFCBs,OOI Pioneer
ar24c,142,2017-11-12T13:54:10Z,Ship,other,"","",41.473589,-70.731661,flow through off for arrival,OOI Pioneer
ar24c,143,2017-11-12T15:11:03Z,Ship,endCruise,"","",41.524017,-70.672297,"",OOI Pioneer
en608,3,2018-01-29T17:51:05Z,Other,other,"","",41.586817,-71.4112,test pre-cruise from dock,NESLTER
en608,6,2018-01-31T13:59:44Z,MeteorologicalSensor,start,"","",41.586783,-71.411167,on since before cruise started - time approximate entered manually,NESLTER
en608,4,2018-01-31T14:05:41Z,Ship,startCruise,"","",41.5868,-71.411217,Sunny and cold,NESLTER
en608,5,2018-01-31T14:09:59Z,Echosounder12,start,"","",41.586767,-71.4112,started when started cruise - time approximate entered manually,NESLTER
en608,7,2018-01-31T14:09:59Z,UHDAS,start,"","",41.586767,-71.4112,software to run the ADCPs - started soon after cruise start - time approximate entered manually,NESLTER
en608,10,2018-01-31T14:09:59Z,Underway Science seawater,start,"","",41.586767,-71.4112,started soon after start cruise - includes both the 'regular' and diaphragm - time approximate entered manually,NESLTER
en608,8,2018-01-31T14:10:59Z,ADCP75,start,"","",41.586583,-71.41105,started immediately after UHDAS - time approximate entered manually,NESLTER
en608,9,2018-01-31T14:10:59Z,ADCP300,start,"","",41.586583,-71.41105,started with other ADCP immediately after UHDAS - time approximate entered manually,NESLTER
en608,11,2018-01-31T14:10:59Z,Thermosalinographs on underway impeller,start,"","",41.586583,-71.41105,started immediately after underway science seawater - time approximate entered manually,NESLTER
en608,12,2018-01-31T14:10:59Z,Fluorometer,start,"","",41.586583,-71.41105,model SBE21 - started with TSal45 on underway 'regular' science seawater not diaphragm - time approximate entered manually,NESLTER
en608,13,2018-01-31T17:30:43Z,Attune Flow Cytometer,other,"","",41.22805,-70.96075,test,NESLTER
en608,14,2018-01-31T17:44:58Z,IFCB continuous,start,"","",41.209617,-70.91615,time approximate to be entered manually,NESLTER
en608,15,2018-01-31T17:47:58Z,Attune Flow Cytometer,start,"","",41.20585,-70.906817,checked that attune pc syncd to utc time,NESLTER
en608,16,2018-01-31T18:02:21Z,EIMS,start,"","",41.197383,-70.87975,checked that pc syncd to utc time,NESLTER
en608,17,2018-01-31T18:23:02Z,Underway Science seawater,IFCB discrete,"","",41.195467,-70.878067,"",NESLTER
en608,18,2018-01-31T18:36:13Z,Other,start,L1,1,41.193917,-70.879967,HydroColor,NESLTER
en608,19,2018-01-31T19:18:38Z,CPICS,onCTD,"","",41.196783,-70.880033,"",NESLTER
en608,20,2018-01-31T19:19:06Z,CTD911,deploy,L1,1,41.19675,-70.879967,"",NESLTER
en608,21,2018-01-31T20:46:13Z,Bongo Net,deploy,L1,B01,41.194617,-70.882633,net rinsed down at 21:50 bc had to get seawater hose set up,NESLTER
en608,24,2018-01-31T20:59:43Z,Incubation Grazing,start,L1,1,41.191883,-70.883083,"",NESLTER
en608,22,2018-01-31T21:21:13Z,Sand Lance Rake,deploy,L1,R01,41.198467,-70.882317,"",NESLTER
en608,23,2018-01-31T21:42:42Z,Sand Lance Rake,recover,"","",41.197283,-70.89405,lost spikes - no fish collected,NESLTER
en608,34,2018-01-31T22:00:00Z,Underway Science seawater,start,"","",41.168383,-70.8911,underway flow through wet lab for Chl a extraction RFU verification,NESLTER
en608,25,2018-01-31T23:32:59Z,IFCB continuous,stop,"","",41.027417,-70.7586,bad ypos; troubleshoot IFCB109,NESLTER
en608,26,2018-01-31T23:53:06Z,IFCB continuous,start,"","",41.03055,-70.68705,IFCBB0109 troubleshooting,NESLTER
en608,27,2018-02-01T00:23:21Z,CTD911,deploy,u2,2,41.028583,-70.656033,"",NESLTER
en608,28,2018-02-01T02:16:10Z,Other,other,"","",41.023167,-70.92695,test event submission time,NESLTER
en608,29,2018-02-01T03:29:59Z,CTD911,deploy,d2,3,41.027633,-71.09855,time adjusted manually,NESLTER
en608,30,2018-02-01T05:38:58Z,CTD911,deploy,L2,4,41.0223,-70.872683,"",NESLTER
en608,31,2018-02-01T06:24:59Z,Bongo Net,deploy,L2,B04,41.010083,-70.8684,"",NESLTER
en608,32,2018-02-01T07:36:42Z,Underway Science seawater,other,"","",40.9524,-70.87365,Zoe noticed bubbles and is considering switching to 'regular' science seawater,NESLTER
en608,33,2018-02-01T09:17:18Z,CTD911,deploy,L3,5,40.859517,-70.883783,"",NESLTER
en608,35,2018-02-01T10:24:59Z,Bongo Net,deploy,L3,B05,40.843367,-70.887217,time adjusted manually - note the event time is when stowed on deck,NESLTER
en608,41,2018-02-01T10:59:44Z,Incubation Grazing,start,L3,5,40.818233,-70.883383,start time added manually,NESLTER
en608,36,2018-02-01T13:44:43Z,CTD911,deploy,u4,6,40.694017,-70.657983,"",NESLTER
en608,37,2018-02-01T14:37:59Z,Underway Science seawater,TOI discrete,"","",40.688633,-70.699383,bottle number 162 - between u4 and d4 - time adjusted manually,NESLTER
en608,38,2018-02-01T15:03:59Z,Underway Science seawater,TOI discrete,"","",40.690867,-70.763933,bottle number 163 - between u4 and d4 - time adjusted manually,NESLTER
en608,39,2018-02-01T15:26:59Z,Underway Science seawater,TOI discrete,"","",40.69195,-70.82275,bottle number 165 - between u4 and d4 - time adjusted manually,NESLTER
en608,40,2018-02-01T16:33:29Z,IFCB continuous,other,"","",40.694433,-70.994817,the two IFCBs are now being switched such that what was discrete will now be continuous,NESLTER
en608,42,2018-02-01T18:12:06Z,CTD911,deploy,d4,7,40.690483,-71.038,need to manually adjust time; logsheet has 17:27,NESLTER
en608,83,2018-02-01T19:01:59Z,Other,start,L4,8,40.699117,-70.8915,HydroColor - time entered manually,NESLTER
en608,43,2018-02-01T19:22:22Z,CTD911,deploy,L4,8,40.695433,-70.884983,"",NESLTER
en608,44,2018-02-01T20:08:01Z,Bongo Net,deploy,L4,B08,40.682933,-70.88195,"",NESLTER
en608,45,2018-02-01T20:22:14Z,Incubation Grazing,start,L4,8,40.6778,-70.88145,"",NESLTER
en608,46,2018-02-01T20:43:59Z,Sand Lance Rake,deploy,L4,R08,40.672233,-70.885667,5 minute drag on bottom (190 m wire out),NESLTER
en608,47,2018-02-01T21:07:58Z,Sand Lance Rake,deploy,L4,R08B,40.6647,-70.8925,10 minute drag on bottom (190 m wire out),NESLTER
en608,48,2018-02-01T22:06:13Z,Incubation Grazing,stop,L1,"",40.60115,-70.8961,"",NESLTER
en608,49,2018-02-01T23:28:54Z,CTD911,deploy,L5,9,40.5253,-70.892617,"",NESLTER
en608,51,2018-02-02T00:11:58Z,Bongo Net,deploy,L5,B09,40.518267,-70.90035,Entered after the tow; time taken from TDR (thus accurate),NESLTER
en608,50,2018-02-02T01:13:43Z,Sand Lance Rake,deploy,L5,R05 - should this be R09?,40.526483,-70.8847,10 minute drag on bottom (150 m wire out),NESLTER
en608,52,2018-02-02T03:57:58Z,CTD911,deploy,u6,10,40.361517,-70.663567,time adjusted manually,NESLTER
en608,53,2018-02-02T07:38:23Z,CTD911,deploy,d6,11,40.3587,-71.05315,need to manually adjust time; logsheet has 07:00,NESLTER
en608,54,2018-02-02T09:10:29Z,CTD911,deploy,L6,12,40.359733,-70.87905,strobes from two OOI buoys visible,NESLTER
en608,55,2018-02-02T11:15:59Z,Bongo Net,deploy,L6,B12,40.353083,-70.898,adjust time manually 10:52 - 25 to 30 kt wind recovery was above comfort level bridge agrees,NESLTER
en608,56,2018-02-02T11:16:59Z,Incubation Grazing,stop,L3,"",40.353183,-70.8989,"",NESLTER
en608,57,2018-02-02T13:57:44Z,CTD911,deploy,L7,13,40.220617,-70.876033,downcast only - no bottles fired - lost communication with CTD while at bottom,NESLTER
en608,58,2018-02-02T15:15:14Z,CTD911,deploy,L7,14,40.214783,-70.894133,wind 30-35 kt and wave height 10-12 ft,NESLTER
en608,59,2018-02-02T18:57:00Z,CTD911,deploy,L8,15,40.126683,-70.7967,"",NESLTER
en608,60,2018-02-02T20:44:43Z,Incubation Grazing,start,L8,15,40.1083,-70.852017,"",NESLTER
en608,61,2018-02-02T21:14:14Z,Incubation Grazing,stop,L4,"",40.11105,-70.867817,"",NESLTER
en608,62,2018-02-03T00:22:06Z,CTD911,deploy,u9,16,40.09675,-70.6638,"",NESLTER
en608,63,2018-02-03T08:18:28Z,Underway Science seawater,DO discrete,"","",40.032683,-70.88565,note this sampling is in triplicate - needs manual time adjustment,NESLTER
en608,64,2018-02-03T09:34:58Z,Underway Science seawater,TOI discrete,"","",39.938,-70.878,TOI 591 manually adjusted time,NESLTER
en608,65,2018-02-03T12:42:21Z,CTD911,deploy,u11,17,39.772367,-70.67345,"",NESLTER
en608,66,2018-02-03T15:46:15Z,CTD911,deploy,d11,18,39.771533,-71.1018,"",NESLTER
en608,67,2018-02-03T17:41:49Z,CTD911,deploy,L11,19,39.769483,-70.885467,"",NESLTER
en608,84,2018-02-03T17:51:59Z,Other,start,L11,19,39.7676,-70.886633,HydroColor - time entered manually,NESLTER
en608,68,2018-02-03T18:34:36Z,Bongo Net,deploy,L11,B19,39.759567,-70.890183,"",NESLTER
en608,69,2018-02-03T19:29:59Z,Other,other,L11,"",39.772033,-70.87645,recovery of OOI Pioneer glider at 14:30 local,NESLTER
en608,70,2018-02-03T20:22:44Z,Incubation Grazing,start,L11,19,39.881883,-70.812683,incubations for multiple depths in addition to surface,NESLTER
en608,71,2018-02-03T21:04:41Z,Incubation Grazing,stop,L8,15,39.930517,-70.768017,"",NESLTER
en608,72,2018-02-03T21:05:15Z,CTD911,deploy,L12,20,39.930383,-70.76805,"",NESLTER
en608,73,2018-02-03T22:39:26Z,CTD911,deploy,L10,21,39.93235,-70.88805,"",NESLTER
en608,74,2018-02-03T23:44:59Z,Bongo Net,deploy,L10,B21,39.9161,-70.8868,Edited time to be 7 min earlier than when event entered,NESLTER
en608,75,2018-02-04T02:40:00Z,Bongo Net,deploy,L9,B22,40.0928,-70.868117,Logged 10 min after start. Changed time to reflect this.,NESLTER
en608,76,2018-02-04T03:12:59Z,CTD911,deploy,L9,22,40.085967,-70.857417,logged 2 hrs after cast; manually entered correct time; cast after bongo to give water folks more time.,NESLTER
en608,77,2018-02-04T05:49:29Z,Bongo Net,deploy,L7,B23,40.220033,-70.865817,"",NESLTER
en608,78,2018-02-04T06:18:18Z,CTD911,deploy,L7,23,40.208983,-70.863117,"",NESLTER
en608,79,2018-02-04T08:34:01Z,CTD911,deploy,L13,24,40.356483,-70.764717,"",NESLTER
en608,80,2018-02-04T10:50:31Z,CTD911,deploy,L5,25,40.528883,-70.88435,"",NESLTER
en608,81,2018-02-04T12:34:11Z,CTD911,deploy,L4,26,40.696167,-70.881883,"",NESLTER
en608,82,2018-02-04T12:52:10Z,Other,end,L4,26,40.692267,-70.880167,HydroColor,NESLTER
en608,85,2018-02-04T14:08:37Z,CTD911,deploy,L3,27,40.862717,-70.883217,"",NESLTER
en608,86,2018-02-04T14:36:28Z,Sand Lance Rake,deploy,L3,27,40.858717,-70.880533,10 minute drag on bottom (125 m wire out) at 1.5 kt,NESLTER
en608,87,2018-02-04T16:18:13Z,Underway Science seawater,other,"","",40.988383,-70.880117,Alexa Sterling biomass filtering Sea Grant project,NESLTER
en608,88,2018-02-04T17:00:23Z,Underway Science seawater,other,"","",41.030467,-70.88075,Alexa Sterling SeaGrant project - diatom isolations,NESLTER
en608,89,2018-02-04T17:54:13Z,Underway Science seawater,IFCB discrete,"",UW3,41.030267,-70.8833,IFCB109 impeller pump,NESLTER
en608,90,2018-02-04T18:18:11Z,Underway Science seawater,start,"","",41.02985,-70.882117,discrete Chl a,NESLTER
en608,91,2018-02-04T18:18:49Z,CTD911,deploy,L2,28,41.029833,-70.881967,"",NESLTER
en608,92,2018-02-04T18:51:42Z,Sand Lance Rake,deploy,L2,R28,41.0242,-70.878033,"",NESLTER
en608,93,2018-02-04T19:37:06Z,Underway Science seawater,start,"","",41.04365,-70.881867,discrete Chl a,NESLTER
en608,94,2018-02-04T19:52:33Z,Underway Science seawater,IFCB discrete,"",UW4,41.080967,-70.882033,IFCB109 discrete impeller pump for comparison,NESLTER
en608,95,2018-02-04T20:04:44Z,Incubation Grazing,stop,L11,19,41.11035,-70.881883,"",NESLTER
en608,96,2018-02-04T20:51:03Z,CTD911,deploy,L1,29,41.1975,-70.88275,"",NESLTER
en608,97,2018-02-04T23:14:37Z,Underway Science seawater,start,"","",41.318683,-70.671717,discrete Chl a,NESLTER
en608,98,2018-02-05T00:01:00Z,CTD911,deploy,MVCO,30,41.322283,-70.576967,"",NESLTER
en608,99,2018-02-05T00:24:59Z,Bongo Net,deploy,MVCO,B30,41.320017,-70.5716,time adjusted manually; is exact time of deployment,NESLTER
en608,100,2018-02-05T04:29:16Z,Underway Science seawater,IFCB discrete,"",UW5,41.190533,-70.894467,IFCB109 diaphragm pump,NESLTER
en608,101,2018-02-05T13:31:04Z,ADCP300,stop,"","",41.491967,-71.40995,"",NESLTER
en608,102,2018-02-05T13:31:32Z,ADCP75,stop,"","",41.493167,-71.410417,"",NESLTER
en608,103,2018-02-05T13:32:14Z,UHDAS,stop,"","",41.4949,-71.411133,"",NESLTER
en608,104,2018-02-05T13:35:45Z,Attune Flow Cytometer,stop,"","",41.503383,-71.41165,"",NESLTER
en608,105,2018-02-05T13:36:16Z,IFCB continuous,stop,"","",41.5046,-71.411117,"",NESLTER
en608,106,2018-02-05T13:37:41Z,EIMS,other,"","",41.507933,-71.40925,switched to air will run air for 30 min,NESLTER
en608,107,2018-02-05T13:38:24Z,Underway Science seawater,stop,"","",41.509533,-71.408117,"",NESLTER
en608,108,2018-02-05T13:39:13Z,Thermosalinographs on underway impeller,end,"","",41.511417,-71.406383,model SBE21 and fluorometers also stopped with TSal45 on underway science seawater,NESLTER
en608,109,2018-02-05T13:41:47Z,Fluorometer,stop,"","",41.516617,-71.40145,two fluorometers on underway science seawater,NESLTER
en608,110,2018-02-05T13:50:58Z,IFCB continuous,stop,"","",41.537,-71.396067,"",NESLTER
en608,111,2018-02-05T14:05:58Z,EIMS,stop,"","",41.567533,-71.3914,EIMS last H2O measurement 13:34 - EIMS shutdown 14:06,NESLTER
en608,112,2018-02-05T14:41:31Z,Echosounder12,stop,"","",41.586733,-71.411117,"",NESLTER
en608,113,2018-02-05T14:42:08Z,MeteorologicalSensor,stop,"","",41.58675,-71.411117,met sensors will keep running until after end cruise,NESLTER
en608,114,2018-02-05T14:42:33Z,CPICS,offCTD,"","",41.586767,-71.411117,"",NESLTER
en608,115,2018-02-05T14:42:53Z,Ship,endCruise,"","",41.586767,-71.411117,"",NESLTER
ar28a,1,2018-03-23T16:29:59Z,Ship,other,"","",41.524001,-70.672286,safety briefing,OOI Pioneer
ar28a,2,2018-03-23T19:59:44Z,Ship,startCruise,"","",41.524009,-70.672289,depart WHOI dock,OOI Pioneer
ar28a,3,2018-03-23T21:03:59Z,IFCB continuous,start,"","",41.47143,-70.714679,start acquisition on IFCB 127,OOI Pioneer
ar28a,4,2018-03-23T21:55:02Z,UHDAS,start,"","",41.374711,-70.900802,300 and 150 adcps turned on - late entry,OOI Pioneer
ar28a,5,2018-03-23T21:55:45Z,Knudsen 3260,start,"","",41.373204,-70.903148,12kHz turned on after sailing - late entry,OOI Pioneer
ar28a,6,2018-03-23T21:58:18Z,WaMoS II,start,"","",41.367322,-70.910827,x-band radar put in short pulse mode - recording started,OOI Pioneer
ar28a,7,2018-03-23T23:29:59Z,EK80 broadband,start,"","",41.116288,-70.894615,overnight EK80 during transit to ISSM,OOI Pioneer
ar28a,8,2018-03-24T01:05:17Z,EK80 broadband,other,"","",40.856499,-70.888715,bridge doppler and fathometer secured during transit,OOI Pioneer
ar28a,9,2018-03-24T04:24:59Z,EK80 broadband,other,"","",40.362481,-70.882489,5 min of passive mode at ISSM-7,OOI Pioneer
ar28a,10,2018-03-24T09:43:42Z,EK80 broadband,other,"","",39.929741,-70.876621,5 min of passive mode at OSSM-7,OOI Pioneer
ar28a,11,2018-03-24T09:47:59Z,EK80 broadband,stop,"","",39.929821,-70.876398,End over night transit at OSSM-7,OOI Pioneer
ar28a,17,2018-03-24T15:34:59Z,CTD911,deploy,CP04OSSM,001,39.939971,-70.883339,CTD cast at CP04OSSM site center,OOI Pioneer
ar28a,18,2018-03-24T15:50:29Z,CTD911,maxDepth,CP040SSM,001,39.939981,-70.883349,Max depth 438 m,OOI Pioneer
ar28a,19,2018-03-24T16:06:14Z,CTD911,recover,CP04OSSM,001,39.939971,-70.88334,Samples @ 439 221 77 7 m,OOI Pioneer
ar28a,27,2018-03-24T22:33:26Z,CTD911,deploy,CP01CNSM,002,40.136239,-70.774369,CTD cast at CP01CNSM site center,OOI Pioneer
ar28a,28,2018-03-24T22:40:59Z,CTD911,maxDepth,CP01CNSM,002,40.136237,-70.774357,Max depth 128 m,OOI Pioneer
ar28a,29,2018-03-24T22:52:14Z,CTD911,recover,CP01CNSM,002,40.136238,-70.774366,Samples @ 128 87 42 7 m,OOI Pioneer
ar28a,118,2018-03-24T23:00:15Z,Other,start,CP03ISSM,"",40.136392,-70.774001,start overnight MET comparison at CP03ISSM,OOI Pioneer
ar28a,37,2018-03-25T15:58:59Z,CTD911,deploy,CP03ISSM,003,40.363446,-70.887282,CTD cast at CP03ISSM site center,OOI Pioneer
ar28a,38,2018-03-25T16:04:29Z,CTD911,maxDepth,CP03ISSM,003,40.363438,-70.887291,Max depth 88 m,OOI Pioneer
ar28a,39,2018-03-25T16:15:14Z,CTD911,recover,CP03ISSM,003,40.363342,-70.887214,Samples @ 88 42 22 7 m,OOI Pioneer
ar28a,42,2018-03-25T19:44:59Z,EK80 broadband,start,CP03ISSM-00008,"",40.365137,-70.881673,Start EK-80 time series at ISSM-8 (started w/ 5 minutes of passive data),OOI Pioneer
ar28a,43,2018-03-25T21:45:14Z,EK80 broadband,stop,CP03ISSM-00008,"",40.363723,-70.87948,End of EK-80 time series at ISSM-8 (ended with 5 min passive data),OOI Pioneer
ar28a,44,2018-03-26T00:34:14Z,EK80 broadband,start,CP01CNSM-00008,"",40.126824,-70.775604,Start EK-80 time series at CNSM-8 (started w/ 5 minutes of passive data),OOI Pioneer
ar28a,45,2018-03-26T02:34:44Z,EK80 broadband,stop,CP01CNSM-00008,"",40.128117,-70.777927,End of EK-80 time series at CNSM-8 (ended with 5 min passive data),OOI Pioneer
ar28a,46,2018-03-26T04:30:44Z,Other,start,CP01CNSM,"",40.129426,-70.780156,Start MET comparison at CNSM,OOI Pioneer
ar28a,47,2018-03-26T10:55:59Z,Other,start,CP03ISSM,"",40.363506,-70.879102,Start MET comparison at ISSM,OOI Pioneer
ar28a,48,2018-03-26T16:47:14Z,Ship,other,"","",40.364075,-70.880489,Departed Pioneer Array for Menemsha Bight due to weather conditions,OOI Pioneer
ar28a,54,2018-03-27T14:48:14Z,IFCB continuous,stop,"","",41.373031,-70.786807,Stopped IFCB 127; underway system shut down while in Menemsha bight,OOI Pioneer
ar28a,49,2018-03-28T02:39:59Z,Ship,other,"","",41.375705,-70.824041,Departed Menemsha Bight to return to Pioneer Array,OOI Pioneer
ar28a,51,2018-03-28T10:54:20Z,EK80 broadband,start,CP01CNSM,"",40.137397,-70.776294,Start EK-80 time series at CN center (started w/ 5 minutes of passive data),OOI Pioneer
ar28a,52,2018-03-28T12:52:59Z,EK80 broadband,stop,CP01CNSM,"",40.137107,-70.775983,End of EK-80 time series at CNSM (ended with 5 min passive data),OOI Pioneer
ar28a,53,2018-03-28T14:35:59Z,EK80 broadband,start,CP03ISSM,"",40.362302,-70.884045,Start EK-80 time series at IS center (started w/ 5 minutes of passive data),OOI Pioneer
ar28a,55,2018-03-28T14:40:29Z,IFCB continuous,start,CP03ISSM,"",40.362447,-70.884021,Started IFCB 127,OOI Pioneer
ar28a,56,2018-03-28T16:29:59Z,EK80 broadband,stop,CP03ISSM,"",40.362486,-70.883978,End EK-80 at CP03ISSM site center (ended w 5 minutes passive data),OOI Pioneer
ar28a,62,2018-03-28T20:56:00Z,IFCB continuous,stop,"","",40.357486,-70.88731,IFCB 127 shut off,OOI Pioneer
ar28a,63,2018-03-28T22:28:54Z,IFCB continuous,start,"","",40.150463,-70.876056,Started IFCB 127,OOI Pioneer
ar28a,64,2018-03-28T23:54:29Z,EK80 broadband,start,CP040SSM,"",39.94359,-70.884401,Start EK-80 time series at Offshore site center (started with 5 minutes passive time),OOI Pioneer
ar28a,65,2018-03-29T01:59:44Z,EK80 broadband,stop,CP04OSSM-00006,"",39.94395,-70.884493,End of EK-80 time series at OSSM (ended with 5 min passive data),OOI Pioneer
ar28a,66,2018-03-29T02:01:59Z,Other,start,CP04OSSM,"",39.943958,-70.884479,Start MET comparison at OSSM,OOI Pioneer
ar28a,86,2018-03-30T11:49:59Z,EK80 broadband,start,UI,"",40.363565,-70.772435,starting K-sync EK-80 OS150 survey (UI to UO),OOI Pioneer
ar28a,87,2018-03-30T15:29:59Z,EK80 broadband,stop,UO,"",39.957142,-70.773502,end of K-sync EK-80 survey (UI to UO),OOI Pioneer
ar28a,89,2018-03-30T18:30:59Z,IFCB continuous,stop,"","",39.915696,-70.895372,Stopped IFCB 127; seawater from underway system needed to test AUV,OOI Pioneer
ar28a,90,2018-03-30T18:57:59Z,IFCB continuous,start,"","",39.916051,-70.895665,Started IFCB 127,OOI Pioneer
ar28a,97,2018-03-31T14:11:59Z,CTD911,deploy,AC-4,004,39.922193,-70.75607,cross-shelf survey at AC-4 - nitrate samples only,OOI Pioneer
ar28a,98,2018-03-31T14:27:14Z,CTD911,maxDepth,AC-4,004,39.922192,-70.756076,max depth 468 m,OOI Pioneer
ar28a,99,2018-03-31T14:47:59Z,CTD911,recover,AC-4,004,39.922195,-70.756079,Samples at 102 78 52 32 18 2,OOI Pioneer
ar28a,100,2018-03-31T15:00:14Z,EK80 broadband,start,AC4 (aka AUV AC2),"",39.922214,-70.756083,started k-sync EK-80/OS150 ADCP survey,OOI Pioneer
ar28a,101,2018-03-31T18:22:14Z,EK80 broadband,stop,AC3,"",40.332437,-70.755548,end of k-sync EK-80/OS150 ADCP survey (finished with 5 minutes passive time),OOI Pioneer
ar28a,103,2018-03-31T20:51:34Z,CTD911,deploy,CS-1,005,40.293169,-70.775033,Cross-shelf survey - no samples taken,OOI Pioneer
ar28a,104,2018-03-31T20:57:59Z,CTD911,maxDepth,CS-1,005,40.292911,-70.774604,Max depth 109 m,OOI Pioneer
ar28a,105,2018-03-31T21:06:10Z,CTD911,recover,CS-1,005,40.292579,-70.774194,no samples collected,OOI Pioneer
ar28a,106,2018-03-31T21:47:44Z,CTD911,deploy,CS-2,006,40.220067,-70.774774,cross-shelf survey - no samples taken,OOI Pioneer
ar28a,107,2018-03-31T21:54:44Z,CTD911,maxDepth,CS-2,006,40.220058,-70.774781,Max depth 120 m,OOI Pioneer
ar28a,108,2018-03-31T22:03:14Z,CTD911,recover,CS-2,006,40.220063,-70.774787,no samples collected,OOI Pioneer
ar28a,109,2018-03-31T22:46:13Z,CTD911,deploy,CN,007,40.137946,-70.777016,Cross-shelf survey - no samples taken,OOI Pioneer
ar28a,110,2018-03-31T22:53:29Z,CTD911,maxDepth,CN,007,40.137937,-70.776992,Max depth,OOI Pioneer
ar28a,111,2018-03-31T23:01:08Z,CTD911,recover,CN,007,40.137947,-70.776979,no samples collected,OOI Pioneer
ar28a,112,2018-03-31T23:38:16Z,CTD911,deploy,CS-3,008,40.072819,-70.774307,Cross-shelf survey - no samples taken,OOI Pioneer
ar28a,113,2018-03-31T23:45:29Z,CTD911,maxDepth,CS-3,008,40.07281,-70.774303,max depth 137 m,OOI Pioneer
ar28a,114,2018-03-31T23:53:22Z,CTD911,recover,CS-3,008,40.072811,-70.774297,no samples collected,OOI Pioneer
ar28a,115,2018-04-01T00:31:44Z,CTD911,deploy,CS-4,009,40.007208,-70.77542,Cross-shelf survey - no samples taken,OOI Pioneer
ar28a,116,2018-04-01T00:42:29Z,CTD911,maxDepth,CS-4,009,40.007193,-70.775437,max depth 263 m,OOI Pioneer
ar28a,117,2018-04-01T00:52:51Z,CTD911,recover,CS-4,009,40.007193,-70.775428,no samples collected,OOI Pioneer
ar28a,119,2018-04-01T12:51:44Z,IFCB continuous,stop,"","",41.469803,-70.740975,Stopped IFCB 127 (end of Leg 1),OOI Pioneer
ar28a,120,2018-04-01T16:07:21Z,Ship,endCruise,"","",41.523958,-70.672339,Arrive at WHOI dock,OOI Pioneer
ar28b,1,2018-04-03T17:29:15Z,Ship,startCruise,"","",41.523286,-70.672864,depart WHOI dock,OOI Pioneer
ar28b,2,2018-04-03T17:44:25Z,Knudsen 3260,start,"","",41.491885,-70.669883,Turned on Knudsen,OOI Pioneer
ar28b,3,2018-04-03T17:45:24Z,ADCP150,start,"","",41.490034,-70.672632,Started ADCP150,OOI Pioneer
ar28b,4,2018-04-03T17:47:05Z,ADCP300,start,"","",41.487475,-70.678108,Started ADCP300,OOI Pioneer
ar28b,5,2018-04-03T17:48:36Z,Underway Science seawater,start,"","",41.48511,-70.683143,"",OOI Pioneer
ar28b,6,2018-04-03T17:52:44Z,IFCB continuous,start,"","",41.478694,-70.697084,"",OOI Pioneer
ar28b,7,2018-04-03T17:53:21Z,CPICSunderway,start,"","",41.477739,-70.699183,"",OOI Pioneer
ar28b,8,2018-04-03T17:53:53Z,CPICS,onCTD,"","",41.476901,-70.700996,"",OOI Pioneer
ar28b,9,2018-04-03T17:54:16Z,DAVPR,onCTD,"","",41.4763,-70.702306,"",OOI Pioneer
ar28b,10,2018-04-03T17:58:36Z,EIMS,start,"","",41.469082,-70.716914,"",OOI Pioneer
ar28b,12,2018-04-03T18:01:02Z,Underway Science seawater,IFCB discrete,"",UW1,41.464947,-70.725408,"",OOI Pioneer
ar28b,11,2018-04-03T18:20:14Z,Attune Flow Cytometer,start,"","",41.43154,-70.792714,"",OOI Pioneer
ar28b,14,2018-04-03T20:25:32Z,CTD911,deploy,LTER1,001,41.196833,-70.88333,LTER1,OOI Pioneer
ar28b,13,2018-04-03T20:36:02Z,Underway Science seawater,TOI discrete,"","",41.196789,-70.883336,"",OOI Pioneer
ar28b,201,2018-04-03T20:37:00Z,Underway Science seawater,TOI discrete,"","",41.196799,-70.883344,"",OOI Pioneer
ar28b,20,2018-04-03T20:59:47Z,Ring Net,deploy,LTER1,R1,41.183741,-70.882848,cast depth 17m,OOI Pioneer
ar28b,15,2018-04-03T22:12:32Z,CTD911,deploy,LTER2,002,41.031341,-70.883156,LTER2,OOI Pioneer
ar28b,21,2018-04-03T22:25:02Z,Ring Net,deploy,LTER2,R2,41.031341,-70.883144,cast depth 40m cod end broke free,OOI Pioneer
ar28b,16,2018-04-04T00:05:02Z,CTD911,deploy,LTER3,003,40.863822,-70.884875,LTER3,OOI Pioneer
ar28b,22,2018-04-04T00:25:02Z,Ring Net,deploy,LTER3,R3,40.863824,-70.884858,cast depth 50m?,OOI Pioneer
ar28b,17,2018-04-04T01:59:02Z,CTD911,deploy,LTER4,004,40.697213,-70.883518,LTER4,OOI Pioneer
ar28b,23,2018-04-04T02:19:02Z,Ring Net,deploy,LTER4,R4,40.697208,-70.883486,cast depth 62m,OOI Pioneer
ar28b,18,2018-04-04T04:05:17Z,CTD911,deploy,LTER5,005,40.529568,-70.882669,LTER5,OOI Pioneer
ar28b,24,2018-04-04T04:30:02Z,Ring Net,deploy,LTER5,R5,40.529333,-70.881313,cast depth 72m,OOI Pioneer
ar28b,19,2018-04-04T19:27:02Z,Underway Science seawater,IFCB discrete,"",UW2,41.367945,-70.783104,"",OOI Pioneer
ar28b,202,2018-04-04T22:59:00Z,Underway Science seawater,TOI discrete,"","",41.367931,-70.7831,"",OOI Pioneer
ar28b,43,2018-04-05T14:49:15Z,Other,other,"","",40.364913,-70.768859,Incident with crane and PMCI buoy,OOI Pioneer
ar28b,31,2018-04-05T19:26:02Z,CTD911,deploy,CP02PMUI,006,40.365334,-70.77471,CTD cast at CP02PMUI site center (LTER13),OOI Pioneer
ar28b,32,2018-04-05T19:32:32Z,CTD911,maxDepth,CP02PMUI,006,40.365268,-70.774753,max depth 88 m,OOI Pioneer
ar28b,33,2018-04-05T19:49:47Z,CTD911,recover,CP02PMUI,006,40.364862,-70.774788,samples at 88 68 47 10 4 m,OOI Pioneer
ar28b,36,2018-04-05T22:35:02Z,CTD911,deploy,A7,007,40.335509,-70.829325,SFD survey line; surface water collected for Taylor,OOI Pioneer
ar28b,203,2018-04-05T22:37:02Z,Underway Science seawater,TOI discrete,"","",40.335509,-70.829273,"",OOI Pioneer
ar28b,37,2018-04-05T23:24:02Z,CTD911,deploy,A8,008,40.269793,-70.829159,SFD survey line; no water collected,OOI Pioneer
ar28b,38,2018-04-06T00:18:47Z,CTD911,deploy,A9,009,40.204001,-70.829768,SFD survey line; no water collected,OOI Pioneer
ar28b,39,2018-04-06T11:56:53Z,Underway Science seawater,stop,"","",41.487094,-70.681527,shut off,OOI Pioneer
ar28b,40,2018-04-06T11:57:27Z,IFCB continuous,stop,"","",41.487272,-70.6811,IFCB 127 shut off,OOI Pioneer
ar28b,41,2018-04-06T11:57:55Z,EIMS,stop,"","",41.487427,-70.680717,EIMS shut off,OOI Pioneer
ar28b,42,2018-04-06T11:58:46Z,Attune Flow Cytometer,stop,"","",41.487739,-70.679964,Attune shut off,OOI Pioneer
ar28b,44,2018-04-06T12:07:07Z,ADCP150,stop,"","",41.491689,-70.671459,stopped ADCP150,OOI Pioneer
ar28b,45,2018-04-06T12:07:41Z,ADCP300,stop,"","",41.491986,-70.671486,shut down ADCP300,OOI Pioneer
ar28b,46,2018-04-06T12:48:20Z,Ship,other,"","",41.524014,-70.672282,Arrive at WHOI dock for crane repairs,OOI Pioneer
ar28b,47,2018-04-06T12:53:44Z,Knudsen 3260,stop,"","",41.524014,-70.67228,secured echosounder at dock AMS (sssg),OOI Pioneer
ar28b,53,2018-04-07T12:00:00Z,Underway Science seawater,other,"","",NaN,NaN,install debbbler on main lab tap,OOI Pioneer
ar28b,48,2018-04-08T21:49:36Z,Ship,other,"","",41.523751,-70.672533,leave WHOI dock after crane repair,OOI Pioneer
ar28b,49,2018-04-08T21:57:45Z,Knudsen 3260,start,"","",41.517381,-70.672068,Turned on Knudsen,OOI Pioneer
ar28b,50,2018-04-08T22:03:02Z,ADCP150,start,"","",41.503491,-70.667659,Started ADCP150,OOI Pioneer
ar28b,51,2018-04-08T22:03:28Z,ADCP300,start,"","",41.502185,-70.667806,Started ADCP300,OOI Pioneer
ar28b,52,2018-04-08T22:05:02Z,Underway Science seawater,start,"","",41.497224,-70.668558,SSSGs added chlorine tablet on start-up,OOI Pioneer
ar28b,54,2018-04-09T00:43:53Z,Underway Science seawater,service,"","",41.123582,-70.896922,remove chlorine tablet from strainer; tighten fitting on back deck going into main lab,OOI Pioneer
ar28b,55,2018-04-09T00:51:17Z,Underway Science seawater,other,"","",41.103348,-70.896225,underway SBE45 and fluorometer valves open - data now good.,OOI Pioneer
ar28b,57,2018-04-09T02:10:00Z,Attune Flow Cytometer,start,"","",40.889492,-70.892055,"",OOI Pioneer
ar28b,58,2018-04-09T02:27:00Z,IFCB continuous,start,"","",40.843334,-70.892087,"",OOI Pioneer
ar28b,56,2018-04-09T02:51:10Z,EIMS,start,"","",40.776855,-70.891844,"",OOI Pioneer
ar28b,59,2018-04-09T03:15:57Z,CPICSunderway,start,"","",40.702067,-70.892067,adjusting the flowcell placement,OOI Pioneer
ar28b,69,2018-04-09T14:41:17Z,CTD911,deploy,CP04OSPM,010,39.940265,-70.882254,CTD cast at CP04OSPM site center (LTER10),OOI Pioneer
ar28b,70,2018-04-09T15:03:32Z,CTD911,maxDepth,CP04OSPM,010,39.940253,-70.882225,Max depth 442 m,OOI Pioneer
ar28b,205,2018-04-09T15:24:02Z,Underway Science seawater,other,"","",39.940252,-70.882208,Dissolved O2 discrete,OOI Pioneer
ar28b,71,2018-04-09T15:24:17Z,CTD911,recover,CP04OSPM,010,39.940252,-70.882203,samples collected at 442 271 27 1 m,OOI Pioneer
ar28b,206,2018-04-09T15:25:02Z,Underway Science seawater,other,"","",39.940268,-70.882236,Dissolved O2 discrete,OOI Pioneer
ar28b,207,2018-04-09T15:27:02Z,Underway Science seawater,other,"","",39.940266,-70.882238,Dissolved O2 discrete,OOI Pioneer
ar28b,204,2018-04-09T15:29:02Z,Underway Science seawater,TOI discrete,"","",39.940274,-70.882218,"",OOI Pioneer
ar28b,229,2018-04-09T15:45:00Z,Ring Net,deploy,LTER10,R10,39.940265,-70.882248,cast depth 438m,OOI Pioneer
ar28b,73,2018-04-09T17:49:00Z,IFCB continuous,stop,"","",39.940324,-70.886614,Fix leak at elbow below underway SW debubbler,OOI Pioneer
ar28b,74,2018-04-09T17:49:31Z,Attune Flow Cytometer,stop,"","",39.940303,-70.886656,Fix leak at elbow below underway SW debubbler,OOI Pioneer
ar28b,80,2018-04-09T18:52:42Z,CPICSunderway,stop,"","",39.934735,-70.881105,fixinf leak on underway debubbler,OOI Pioneer
ar28b,82,2018-04-09T19:29:40Z,IFCB continuous,start,"","",39.934292,-70.880888,"",OOI Pioneer
ar28b,83,2018-04-09T19:30:04Z,Attune Flow Cytometer,start,"","",39.934261,-70.880903,"",OOI Pioneer
ar28b,84,2018-04-09T20:28:42Z,CPICSunderway,start,"","",39.933089,-70.761191,"",OOI Pioneer
ar28b,85,2018-04-09T21:57:35Z,Attune Flow Cytometer,stop,"","",39.943118,-70.764758,fix leak on underway debubbler,OOI Pioneer
ar28b,86,2018-04-09T21:58:07Z,IFCB continuous,stop,"","",39.943117,-70.764757,fix leak on underway debubbler,OOI Pioneer
ar28b,87,2018-04-09T22:46:42Z,CPICSunderway,stop,"","",39.942569,-70.770746,fixing leak on underway debubbler,OOI Pioneer
ar28b,92,2018-04-09T23:18:50Z,CPICSunderway,start,"","",39.941854,-70.778433,"",OOI Pioneer
ar28b,93,2018-04-09T23:26:46Z,IFCB continuous,start,"","",39.9417,-70.779999,"",OOI Pioneer
ar28b,94,2018-04-09T23:27:06Z,Attune Flow Cytometer,start,"","",39.941695,-70.78007,"",OOI Pioneer
ar28b,96,2018-04-09T23:59:02Z,CTD911,deploy,CP02PMUO,011,39.940586,-70.774539,CTD cast at CP02PMUO site center (LTER12),OOI Pioneer
ar28b,97,2018-04-10T00:14:32Z,CTD911,maxDepth,CP02PMUO,011,39.940589,-70.774533,max depth 444 m,OOI Pioneer
ar28b,208,2018-04-10T00:29:02Z,Underway Science seawater,TOI discrete,"","",39.940594,-70.774537,"",OOI Pioneer
ar28b,98,2018-04-10T00:32:46Z,CTD911,recover,CP02PMUO,011,39.940594,-70.774534,samples collected at 444 260 19 3 m,OOI Pioneer
ar28b,113,2018-04-10T01:56:00Z,CTD911,deploy,LTER11,012,39.773464,-70.883954,LTER11,OOI Pioneer
ar28b,230,2018-04-10T02:55:02Z,Ring Net,deploy,LTER11,R12,39.773457,-70.883951,cast depth 200m - salp central,OOI Pioneer
ar28b,99,2018-04-10T04:15:02Z,CTD911,deploy,A15,013,39.816822,-70.828807,SFD survey line; no water collected,OOI Pioneer
ar28b,100,2018-04-10T05:45:02Z,CTD911,deploy,A13,014,39.945557,-70.829092,SFD survey line; no water collected; skipped A14 due to crab/fisherman there,OOI Pioneer
ar28b,101,2018-04-10T06:51:02Z,CTD911,deploy,A12,015,40.01052,-70.831547,SFD survey line; no water collected; VPR battery died,OOI Pioneer
ar28b,102,2018-04-10T07:48:02Z,CTD911,deploy,A11,016,40.075209,-70.82961,SFD survey line; no water collected; no VPR-battery died,OOI Pioneer
ar28b,111,2018-04-10T15:10:17Z,Underway Science seawater,IFCB discrete,CPM,UW3,40.100932,-70.886758,IFCB109 discrete diaphragm,OOI Pioneer
ar28b,112,2018-04-10T16:39:40Z,IFCB continuous,other,PMCO,B1,40.087172,-70.89217,IFCB109 discrete bucket,OOI Pioneer
ar28b,119,2018-04-10T18:18:47Z,CTD911,deploy,CP02PMCO,017,40.096029,-70.885245,CTD cast at CP02PMCO site center (LTER9),OOI Pioneer
ar28b,120,2018-04-10T18:25:32Z,CTD911,maxDepth,CP02PMCO,017,40.096026,-70.88525,Max depth 141 m,OOI Pioneer
ar28b,209,2018-04-10T18:38:02Z,Underway Science seawater,other,"","",40.096028,-70.885252,Dissolved O2 discrete,OOI Pioneer
ar28b,210,2018-04-10T18:39:02Z,Underway Science seawater,other,"","",40.096029,-70.885254,Dissolved O2 discrete,OOI Pioneer
ar28b,211,2018-04-10T18:40:02Z,Underway Science seawater,other,"","",40.096029,-70.885254,"",OOI Pioneer
ar28b,121,2018-04-10T18:40:41Z,CTD911,recover,CP02PMCO,017,40.096026,-70.885247,samples collected at 141 79 34 3 m,OOI Pioneer
ar28b,212,2018-04-10T18:44:02Z,Underway Science seawater,other,"","",40.096027,-70.885256,DIC Discrete,OOI Pioneer
ar28b,213,2018-04-10T18:46:02Z,Underway Science seawater,other,"","",40.096022,-70.885252,DIC Discrete,OOI Pioneer
ar28b,231,2018-04-10T18:55:02Z,Ring Net,deploy,LTER9,R17,40.096026,-70.885247,cast depth 145m,OOI Pioneer
ar28b,133,2018-04-11T00:14:02Z,CTD911,deploy,A11,018,40.075843,-70.830232,SFD survey line; water collected at 5 m for Taylor,OOI Pioneer
ar28b,214,2018-04-11T00:22:02Z,Underway Science seawater,TOI discrete,"","",40.075848,-70.830225,"",OOI Pioneer
ar28b,134,2018-04-11T01:06:02Z,CTD911,deploy,A10,019,40.139766,-70.830853,SFD survey line; no water collected,OOI Pioneer
ar28b,135,2018-04-11T01:56:02Z,CTD911,deploy,A9,020,40.204998,-70.829516,SFD survey line; no water collected,OOI Pioneer
ar28b,136,2018-04-11T02:45:02Z,CTD911,deploy,A8,021,40.269747,-70.829816,SFD survey line; no water collected,OOI Pioneer
ar28b,137,2018-04-11T03:32:02Z,CTD911,deploy,A7,022,40.334671,-70.830756,SFD survey line; no water collected,OOI Pioneer
ar28b,138,2018-04-11T04:18:02Z,CTD911,deploy,A6,023,40.401493,-70.829773,SFD survey line; no water collected,OOI Pioneer
ar28b,139,2018-04-11T05:02:02Z,CTD911,deploy,A5,024,40.465558,-70.830783,SFD survey line; no water collected; very unusual fluorescence profile,OOI Pioneer
ar28b,140,2018-04-11T05:45:02Z,CTD911,deploy,A4,025,40.530244,-70.830738,SFD survey line; no water collected; very unusual fluorescence profile,OOI Pioneer
ar28b,141,2018-04-11T06:24:02Z,CTD911,deploy,A3,026,40.595548,-70.831043,SFD survey line; no water collected,OOI Pioneer
ar28b,147,2018-04-11T12:18:17Z,CTD911,deploy,CP02PMCI,027,40.226738,-70.883947,CTD cast at CP02PMCI site center (LTER7),OOI Pioneer
ar28b,148,2018-04-11T12:26:15Z,CTD911,maxDepth,CP02PMCI,027,40.226842,-70.88423,Max depth 119 m,OOI Pioneer
ar28b,215,2018-04-11T12:38:02Z,Underway Science seawater,TOI discrete,"","",40.226931,-70.884456,"",OOI Pioneer
ar28b,216,2018-04-11T12:39:02Z,Underway Science seawater,TOI discrete,"","",40.226935,-70.88449,"",OOI Pioneer
ar28b,149,2018-04-11T12:41:48Z,CTD911,recover,CP02PMCI,027,40.226972,-70.884573,Samples collected at 120 62 32 6 m,OOI Pioneer
ar28b,232,2018-04-11T12:56:02Z,Ring Net,deploy,LTER7,R27,40.227054,-70.884794,cast depth 120m,OOI Pioneer
ar28b,159,2018-04-11T17:57:02Z,CTD911,deploy,CP03ISPM,028,40.363749,-70.883329,CTD cast at CP03ISPM site center (LTER6),OOI Pioneer
ar28b,160,2018-04-11T18:03:41Z,CTD911,maxDepth,CP03ISPM,028,40.363981,-70.883334,Max depth 85 m,OOI Pioneer
ar28b,217,2018-04-11T18:11:02Z,Underway Science seawater,TOI discrete,"","",40.363976,-70.883334,"",OOI Pioneer
ar28b,218,2018-04-11T18:13:02Z,Underway Science seawater,TOI discrete,"","",40.363977,-70.883335,"",OOI Pioneer
ar28b,161,2018-04-11T18:16:24Z,CTD911,recover,CP03ISPM,028,40.363979,-70.883337,Samples collected at 85 42 24 5 m,OOI Pioneer
ar28b,233,2018-04-11T18:40:02Z,Ring Net,deploy,LTER6,R28,40.358958,-70.884477,cast depth 87m,OOI Pioneer
ar28b,219,2018-04-11T22:44:02Z,Underway Science seawater,TOI discrete,"","",40.364878,-70.775146,"",OOI Pioneer
ar28b,173,2018-04-12T00:47:02Z,CTD911,deploy,A7,029,40.335093,-70.830373,SFD survey line; no water collected,OOI Pioneer
ar28b,220,2018-04-12T00:57:02Z,Underway Science seawater,TOI discrete,"","",40.335102,-70.830361,"",OOI Pioneer
ar28b,174,2018-04-12T01:37:02Z,CTD911,deploy,A8,030,40.270415,-70.829271,SFD survey line; surface water collected for Taylor,OOI Pioneer
ar28b,175,2018-04-12T02:27:02Z,CTD911,deploy,A9,031,40.204646,-70.828618,SFD survey line; no water collected,OOI Pioneer
ar28b,176,2018-04-12T03:20:02Z,CTD911,deploy,A10,032,40.140467,-70.830359,SFD survey line; no water collected,OOI Pioneer
ar28b,177,2018-04-12T04:19:02Z,CTD911,deploy,A11,033,40.075348,-70.829958,SFD survey line; surface water collected for Taylor,OOI Pioneer
ar28b,178,2018-04-12T05:05:02Z,CTD911,deploy,A12,034,40.009286,-70.831197,SFD survey line; no water collected,OOI Pioneer
ar28b,179,2018-04-12T05:59:02Z,CTD911,deploy,A13,035,39.945387,-70.830128,SFD survey line; no water collected,OOI Pioneer
ar28b,180,2018-04-12T06:58:02Z,CTD911,deploy,A14,036,39.880458,-70.829674,SFD survey line; no water collected,OOI Pioneer
ar28b,182,2018-04-12T12:04:02Z,CTD911,deploy,CP01CNPM,037,40.136721,-70.775051,CTD cast at CP01CNPM site center (LTER8),OOI Pioneer
ar28b,183,2018-04-12T12:14:17Z,CTD911,maxDepth,CP01CNPM,037,40.136715,-70.775058,Max depth 127 m,OOI Pioneer
ar28b,223,2018-04-12T12:19:02Z,Underway Science seawater,other,"","",40.136717,-70.775046,DIC Discrete,OOI Pioneer
ar28b,224,2018-04-12T12:20:02Z,Underway Science seawater,other,"","",40.136716,-70.77505,DIC Discrete,OOI Pioneer
ar28b,221,2018-04-12T12:22:02Z,Underway Science seawater,TOI discrete,"","",40.136708,-70.775063,"",OOI Pioneer
ar28b,222,2018-04-12T12:24:02Z,Underway Science seawater,TOI discrete,"","",40.136721,-70.77505,"",OOI Pioneer
ar28b,184,2018-04-12T12:26:46Z,CTD911,recover,CP01CNPM,037,40.13672,-70.775049,Samples collected at 126 48 29 5 m,OOI Pioneer
ar28b,225,2018-04-12T12:27:02Z,Underway Science seawater,other,"","",40.136723,-70.775051,Dissolved O2 discrete,OOI Pioneer
ar28b,226,2018-04-12T12:28:02Z,Underway Science seawater,other,"","",40.136718,-70.775053,Dissolved O2 discrete,OOI Pioneer
ar28b,227,2018-04-12T12:29:02Z,Underway Science seawater,other,"","",40.136722,-70.775053,Dissolved O2 discrete,OOI Pioneer
ar28b,234,2018-04-12T12:40:02Z,Ring Net,deploy,LTER8,R37,40.136709,-70.775062,cast depth 129m,OOI Pioneer
ar28b,228,2018-04-12T23:53:00Z,Underway Science seawater,TOI discrete,"","",39.940375,-70.888628,"",OOI Pioneer
ar28b,200,2018-04-13T00:27:32Z,ADCP150,start,A13,"",39.95765,-70.828416,"",OOI Pioneer
ar28b,199,2018-04-13T00:27:32Z,EK80 broadband,start,A13,"",39.95765,-70.828416,EK-80/ADCP BB150 K-sync'ed survey at 7.5 kt ship speed (started with 5 min passive data),OOI Pioneer
ar28b,239,2018-04-13T06:01:02Z,EIMS,stop,"","",40.694967,-70.840322,"",OOI Pioneer
ar28b,235,2018-04-13T06:02:39Z,CPICSunderway,stop,"","",40.699646,-70.840574,"",OOI Pioneer
ar28b,236,2018-04-13T06:03:16Z,IFCB continuous,stop,"","",40.701454,-70.840677,"",OOI Pioneer
ar28b,237,2018-04-13T06:24:43Z,Underway Science seawater,other,"","",40.763171,-70.845101,Stop underway pCO2,OOI Pioneer
ar28b,238,2018-04-13T06:30:02Z,Underway Science seawater,other,"","",40.777978,-70.846102,chlorine tab put into SSW strainer for flushing,OOI Pioneer
ar28b,240,2018-04-13T12:23:43Z,Attune Flow Cytometer,stop,"","",41.477208,-70.724821,"",OOI Pioneer
ar28b,241,2018-04-13T12:24:47Z,Underway Science seawater,start,"","",41.477211,-70.724825,Chlorine tablet removed from strainer,OOI Pioneer
ar28b,242,2018-04-13T12:27:49Z,ADCP150,stop,"","",41.477212,-70.724819,shut down ADCP150,OOI Pioneer
ar28b,243,2018-04-13T13:14:35Z,Knudsen 3260,stop,"","",41.487497,-70.684717,shut down Knudsen,OOI Pioneer
ar28b,244,2018-04-13T13:55:15Z,Ship,endCruise,"","",41.523158,-70.672438,Arrive at WHOI dock,OOI Pioneer
en617,1,2018-07-18T18:01:27Z,Other,start,"","",41.4922,-71.418733,testing event logger,NESLTER
en617,2,2018-07-18T18:01:31Z,Other,start,"","",41.4922,-71.418733,testing event logger,NESLTER
en617,3,2018-07-18T18:10:43Z,Bongo Net,deploy,"",Test,41.4922,-71.418733,"",NESLTER
en617,4,2018-07-18T18:14:18Z,Attune Flow Cytometer,start,"",Test,41.492217,-71.41875,this is a test!,NESLTER
en617,1,2018-07-20T13:05:31Z,Ship,startCruise,"","",41.493007,-70.680232,"",NESLTER
en617,5,2018-07-20T13:57:21Z,Underway Science seawater diaphragm pump,start,"","",41.400917,-71.365217,"",NESLTER
en617,6,2018-07-20T14:00:51Z,Underway Science seawater impeller,start,"","",41.396167,-71.354383,"",NESLTER
en617,7,2018-07-20T14:02:25Z,Thermosalinographs on underway impeller,start,"","",41.39405,-71.349583,"",NESLTER
en617,8,2018-07-20T14:02:59Z,ADCP300,start,"","",41.393233,-71.347817,"",NESLTER
en617,9,2018-07-20T14:03:31Z,ADCP75,start,"","",41.392517,-71.346233,"",NESLTER
en617,10,2018-07-20T14:03:53Z,UHDAS for both ADCPs,start,"","",41.392017,-71.345033,"",NESLTER
en617,12,2018-07-20T14:05:47Z,Echosounder12,start,"","",41.389433,-71.339167,"",NESLTER
en617,13,2018-07-20T14:14:40Z,IFCB continuous,start,"","",41.375083,-71.313967,"",NESLTER
en617,17,2018-07-20T17:23:01Z,CTD911,deploy,L1,C01,41.20035,-70.885317,"",NESLTER
en617,14,2018-07-20T18:45:31Z,Bongo Net,deploy,L1,B01,41.203333,-70.887017,New Winch from EN608,NESLTER
en617,15,2018-07-20T18:55:01Z,Incubation Grazing,start,L1,C1,41.205083,-70.890717,"",NESLTER
en617,16,2018-07-20T19:35:01Z,Sand Lance Beam Trawl,deploy,L1,SLT1,41.193583,-70.888733,"",NESLTER
en617,18,2018-07-20T19:41:16Z,Sand Lance Beam Trawl,offBottom,L1,SLT1,41.190033,-70.88995,"",NESLTER
en617,19,2018-07-20T20:41:01Z,Van Veen Grab,deploy,L1.5,VV1,41.113483,-70.881,"",NESLTER
en617,20,2018-07-20T21:39:58Z,Van Veen Grab,deploy,L2,VV2,41.02985,-70.879833,"",NESLTER
en617,21,2018-07-20T22:14:54Z,Bongo Net,deploy,L2,B02,41.034783,-70.875367,"",NESLTER
en617,22,2018-07-20T22:55:46Z,CTD911,deploy,L2,C02,41.029883,-70.881283,"",NESLTER
en617,23,2018-07-21T01:15:01Z,CTD911,deploy,u2a,C03,41.030217,-70.7703,"",NESLTER
en617,24,2018-07-21T02:56:14Z,CTD911,deploy,d2a,C04,41.030833,-70.992033,"",NESLTER
en617,25,2018-07-21T05:44:01Z,Van Veen Grab,deploy,L2.5,VV2.5,40.9452,-70.880667,"",NESLTER
en617,26,2018-07-21T06:39:01Z,CTD911,deploy,L3,C05,40.863383,-70.882633,"",NESLTER
en617,27,2018-07-21T07:38:01Z,Bongo Net,deploy,L3,B05,40.86585,-70.882533,"",NESLTER
en617,28,2018-07-21T08:10:02Z,Incubation Grazing,start,L3,C5,40.8279,-70.884417,"",NESLTER
en617,29,2018-07-21T11:03:02Z,CTD911,deploy,u4a,C06,40.700467,-70.773217,"",NESLTER
en617,30,2018-07-21T12:36:32Z,CTD911,deploy,d4a,C07,40.696717,-70.993383,"",NESLTER
en617,31,2018-07-21T14:49:20Z,CTD911,deploy,L4,C08,40.698283,-70.880617,"",NESLTER
en617,32,2018-07-21T15:38:27Z,Bongo Net,deploy,L4,B08,40.706033,-70.871483,"",NESLTER
en617,33,2018-07-21T16:00:46Z,Incubation Grazing,start,L4,C8,40.690733,-70.868817,"",NESLTER
en617,34,2018-07-21T17:22:16Z,CTD911,deploy,L5,C09,40.516367,-70.881117,"",NESLTER
en617,35,2018-07-21T18:04:45Z,Bongo Net,deploy,L5,B09,40.5224,-70.87265,"",NESLTER
en617,36,2018-07-21T18:59:46Z,Incubation Grazing,stop,L1,"",40.449,-70.877017,"",NESLTER
en617,37,2018-07-21T23:14:30Z,CTD911,deploy,u6a,C10,40.364133,-70.989033,"",NESLTER
en617,38,2018-07-21T23:15:54Z,CTD911,deploy,d6a,C11,40.36425,-70.988983,"",NESLTER
en617,39,2018-07-22T02:07:08Z,CTD911,deploy,L6,C12,40.365333,-70.88825,"",NESLTER
en617,40,2018-07-22T02:53:53Z,Bongo Net,deploy,L6,B12,40.375433,-70.8851,"",NESLTER
en617,41,2018-07-22T05:02:46Z,CTD911,deploy,L7,C13,40.2347,-70.892117,"",NESLTER
en617,42,2018-07-22T05:50:27Z,Bongo Net,deploy,L7,B13,40.23185,-70.886017,"",NESLTER
en617,43,2018-07-22T07:43:16Z,Bongo Net,deploy,L8,B14,40.142217,-70.76645,"",NESLTER
en617,101,2018-07-22T07:59:46Z,Incubation Grazing,stop,L3,"",40.14235,-70.7583,"",NESLTER
en617,44,2018-07-22T09:05:16Z,CTD911,maxDepth,L8,C14,40.14065,-70.759167,"",NESLTER
en617,103,2018-07-22T10:30:00Z,Incubation Grazing,start,L8,C14,40.130367,-70.7658,"",NESLTER
en617,45,2018-07-22T13:37:08Z,CTD911,deploy,u9a,C15,40.094,-70.779067,"",NESLTER
en617,46,2018-07-22T15:46:46Z,CTD911,deploy,d9a,C16,40.096067,-70.993233,"",NESLTER
en617,102,2018-07-22T17:00:00Z,Incubation Grazing,stop,L4,"",40.105333,-71.096317,"",NESLTER
en617,47,2018-07-22T18:16:37Z,CTD911,deploy,L9,C17,40.099767,-70.876917,"",NESLTER
en617,48,2018-07-22T19:06:34Z,Bongo Net,deploy,L9,B17,40.0996,-70.87415,"",NESLTER
en617,49,2018-07-22T21:44:43Z,CTD911,deploy,L10,C18,39.949767,-70.884783,"",NESLTER
en617,105,2018-07-22T22:30:00Z,Incubation Grazing,start,L10,C18,39.9473,-70.876883,"",NESLTER
en617,50,2018-07-22T22:50:12Z,Bongo Net,deploy,L10,B18,39.943733,-70.870183,"",NESLTER
en617,51,2018-07-23T01:44:01Z,RMT10 Midwater Trawl (Tucker-style),deploy,L11,MWT1,39.748267,-70.872733,Target net depth of 1000 (based on angle and wire out) with winch speed of 20 down and 15 up and ship speed of 2 kts,NESLTER
en617,52,2018-07-23T04:32:36Z,RMT10 Midwater Trawl (Tucker-style),recover,L11,MWT1,39.67685,-70.833333,"",NESLTER
en617,53,2018-07-23T08:06:39Z,CTD911,deploy,u11a,19,39.773817,-70.770817,"",NESLTER
en617,54,2018-07-23T09:00:00Z,Underway Science seawater diaphragm pump,IFCB discrete,"","",39.772067,-70.779083,"",NESLTER
en617,55,2018-07-23T10:19:30Z,CTD911,deploy,d11a,C20,39.772367,-70.988083,"",NESLTER
en617,104,2018-07-23T10:30:00Z,Incubation Grazing,stop,L8,"",39.771933,-70.984917,"",NESLTER
en617,56,2018-07-23T12:57:16Z,CTD911,deploy,L11,C21,39.771717,-70.8799,1000m cast,NESLTER
en617,57,2018-07-23T14:47:01Z,Bongo Net,deploy,L11,B21,39.771317,-70.876533,"",NESLTER
en617,107,2018-07-23T16:00:00Z,Incubation Grazing,start,L11,C21,39.770833,-70.86925,"",NESLTER
en617,58,2018-07-23T16:46:36Z,CTD911,deploy,L11,C22,39.87065,-70.817283,"",NESLTER
en617,59,2018-07-23T17:31:07Z,CTD911,deploy,L12,C23,39.941133,-70.767483,"",NESLTER
en617,60,2018-07-23T21:00:46Z,CTD911,deploy,L13,C24,40.367333,-70.767583,logger crashed and submitted this event with time stamp mid-way through upcast,NESLTER
en617,106,2018-07-23T22:30:00Z,Incubation Grazing,stop,L10,"",40.559317,-70.88325,"",NESLTER
en617,61,2018-07-24T03:38:31Z,Underway Science seawater diaphragm pump,IFCB discrete,North-South,UW3,40.366267,-70.876233,testing triggering on scattering,NESLTER
en617,62,2018-07-24T05:05:28Z,Underway Science seawater diaphragm pump,IFCB discrete,"",UW4,40.143817,-70.876033,triggering on scattering,NESLTER
en617,63,2018-07-24T05:32:16Z,Underway Science seawater diaphragm pump,IFCB discrete,"",UW5,40.071667,-70.873417,triggering on scattering,NESLTER
en617,64,2018-07-24T06:14:31Z,Underway Science seawater diaphragm pump,IFCB discrete,"",UW6,39.959633,-70.86715,triggering on scattering,NESLTER
en617,65,2018-07-24T06:39:50Z,Underway Science seawater diaphragm pump,IFCB discrete,"",UW7,39.893667,-70.871317,triggering on scattering,NESLTER
en617,66,2018-07-24T06:58:46Z,Underway Science seawater diaphragm pump,IFCB discrete,"",UW8,39.8448,-70.876567,triggering on scattering,NESLTER
en617,69,2018-07-24T07:38:01Z,CTD911,deploy,L11,C25,39.774,-70.87555,"",NESLTER
en617,68,2018-07-24T08:19:46Z,Bongo Net,deploy,L11,B25A,39.768483,-70.856617,tow yo to 10 meters for 1 nm to calibrate flowmeter--tow 1,NESLTER
en617,67,2018-07-24T08:20:09Z,Underway Science seawater diaphragm pump,IFCB discrete,L11,UW9,39.768417,-70.856417,"",NESLTER
en617,70,2018-07-24T08:31:44Z,Underway Science seawater diaphragm pump,IFCB discrete,L11,UW10,39.764733,-70.849533,triggering on scattering,NESLTER
en617,71,2018-07-24T08:48:46Z,Bongo Net,recover,L11,B25A,39.757967,-70.837417,tow yo to 10 meters for 1 nm to calibrate flowmeter--tow 1,NESLTER
en617,72,2018-07-24T09:12:49Z,Underway Science seawater diaphragm pump,IFCB discrete,L11,UW11,39.757683,-70.837867,triggering on scattering,NESLTER
en617,73,2018-07-24T09:24:16Z,Bongo Net,deploy,L11,B25B,39.761433,-70.84275,tow yo to 10 meters for 1 nm to calibrate flowmeter--tow 2,NESLTER
en617,74,2018-07-24T09:26:26Z,Underway Science seawater diaphragm pump,IFCB discrete,L11,UW12,39.7622,-70.843983,triggering on scattering,NESLTER
en617,75,2018-07-24T09:53:01Z,Bongo Net,recover,L11,B25B,39.770633,-70.860533,tow yo to 10 meters for 1 nm to calibrate flowmeter--tow 2,NESLTER
en617,76,2018-07-24T10:30:49Z,Underway Science seawater diaphragm pump,IFCB discrete,"",UW13,39.841483,-70.88285,triggering on scattering,NESLTER
en617,77,2018-07-24T11:18:46Z,CTD911,deploy,L10,C26,39.947867,-70.879383,"",NESLTER
en617,78,2018-07-24T11:32:44Z,Underway Science seawater diaphragm pump,IFCB discrete,L10,UW14,39.948367,-70.87915,triggering on scattering,NESLTER
en617,79,2018-07-24T12:28:26Z,Underway Science seawater diaphragm pump,IFCB discrete,"",UW15,40.053367,-70.882783,triggering on scattering,NESLTER
en617,80,2018-07-24T12:58:01Z,CTD911,deploy,L9,C27,40.103933,-70.889167,"",NESLTER
en617,81,2018-07-24T14:10:46Z,CTD911,deploy,L7,C28,40.227383,-70.886467,"",NESLTER
en617,82,2018-07-24T15:31:00Z,CTD911,deploy,L6,C29,40.367483,-70.88785,"",NESLTER
en617,108,2018-07-24T16:10:00Z,Incubation Grazing,stop,L11,"",40.426667,-70.886517,"",NESLTER
en617,83,2018-07-24T16:48:24Z,CTD911,deploy,L5,C30,40.5147,-70.880167,"",NESLTER
en617,84,2018-07-24T18:24:03Z,CTD911,deploy,L4,C31,40.697667,-70.88125,"",NESLTER
en617,85,2018-07-24T19:51:33Z,CTD911,deploy,L3,C32,40.862667,-70.87775,"",NESLTER
en617,86,2018-07-24T21:38:02Z,CTD911,deploy,L2,C33,41.028617,-70.879183,"",NESLTER
en617,87,2018-07-24T23:07:59Z,CTD911,deploy,L1,C34,41.196783,-70.882417,"",NESLTER
en617,88,2018-07-25T01:16:36Z,CTD911,deploy,MVCO,35,41.323917,-70.585833,"",NESLTER
en617,89,2018-07-25T01:43:00Z,Bongo Net,deploy,MVCO,B35,41.3223,-70.57515,"",NESLTER
en617,90,2018-07-25T02:10:18Z,Bongo Net,deploy,MVCO,B35b,41.31645,-70.558483,Flowmeter calibration,NESLTER
en617,91,2018-07-25T09:12:39Z,EIMS,stop,"","",41.413383,-71.379467,was running on impellor pump and stopped all operations now,NESLTER
en617,92,2018-07-25T09:14:22Z,IFCB continuous,stop,"","",41.416483,-71.384217,Running entire cruise on diaphragm pump,NESLTER
en617,100,2018-07-25T09:21:00Z,Fluorometers on underway impeller,stop,"","",41.428917,-71.40265,Just South of Narragansett Bay near end of cruise,NESLTER
en617,93,2018-07-25T09:21:29Z,Thermosalinographs on underway impeller,stop,"","",41.429667,-71.403767,Just South of Narragansett Bay near end of cruise,NESLTER
en617,94,2018-07-25T09:26:17Z,Underway Science seawater impeller,stop,"","",41.4398,-71.411767,Just South of Narragansett Bay near end of cruise,NESLTER
en617,95,2018-07-25T09:36:36Z,Underway Science seawater diaphragm pump,stop,"","",41.4627,-71.409883,In Narragansett Bay near end of cruise,NESLTER
en617,96,2018-07-25T09:38:33Z,Underway Science seawater diaphragm pump,other,"","",41.467133,-71.40945,In Narragansett Bay near end of cruise. Fresh water forward flush.,NESLTER
en617,97,2018-07-25T09:39:18Z,ADCP300,stop,"","",41.468833,-71.409333,In Narragansett Bay near end of cruise,NESLTER
en617,98,2018-07-25T09:39:54Z,ADCP75,stop,"","",41.470217,-71.409267,In Narragansett Bay near end of cruise,NESLTER
en617,99,2018-07-25T09:40:33Z,UHDAS for both ADCPs,stop,"","",41.471717,-71.4092,In Narragansett Bay near end of cruise,NESLTER
en617,109,2018-07-25T10:10:00Z,Echosounder12,stop,"","",41.50425,-71.412917,Docked at GSO,NESLTER
en617,110,2018-07-25T12:15:00Z,Ship,endCruise,"","",41.492233,-71.41875,"",NESLTER
ar31a,1,2018-10-20T18:00:27Z,Ship,startCruise,"","",41.523603,-70.672687,Leave WHOI dock,OOI Pioneer
ar31a,2,2018-10-20T19:15:00Z,Underway Science seawater diaphragm pump,start,"","",41.402624,-70.850356,"",OOI Pioneer
ar31a,4,2018-10-20T19:20:22Z,EK80 broadband,start,"","",41.394534,-70.866024,In transit to Inshore site,OOI Pioneer
ar31a,3,2018-10-20T19:43:31Z,IFCB continuous,start,"","",41.357722,-70.91945,"",OOI Pioneer
ar31a,7,2018-10-20T20:10:00Z,EIMS,start,"","",41.309237,-70.926634,"",OOI Pioneer
ar31a,5,2018-10-20T20:21:36Z,Attune Flow Cytometer,start,"","",41.276979,-70.9251,"",OOI Pioneer
ar31a,6,2018-10-20T20:22:22Z,Underway Science seawater diaphragm pump,IFCB discrete,"",UW1,41.274906,-70.924945,"",OOI Pioneer
ar31a,21,2018-10-20T20:40:00Z,Underway Science seawater diaphragm pump,TOI discrete,"","",41.228341,-70.922921,"",OOI Pioneer
ar31a,9,2018-10-21T02:30:07Z,EK80 broadband,stop,IS,"",40.358343,-70.886031,Stopped to begin ROV ops,OOI Pioneer
ar31a,14,2018-10-21T06:28:37Z,Underway Science seawater diaphragm pump,IFCB discrete,"",UW2,40.358416,-70.887286,"",OOI Pioneer
ar31a,16,2018-10-21T07:44:00Z,CTD911,deploy,L06,01,40.361489,-70.881273,"",OOI Pioneer
ar31a,17,2018-10-21T08:07:36Z,CTD911,recover,L06,01,40.361571,-70.881315,"",OOI Pioneer
ar31a,18,2018-10-21T08:35:22Z,Ring Net,deploy,L06,R01,40.36225,-70.882247,Bottom 93m; target depth 83m (zeroed net with ring 2m deeper than surface),OOI Pioneer
ar31a,19,2018-10-21T08:35:26Z,Ring Net,deploy,L06,R01,40.362241,-70.88224,Bottom 93m; target depth 83m (zeroed net with ring 2m deeper than surface),OOI Pioneer
ar31a,20,2018-10-21T09:12:43Z,Ring Net,recover,L06,R01,40.386446,-70.890817,approximate time of recovery: 0900 UTC,OOI Pioneer
ar31a,22,2018-10-21T10:06:00Z,CTD911,deploy,L05,02,40.515047,-70.881014,"",OOI Pioneer
ar31a,27,2018-10-21T10:22:00Z,Underway Science seawater diaphragm pump,TOI discrete,"","",40.515919,-70.878891,"",OOI Pioneer
ar31a,28,2018-10-21T10:24:00Z,Underway Science seawater diaphragm pump,TOI discrete,"","",40.515909,-70.878667,"",OOI Pioneer
ar31a,23,2018-10-21T10:32:00Z,Ring Net,deploy,L05,R02,40.514241,-70.88082,"",OOI Pioneer
ar31a,24,2018-10-21T12:02:59Z,CTD911,deploy,L04,03,40.696366,-70.883947,"",OOI Pioneer
ar31a,25,2018-10-21T12:26:00Z,Ring Net,deploy,L04,R03,40.696329,-70.883635,"",OOI Pioneer
ar31a,26,2018-10-21T14:11:00Z,CTD911,deploy,L03,04,40.863165,-70.883544,"",OOI Pioneer
ar31a,29,2018-10-21T16:11:00Z,CTD911,deploy,L02,05,41.030942,-70.883492,"",OOI Pioneer
ar31a,30,2018-10-21T17:48:00Z,CTD911,deploy,L01,06,41.196798,-70.883348,"",OOI Pioneer
ar31a,31,2018-10-21T18:01:00Z,Underway Science seawater diaphragm pump,TOI discrete,"","",41.196858,-70.882486,"",OOI Pioneer
ar31a,32,2018-10-21T18:03:00Z,Underway Science seawater diaphragm pump,TOI discrete,"","",41.196936,-70.882314,"",OOI Pioneer
ar31a,33,2018-10-21T19:45:07Z,Ship,other,"","",41.37602,-70.844778,shelter in Menemsha Bight,OOI Pioneer
ar31a,34,2018-10-21T22:54:12Z,Underway Science seawater diaphragm pump,TOI discrete,"","",41.376002,-70.844777,"",OOI Pioneer
ar31a,36,2018-10-22T04:59:52Z,Ship,other,"","",41.283425,-70.900309,Departed Menemsha Bight for ISSM site,OOI Pioneer
ar31a,37,2018-10-22T11:22:38Z,Underway Science seawater diaphragm pump,TOI discrete,"","",40.359384,-70.885968,"",OOI Pioneer
ar31a,39,2018-10-22T13:36:17Z,Underway Science seawater impeller,IFCB discrete,"",UW3,40.359384,-70.885965,"",OOI Pioneer
ar31a,47,2018-10-22T15:53:00Z,BucketSample,start,"",B1,40.359386,-70.885994,"",OOI Pioneer
ar31a,49,2018-10-22T17:18:00Z,Underway Science seawater diaphragm pump,TOI discrete,"","",40.35939,-70.885971,"",OOI Pioneer
ar31a,50,2018-10-22T17:21:00Z,Underway Science seawater diaphragm pump,TOI discrete,"","",40.359376,-70.885945,"",OOI Pioneer
ar31a,62,2018-10-22T22:49:05Z,BucketSample,start,"",B2,40.358994,-70.885685,"",OOI Pioneer
ar31a,63,2018-10-22T23:22:58Z,Underway Science seawater diaphragm pump,TOI discrete,"","",40.373045,-70.838533,"",OOI Pioneer
ar31a,64,2018-10-22T23:26:18Z,Underway Science seawater diaphragm pump,TOI discrete,"","",40.373551,-70.838962,"",OOI Pioneer
ar31a,65,2018-10-22T23:48:44Z,BucketSample,start,"",B3,40.373419,-70.840208,"",OOI Pioneer
ar31a,75,2018-10-23T05:44:08Z,Underway Science seawater diaphragm pump,TOI discrete,"","",40.399776,-70.883634,"",OOI Pioneer
ar31a,76,2018-10-23T06:27:00Z,Underway Science seawater diaphragm pump,TOI discrete,"","",40.52344,-70.883068,"",OOI Pioneer
ar31a,77,2018-10-23T06:29:00Z,Underway Science seawater diaphragm pump,TOI discrete,"","",40.529213,-70.883109,"",OOI Pioneer
ar31a,78,2018-10-23T07:25:00Z,Underway Science seawater diaphragm pump,TOI discrete,"","",40.693181,-70.884205,"",OOI Pioneer
ar31a,79,2018-10-23T08:23:00Z,Underway Science seawater diaphragm pump,TOI discrete,"","",40.857722,-70.880418,"",OOI Pioneer
ar31a,80,2018-10-23T08:25:00Z,Underway Science seawater diaphragm pump,TOI discrete,"","",40.863499,-70.881302,"",OOI Pioneer
ar31a,81,2018-10-23T09:23:00Z,Underway Science seawater diaphragm pump,TOI discrete,"","",41.028075,-70.882603,"",OOI Pioneer
ar31a,82,2018-10-23T09:25:00Z,Underway Science seawater diaphragm pump,TOI discrete,"","",41.033922,-70.882636,"",OOI Pioneer
ar31a,83,2018-10-23T10:22:00Z,Underway Science seawater diaphragm pump,TOI discrete,"","",41.190505,-70.883265,"",OOI Pioneer
ar31a,84,2018-10-23T10:24:00Z,Underway Science seawater diaphragm pump,TOI discrete,"","",41.195808,-70.883177,"",OOI Pioneer
ar31a,85,2018-10-23T12:37:29Z,Attune Flow Cytometer,stop,"","",41.469812,-70.740611,"",OOI Pioneer
ar31a,86,2018-10-23T12:42:33Z,Underway Science seawater diaphragm pump,IFCB discrete,"",UW4,41.469819,-70.740616,"",OOI Pioneer
ar31a,87,2018-10-23T12:53:44Z,IFCB continuous,stop,"","",41.469822,-70.740641,"",OOI Pioneer
ar31a,88,2018-10-23T12:57:23Z,Underway Science seawater diaphragm pump,stop,"","",41.469824,-70.740637,"",OOI Pioneer
ar31a,89,2018-10-23T12:57:45Z,EIMS,stop,"","",41.469823,-70.740637,"",OOI Pioneer
ar31a,90,2018-10-23T14:01:13Z,Ship,endCruise,"","",41.523548,-70.672757,Arrive at WHOI dock,OOI Pioneer
ar31a,91,2018-10-23T14:03:03Z,Ship,endCruise,"","",41.523883,-70.672443,"",OOI Pioneer
ar31b,1,2018-10-24T19:50:45Z,Ship,startCruise,"","",41.524007,-70.672286,"",OOI Pioneer
ar31b,2,2018-10-24T19:51:02Z,Ship,startCruise,"","",41.524008,-70.672286,leave WHOI dock,OOI Pioneer
ar31b,104,2018-10-24T19:55:15Z,IFCB continuous,start,"","",41.522544,-70.673626,IFCB continuous,OOI Pioneer
ar31b,105,2018-10-24T19:55:20Z,Underway Science seawater,start,"","",41.522544,-70.673626,"",OOI Pioneer
ar31b,3,2018-10-24T20:11:15Z,EK80 broadband,start,"","",41.481523,-70.69233,In transit to OSSM,OOI Pioneer
ar31b,4,2018-10-24T20:11:52Z,ADCP150,start,"","",41.480294,-70.694846,In transit to OSSM,OOI Pioneer
ar31b,5,2018-10-25T09:00:20Z,EK80 broadband,stop,"","",39.939216,-70.881561,"",OOI Pioneer
ar31b,6,2018-10-25T09:00:20Z,ADCP150,stop,"","",39.939216,-70.881561,"",OOI Pioneer
ar31b,7,2018-10-25T10:14:15Z,ADCP300,start,CP04OSSM,"",39.940047,-70.883415,"",OOI Pioneer
ar31b,8,2018-10-25T10:14:30Z,ADCP150,start,CP04OSSM,"",39.940062,-70.883423,"",OOI Pioneer
ar31b,14,2018-10-25T16:11:09Z,CTD911,deploy,CP04OSSM,001,39.939932,-70.883467,"",OOI Pioneer
ar31b,15,2018-10-25T16:25:00Z,CTD911,maxDepth,CP04OSSM,001,39.939549,-70.884006,Max depth 437 m,OOI Pioneer
ar31b,16,2018-10-25T16:49:44Z,CTD911,recover,CP04OSSM,001,39.939877,-70.883299,Samples at 437 252 117 7.5 m,OOI Pioneer
ar31b,21,2018-10-25T20:47:25Z,CTD911,deploy,Glider 380 deploy,002,39.879113,-70.896254,"",OOI Pioneer
ar31b,22,2018-10-25T21:04:30Z,CTD911,maxDepth,Glider 380 deploy,002,39.878821,-70.896697,max depth 661 m,OOI Pioneer
ar31b,23,2018-10-25T21:32:15Z,CTD911,recover,Glider 380 deploy,002,39.878484,-70.897182,Samples at 661 601 502 401 232 102 50 15 3 m,OOI Pioneer
ar31b,26,2018-10-26T00:51:44Z,CTD911,deploy,Glider 389 recover,003,40.064406,-70.669534,"",OOI Pioneer
ar31b,27,2018-10-26T01:00:15Z,CTD911,maxDepth,Glider 389 recover,"",40.064361,-70.669534,Max depth 127 m,OOI Pioneer
ar31b,28,2018-10-26T01:09:15Z,CTD911,recover,Glider 389 recover,"",40.064376,-70.669526,Samples at 126; 82; 41; 22; 2 m,OOI Pioneer
ar31b,29,2018-10-26T02:59:45Z,Ship,other,CP03ISSM,"",40.240718,-70.799514,start overnight MET comparison,OOI Pioneer
ar31b,30,2018-10-26T08:30:00Z,Ship,other,CP03ISSM,"",40.273795,-70.845828,end MET comparison,OOI Pioneer
ar31b,44,2018-10-26T23:03:30Z,CTD911,deploy,CP03ISSM,004,40.367723,-70.882262,"",OOI Pioneer
ar31b,45,2018-10-26T23:09:45Z,CTD911,maxDepth,CP03ISSM,004,40.367729,-70.882253,max depth 89 m,OOI Pioneer
ar31b,46,2018-10-26T23:21:45Z,CTD911,recover,CP03ISSM,004,40.367723,-70.882258,Samples at 89 42 22 7 m,OOI Pioneer
ar31b,48,2018-10-27T16:55:57Z,Ship,other,arrive at WHOI dock,"",41.524008,-70.672293,shelter from nor'easter and troubleshoot EM cable issue,OOI Pioneer
ar31b,49,2018-10-28T17:24:11Z,Ship,other,"","",41.523933,-70.672374,Depart WHOI dock,OOI Pioneer
ar31b,50,2018-10-28T18:02:44Z,ADCP150,start,"","",41.459535,-70.740822,adcp was restarted after port stop - cruise name changed to ar31b_2,OOI Pioneer
ar31b,51,2018-10-28T18:03:44Z,ADCP300,start,"","",41.45807,-70.744116,adcp was restarted after port stop - cruise name changed to ar31b_2,OOI Pioneer
ar31b,52,2018-10-28T20:51:37Z,Applanix POSMV GPS,service,"","",41.052226,-70.907306,posmv was power cycled; was experiencing high position accuracies (>10m); down to <0.1m after cycling,OOI Pioneer
ar31b,58,2018-10-29T03:46:00Z,starboardVaisala,other,"","",40.366705,-70.882414,lost comms with the met mast systems at 0245 UTC; power cycled to regain connection,OOI Pioneer
ar31b,59,2018-10-29T04:11:15Z,CTD911,deploy,CP03ISSM,005,40.363312,-70.883238,"",OOI Pioneer
ar31b,60,2018-10-29T04:17:15Z,CTD911,maxDepth,CP03ISSM,005,40.363328,-70.883243,Max depth 88 m,OOI Pioneer
ar31b,61,2018-10-29T04:27:15Z,CTD911,recover,CP03ISSM,005,40.36332,-70.883265,Samples at 88 39 20 7 m,OOI Pioneer
ar31b,65,2018-10-29T05:00:20Z,Ship,other,CP03ISSM,"",40.369771,-70.877682,end MET comparison,OOI Pioneer
ar31b,64,2018-10-29T05:08:45Z,Ship,other,CP03ISSM,"",40.369707,-70.87751,start overnight MET comparison,OOI Pioneer
ar31b,74,2018-10-29T17:30:18Z,CTD911,deploy,CP01CNSM,"",40.135375,-70.774252,"",OOI Pioneer
ar31b,75,2018-10-29T17:37:30Z,CTD911,maxDepth,CP01CNSM,"",40.134427,-70.773429,Max depth 130 m,OOI Pioneer
ar31b,76,2018-10-29T17:52:30Z,CTD911,recover,CP01CNSM,"",40.133432,-70.773102,Samples at 130 67 23 7 m,OOI Pioneer
ar31b,84,2018-10-30T03:15:26Z,Ship,other,CP04OSSM,"",40.114383,-70.796334,started overnight MET comparison,OOI Pioneer
ar31b,85,2018-10-30T10:05:20Z,Ship,other,CP04OSSM,"",39.937234,-70.877746,end MET comparison,OOI Pioneer
ar31b,97,2018-10-30T22:39:28Z,CTD911,deploy,glider deployment site,"",40.030427,-70.707947,GL 339 and 388 deploy site,OOI Pioneer
ar31b,98,2018-10-30T22:47:56Z,CTD911,maxDepth,glider deployment site,007,40.030426,-70.707967,max depth 183 m,OOI Pioneer
ar31b,99,2018-10-30T23:04:11Z,CTD911,recover,glider deployment site,007,40.030433,-70.707945,samples at 183 143 102 50 23 3 m,OOI Pioneer
ar31b,101,2018-10-31T02:07:53Z,CTD911,deploy,AC-2,008,40.328969,-70.906664,"",OOI Pioneer
ar31b,102,2018-10-31T02:13:56Z,CTD911,maxDepth,AC-2,008,40.328976,-70.906666,max depth 96 m,OOI Pioneer
ar31b,103,2018-10-31T02:25:56Z,CTD911,recover,AC-2,008,40.328964,-70.906637,samples at 96 56 26 7 m,OOI Pioneer
ar31b,106,2018-10-31T12:43:18Z,IFCB continuous,stop,"","",41.488324,-70.678954,"",OOI Pioneer
ar31b,107,2018-10-31T12:43:51Z,Underway Science seawater,stop,"","",41.489073,-70.677577,"",OOI Pioneer
ar31b,108,2018-10-31T12:44:20Z,ADCP150,stop,"","",41.489737,-70.676378,"",OOI Pioneer
ar31b,109,2018-10-31T12:44:41Z,ADCP300,stop,"","",41.490235,-70.675533,"",OOI Pioneer
ar31b,110,2018-10-31T12:56:24Z,Knudsen 3260,stop,"","",41.518668,-70.672801,"",OOI Pioneer
ar31b,111,2018-10-31T13:02:09Z,Ship,endCruise,"","",41.523935,-70.672374,Arrive at WHOI dock,OOI Pioneer
ar31c,1,2018-11-01T22:00:20Z,Ship,startCruise,"","",41.52372,-70.672572,leave WHOI dock,OOI Pioneer
ar31c,2,2018-11-01T22:49:27Z,Underway Science seawater,start,"","",41.451563,-70.758823,Diaphagm pump; pc02; ifcb; chanos and underway on,OOI Pioneer
ar31c,3,2018-11-01T23:04:17Z,EK80 broadband,start,transit to CN,"",41.431938,-70.79605,system started for transit,OOI Pioneer
ar31c,4,2018-11-01T23:04:47Z,ADCP150,start,transit to CN,"",41.431303,-70.797296,system started for transit; synchronized with EK80,OOI Pioneer
ar31c,5,2018-11-02T10:15:39Z,EK80 broadband,stop,"","",40.137474,-70.774163,"",OOI Pioneer
ar31c,6,2018-11-02T10:21:27Z,ADCP38,start,"","",40.137475,-70.774254,"",OOI Pioneer
ar31c,7,2018-11-02T10:22:02Z,ADCP150,other,"","",40.137486,-70.774263,no longer synchronized,OOI Pioneer
ar31c,8,2018-11-02T10:22:33Z,ADCP300,start,"","",40.137486,-70.774263,"",OOI Pioneer
ar31c,20,2018-11-02T15:12:57Z,CTD911,deploy,CP01CNPM,001,40.137205,-70.775766,"",OOI Pioneer
ar31c,21,2018-11-02T15:22:02Z,CTD911,maxDepth,CP01CNPM,001,40.137226,-70.775784,max depth 127 m,OOI Pioneer
ar31c,22,2018-11-02T15:34:47Z,CTD911,recover,CP01CNPM,001,40.137226,-70.775785,samples at 127 66 27 7 m,OOI Pioneer
ar31c,32,2018-11-02T20:59:02Z,CTD911,deploy,CP02PMCO,002,40.097976,-70.883865,"",OOI Pioneer
ar31c,34,2018-11-02T21:08:02Z,CTD911,maxDepth,CP02PMCO,002,40.097974,-70.883864,max depth 142 m,OOI Pioneer
ar31c,35,2018-11-02T21:23:02Z,CTD911,recover,CP02PMCO,002,40.097967,-70.883872,samples at 142 76 27 7 m,OOI Pioneer
ar31c,38,2018-11-03T02:00:20Z,Ship,other,Central CN,"",40.13656,-70.784417,start overnight MET comparison,OOI Pioneer
ar31c,39,2018-11-03T10:00:20Z,Ship,other,Central CN,"",40.136527,-70.78445,end MET comparison,OOI Pioneer
ar31c,40,2018-11-03T11:56:14Z,CTD911,deploy,Inshore IS,003,40.363553,-70.883002,"",OOI Pioneer
ar31c,41,2018-11-03T12:02:02Z,CTD911,maxDepth,Inshore IS,003,40.363563,-70.88301,max depth 89 m,OOI Pioneer
ar31c,42,2018-11-03T12:09:02Z,CTD911,recover,Inshore IS,003,40.363579,-70.882991,No samples collected,OOI Pioneer
ar31c,43,2018-11-03T12:21:27Z,EK80 broadband,start,"","",40.362997,-70.882569,system started during transit to Menemsha,OOI Pioneer
ar31c,44,2018-11-03T12:23:02Z,ADCP150,start,"","",40.367276,-70.882594,synchronized with EK80,OOI Pioneer
ar31c,45,2018-11-03T12:23:02Z,ADCP300,stop,"","",40.367377,-70.882591,"",OOI Pioneer
ar31c,46,2018-11-03T12:23:02Z,ADCP38,stop,"","",40.367377,-70.882591,"",OOI Pioneer
ar31c,47,2018-11-03T18:54:31Z,EK80 broadband,stop,"","",41.366594,-70.783168,"",OOI Pioneer
ar31c,48,2018-11-03T18:55:54Z,ADCP150,stop,"","",41.366599,-70.783172,"",OOI Pioneer
ar31c,49,2018-11-03T18:58:21Z,ADCP300,start,"","",41.366606,-70.783206,"",OOI Pioneer
ar31c,50,2018-11-03T18:58:47Z,Ship,other,"","",41.366613,-70.783212,shelter in Menemsha Bight,OOI Pioneer
ar31c,51,2018-11-03T19:40:20Z,CHANOS II Continuous,stop,"","",41.366626,-70.783247,CHANOS continuous disconnected from underway science seawater,OOI Pioneer
ar31c,53,2018-11-04T07:00:17Z,EK80 broadband,start,transit to UI,"",41.366619,-70.783309,system started for transit,OOI Pioneer
ar31c,54,2018-11-04T07:00:17Z,ADCP150,start,transit to UI,"",41.366619,-70.783309,system started for transit and synchronized w EK80,OOI Pioneer
ar31c,52,2018-11-04T07:00:20Z,Ship,other,"","",41.366619,-70.783309,Departed Menemsha Bight for UI site,OOI Pioneer
ar31c,55,2018-11-04T07:00:20Z,ADCP300,stop,"","",41.366619,-70.783309,"",OOI Pioneer
ar31c,58,2018-11-04T14:10:17Z,ADCP150,other,"","",40.364671,-70.774874,no longer synchronized with EK80,OOI Pioneer
ar31c,57,2018-11-04T14:10:17Z,EK80 broadband,stop,"","",40.364671,-70.774874,"",OOI Pioneer
ar31c,59,2018-11-04T14:31:32Z,ADCP300,start,"","",40.364682,-70.774841,"",OOI Pioneer
ar31c,60,2018-11-04T14:32:44Z,ADCP38,start,"","",40.364679,-70.774851,"",OOI Pioneer
ar31c,69,2018-11-04T17:05:17Z,CTD911,deploy,CP02PMUI,004,40.364715,-70.775217,CTD with CHANOS attached to rosette,OOI Pioneer
ar31c,71,2018-11-04T17:14:47Z,CTD911,maxDepth,CP02PMUI,004,40.364714,-70.775195,max depth 89 m,OOI Pioneer
ar31c,72,2018-11-04T17:26:32Z,CTD911,recover,CP02PMUI,004,40.364715,-70.775209,Samples at 88 57 25 7 m,OOI Pioneer
ar31c,81,2018-11-05T01:25:02Z,CTD911,other,CHANOS,005,40.137363,-70.7763,CHANOS CTD cast M Ringham,OOI Pioneer
ar31c,82,2018-11-05T02:33:47Z,CTD911,other,CHANOS,006,40.137366,-70.776294,CHANOS CTD cast M Ringham,OOI Pioneer
ar31c,83,2018-11-05T04:44:17Z,CTD911,other,CHANOS,007,40.137365,-70.776298,CHANOS CTD cast M Ringham,OOI Pioneer
ar31c,84,2018-11-05T05:13:32Z,CTD911,other,CHANOS,008,40.137364,-70.776295,CHANOS CTD cast M Ringham,OOI Pioneer
ar31c,85,2018-11-05T05:46:02Z,CTD911,other,CHANOS,009,40.137374,-70.776301,CHANOS CTD cast M Ringham,OOI Pioneer
ar31c,86,2018-11-05T06:18:02Z,CTD911,other,CHANOS,010,40.137366,-70.776298,CHANOS CTD cast M Ringham,OOI Pioneer
ar31c,96,2018-11-05T13:58:05Z,ADCP38,service,"","",40.223471,-70.894916,restarted 38kHz; noticed that both NB and BB were firing without bottom track; toggled to just BB with BT,OOI Pioneer
ar31c,99,2018-11-05T15:21:42Z,CTD911,deploy,CP02PMCI,011,40.225993,-70.885172,"",OOI Pioneer
ar31c,101,2018-11-05T15:28:47Z,CTD911,maxDepth,CP02PMCI,011,40.226018,-70.885158,max depth 120 m,OOI Pioneer
ar31c,102,2018-11-05T15:43:32Z,CTD911,recover,CP02PMCI,011,40.226027,-70.885167,Samples at 120 57 37 7 m,OOI Pioneer
ar31c,109,2018-11-05T18:49:48Z,CHANOS II Continuous,start,"","",40.227121,-70.891595,Turned underway water back on to CHANOS,OOI Pioneer
ar31c,112,2018-11-05T21:30:51Z,ADCP38,stop,"","",40.275216,-70.871884,"",OOI Pioneer
ar31c,113,2018-11-05T21:31:17Z,ADCP150,stop,"","",40.27651,-70.872116,"",OOI Pioneer
ar31c,114,2018-11-05T21:32:10Z,ADCP300,stop,"","",40.278891,-70.872469,"",OOI Pioneer
ar31c,115,2018-11-05T21:34:32Z,EK80 broadband,start,"","",40.285686,-70.873484,EK80-ZPLSC comparision at Inshore Central and Offshore sites; NOTE ek80 channels were not set for synchronized pinging,OOI Pioneer
ar31c,116,2018-11-06T11:02:54Z,ADCP38,start,"","",39.942269,-70.878295,"",OOI Pioneer
ar31c,117,2018-11-06T11:03:27Z,ADCP150,start,"","",39.942265,-70.878271,"",OOI Pioneer
ar31c,118,2018-11-06T11:03:54Z,ADCP300,start,"","",39.942276,-70.878272,"",OOI Pioneer
ar31c,119,2018-11-06T11:04:13Z,EK80 broadband,stop,"","",39.942277,-70.878273,"",OOI Pioneer
ar31c,127,2018-11-06T15:05:40Z,CTD911,deploy,CP04OSPM,012,39.939584,-70.883415,"",OOI Pioneer
ar31c,130,2018-11-06T15:20:32Z,CTD911,maxDepth,CP04OSPM-00010,012,39.939603,-70.883423,max depth 439 m,OOI Pioneer
ar31c,131,2018-11-06T15:39:47Z,CTD911,recover,CP04OSPM-00010,012,39.939613,-70.883413,Samples at 439 241 120 70 m,OOI Pioneer
ar31c,134,2018-11-06T18:22:15Z,CTD911,deploy,UO,013,39.939611,-70.775081,"",OOI Pioneer
ar31c,135,2018-11-06T18:35:17Z,CTD911,maxDepth,UO,013,39.939572,-70.775094,max depth 446 m,OOI Pioneer
ar31c,136,2018-11-06T18:49:07Z,CTD911,recover,UO,013,39.939599,-70.775102,No samples collected,OOI Pioneer
ar31c,137,2018-11-06T19:29:47Z,CTD911,deploy,CS-4,014,40.00705,-70.775276,"",OOI Pioneer
ar31c,138,2018-11-06T19:37:47Z,CTD911,maxDepth,CS-4,014,40.007057,-70.775293,max depth 261 m,OOI Pioneer
ar31c,139,2018-11-06T19:48:17Z,CTD911,recover,CS-4,014,40.007039,-70.775276,No samples collected,OOI Pioneer
ar31c,140,2018-11-06T20:24:14Z,CTD911,deploy,CS-3,015,40.073224,-70.776216,"",OOI Pioneer
ar31c,141,2018-11-06T20:31:32Z,CTD911,maxDepth,CS-3,015,40.07321,-70.77675,max depth 135 m,OOI Pioneer
ar31c,142,2018-11-06T20:39:37Z,CTD911,recover,CS-3,015,40.073197,-70.777138,No samples collected,OOI Pioneer
ar31c,143,2018-11-06T21:13:52Z,CTD911,deploy,CN,016,40.13837,-70.776014,"",OOI Pioneer
ar31c,144,2018-11-06T21:20:47Z,CTD911,maxDepth,CN,016,40.138367,-70.776015,max depth 128 m,OOI Pioneer
ar31c,145,2018-11-06T21:27:07Z,CTD911,recover,CN,016,40.138362,-70.775996,No samples collected,OOI Pioneer
ar31c,146,2018-11-06T22:10:27Z,CTD911,deploy,CS-2,017,40.220646,-70.775216,"",OOI Pioneer
ar31c,147,2018-11-06T22:17:32Z,CTD911,maxDepth,CS-2,017,40.220665,-70.774776,max depth 121 m,OOI Pioneer
ar31c,148,2018-11-06T22:25:32Z,CTD911,recover,CS-2,017,40.220666,-70.774424,No samples collected,OOI Pioneer
ar31c,149,2018-11-06T23:04:24Z,CTD911,deploy,CS-1,018,40.294014,-70.774745,"",OOI Pioneer
ar31c,150,2018-11-06T23:10:17Z,CTD911,maxDepth,CS-1,018,40.294008,-70.774717,max depth 110 m,OOI Pioneer
ar31c,151,2018-11-06T23:16:47Z,CTD911,recover,CS-1,018,40.294032,-70.774663,No samples collected,OOI Pioneer
ar31c,152,2018-11-07T00:00:00Z,CTD911,deploy,UI,019,40.366265,-70.774652,"",OOI Pioneer
ar31c,153,2018-11-07T00:05:17Z,CTD911,maxDepth,UI,019,40.366272,-70.774692,max depth 88 m,OOI Pioneer
ar31c,154,2018-11-07T00:17:32Z,CTD911,recover,UI,019,40.366264,-70.774671,No samples collected,OOI Pioneer
ar31c,155,2018-11-07T00:25:47Z,ADCP150,start,Central CN,"",40.36615,-70.77674,ADCP survey around central moorings,OOI Pioneer
ar31c,156,2018-11-07T00:26:17Z,ADCP300,start,Central CN,"",40.365994,-70.777587,ADCP survey around central moorings,OOI Pioneer
ar31c,157,2018-11-07T00:31:42Z,ADCP38,stop,"","",40.361549,-70.79105,"",OOI Pioneer
ar31c,158,2018-11-07T11:22:28Z,ADCP38,start,"","",39.943909,-70.772166,"",OOI Pioneer
ar31c,168,2018-11-07T16:39:17Z,CTD911,deploy,CP02PMUO,020,39.94173,-70.779663,PMUO-11 recovery site instead of site center,OOI Pioneer
ar31c,169,2018-11-07T16:50:47Z,CTD911,maxDepth,CP02PMUO,020,39.94171,-70.779677,max depth 447 m,OOI Pioneer
ar31c,170,2018-11-07T17:11:30Z,CTD911,recover,CP02PMUO,020,39.941694,-70.779695,Samples at 446 202 127 8 m,OOI Pioneer
ar31c,173,2018-11-07T18:13:17Z,ADCP38,stop,"","",39.942446,-70.774418,"",OOI Pioneer
ar31c,174,2018-11-07T18:13:38Z,ADCP150,stop,"","",39.942448,-70.774376,"",OOI Pioneer
ar31c,175,2018-11-07T18:13:58Z,ADCP300,stop,"","",39.942459,-70.774351,"",OOI Pioneer
ar31c,176,2018-11-07T18:15:23Z,EK80 broadband,start,CP02PMUO,"",39.942468,-70.774203,EK80 search for PMUO-10 line pack location,OOI Pioneer
ar31c,177,2018-11-07T18:39:01Z,ADCP300,start,"","",39.937933,-70.768825,"",OOI Pioneer
ar31c,178,2018-11-07T18:41:59Z,ADCP150,start,"","",39.94216,-70.764602,"",OOI Pioneer
ar31c,179,2018-11-07T18:42:20Z,ADCP38,start,"","",39.942644,-70.763987,"",OOI Pioneer
ar31c,189,2018-11-07T23:50:17Z,ADCP150,other,AS,"",39.931223,-70.842818,start ADCP along-shelf survey,OOI Pioneer
ar31c,190,2018-11-07T23:50:47Z,ADCP300,other,AS,"",39.931071,-70.844483,start ADCP along-shelf survey,OOI Pioneer
ar31c,191,2018-11-08T07:00:20Z,ADCP150,other,"","",40.14214,-70.76249,survey complete; ADCP still running,OOI Pioneer
ar31c,192,2018-11-08T07:00:20Z,ADCP300,other,"","",40.14214,-70.76249,survey complete; ADCP still running,OOI Pioneer
ar31c,200,2018-11-08T14:33:17Z,ADCP150,stop,"","",40.036161,-70.905997,turned off by SSSG,OOI Pioneer
ar31c,201,2018-11-08T14:33:40Z,ADCP300,stop,"","",40.035071,-70.906189,turned off by SSSG,OOI Pioneer
ar31c,202,2018-11-08T14:34:09Z,ADCP150,start,"","",40.03369,-70.906427,turned back on by SSSG,OOI Pioneer
ar31c,203,2018-11-08T14:34:31Z,ADCP300,start,"","",40.032637,-70.906607,turned back on by SSSG,OOI Pioneer
ar31c,211,2018-11-08T19:32:17Z,ADCP300,stop,"","",39.943357,-70.885944,"",OOI Pioneer
ar31c,214,2018-11-08T19:32:20Z,ADCP38,stop,"","",39.943358,-70.885945,"",OOI Pioneer
ar31c,212,2018-11-08T19:34:17Z,ADCP150,other,OS to LTER1,"",39.943357,-70.885946,synchronized with EK80,OOI Pioneer
ar31c,213,2018-11-08T19:36:47Z,EK80 broadband,other,OS to LTER1,"",39.943366,-70.885942,synchronized w ADCP150,OOI Pioneer
ar31c,215,2018-11-09T06:00:20Z,ADCP150,stop,"","",41.159212,-70.882979,end EK80-ADCP150 survey,OOI Pioneer
ar31c,216,2018-11-09T06:00:20Z,EK80 broadband,stop,"","",41.159212,-70.882979,end EK80-ADCP150 survey,OOI Pioneer
ar31c,218,2018-11-09T06:30:30Z,EM710,other,"","",41.183135,-70.912946,Ship searched for sediment profiling imager lost off R/V Tioga,OOI Pioneer
ar31c,219,2018-11-09T11:20:30Z,ADCP300,start,"","",41.207049,-71.009297,"",OOI Pioneer
ar31c,220,2018-11-09T13:38:03Z,IFCB continuous,stop,"","",41.438665,-70.780788,Ran biocide; shut down,OOI Pioneer
ar31c,221,2018-11-09T14:06:27Z,CHANOS II Continuous,stop,"","",41.46961,-70.743358,Shut down,OOI Pioneer
ar31c,222,2018-11-09T15:00:44Z,Underway Science seawater,stop,"","",41.469632,-70.743391,"",OOI Pioneer
ar31c,223,2018-11-09T16:40:25Z,ADCP300,stop,"","",41.523801,-70.672538,"",OOI Pioneer
ar31c,224,2018-11-09T16:40:45Z,Ship,endCruise,"","",41.523855,-70.672482,"",OOI Pioneer
ar32,35,2018-11-12T12:30:00Z,Ship,startCruise,"","",41.524006,-70.672286,"",JP Student
ar32,24,2018-11-12T13:20:00Z,IFCB continuous,start,"","",41.439768,-70.777412,Approx start acquisition time.,JP Student
ar32,1,2018-11-12T16:18:00Z,CTD911,deploy,L01,01,41.196235,-70.883136,"",JP Student
ar32,2,2018-11-12T16:35:00Z,CTD911,recover,L01,01,41.196232,-70.883143,"",JP Student
ar32,4,2018-11-12T17:01:00Z,Bongo Net,deploy,L01,01,41.194982,-70.882958,"",JP Student
ar32,3,2018-11-12T19:20:00Z,CTD911,deploy,L03,02,40.861342,-70.882344,"",JP Student
ar32,5,2018-11-12T19:34:31Z,CTD911,recover,L03,002,40.861167,-70.881586,"",JP Student
ar32,6,2018-11-12T19:47:00Z,Bongo Net,deploy,L03,02,40.861193,-70.881735,"",JP Student
ar32,7,2018-11-12T22:19:45Z,CTD911,deploy,L05,003,40.513615,-70.882538,"",JP Student
ar32,9,2018-11-12T22:36:00Z,CTD911,recover,L05,003,40.513125,-70.883952,"",JP Student
ar32,13,2018-11-12T22:50:00Z,Bongo Net,deploy,L05,03,40.50839,-70.883345,"",JP Student
ar32,10,2018-11-13T00:10:13Z,CTD911,deploy,L06,004,40.363702,-70.877694,"",JP Student
ar32,11,2018-11-13T00:31:29Z,CTD911,recover,L06,004,40.363704,-70.877686,"",JP Student
ar32,14,2018-11-13T00:48:00Z,Bongo Net,deploy,L06,04,40.360815,-70.876405,"",JP Student
ar32,12,2018-11-13T02:09:52Z,CTD911,deploy,L07,005,40.228193,-70.877876,"",JP Student
ar32,15,2018-11-13T02:31:56Z,CTD911,recover,L07,005,40.228216,-70.877889,"",JP Student
ar32,17,2018-11-13T02:52:00Z,Bongo Net,deploy,L07,05,40.227085,-70.876625,"",JP Student
ar32,16,2018-11-13T05:11:00Z,CTD911,deploy,L10,06,39.941243,-70.892713,"",JP Student
ar32,18,2018-11-13T05:42:00Z,CTD911,recover,L10,06,39.941243,-70.892724,"",JP Student
ar32,19,2018-11-13T05:52:00Z,Bongo Net,deploy,L10,06,39.941159,-70.892642,"",JP Student
ar32,20,2018-11-13T07:41:09Z,CTD911,deploy,L11,7,39.774364,-70.88232,"",JP Student
ar32,21,2018-11-13T08:31:46Z,CTD911,recover,L11,07,39.77623,-70.878497,"",JP Student
ar32,22,2018-11-13T08:37:57Z,Bongo Net,deploy,L11,07,39.776158,-70.87774,"",JP Student
ar32,23,2018-11-13T09:14:57Z,RMT10 Midwater Trawl (Tucker-style),deploy,L11,7,39.766203,-70.867691,Approx deployment time for 10m^2 midwater tucker. Target depth 1000m.,JP Student
ar32,25,2018-11-13T10:14:57Z,RMT10 Midwater Trawl (Tucker-style),maxTension,L11,7,39.742855,-70.848828,not max tension but net's max depth (1400 m of wire ~1000 m depth),JP Student
ar32,26,2018-11-13T11:26:57Z,RMT10 Midwater Trawl (Tucker-style),recover,L11,7,39.712806,-70.832004,"",JP Student
ar32,27,2018-11-13T13:59:57Z,CTD911,deploy,L9.5,008,40.020609,-70.882376,Fired one bottle for processing,JP Student
ar32,28,2018-11-13T14:19:27Z,CTD911,recover,L9.5,008,40.021418,-70.880365,"",JP Student
ar32,29,2018-11-13T14:59:45Z,CTD911,deploy,L09,09,40.102051,-70.888433,"",JP Student
ar32,30,2018-11-13T15:16:42Z,CTD911,recover,L9,09,40.102349,-70.887382,"",JP Student
ar32,31,2018-11-13T16:11:15Z,CTD911,deploy,L07.5,010,40.163909,-70.887861,"",JP Student
ar32,32,2018-11-13T16:29:21Z,CTD911,recover,L07.5,010,40.164104,-70.887356,"",JP Student
ar32,33,2018-11-13T19:41:00Z,CTD911,deploy,L04,011,40.696868,-70.880283,"",JP Student
ar32,34,2018-11-13T19:52:00Z,CTD911,recover,L04,011,40.695503,-70.878033,"",JP Student
ar32,36,2018-11-13T22:34:00Z,CTD911,deploy,L02,012,41.028762,-70.886067,"",JP Student
ar32,37,2018-11-13T22:40:21Z,CTD911,recover,L02,012,41.028143,-70.886067,"",JP Student
ar32,38,2018-11-14T11:30:42Z,EK80 broadband,stop,"","",41.475997,-70.729371,secured ek80 for cruise,JP Student
ar32,39,2018-11-14T11:31:58Z,ADCP150,stop,"","",41.475993,-70.729372,secured 150kHz for end of cruise,JP Student
ar32,40,2018-11-14T13:11:45Z,Ship,endCruise,"","",41.524009,-70.672283,"",JP Student
en627,2,2019-02-01T16:01:51Z,Echosounder12,start,"","",NaN,NaN,"",NESLTER
en627,3,2019-02-01T16:02:20Z,UHDAS for both ADCPs,start,"","",NaN,NaN,"",NESLTER
en627,4,2019-02-01T16:02:49Z,ADCP300,start,"","",NaN,NaN,"",NESLTER
en627,5,2019-02-01T16:03:26Z,ADCP75,start,"","",NaN,NaN,"",NESLTER
en627,6,2019-02-01T16:04:11Z,Underway Science seawater impeller,start,"","",NaN,NaN,"",NESLTER
en627,7,2019-02-01T16:22:02Z,Underway Science seawater diaphragm pump,start,"","",NaN,NaN,"",NESLTER
en627,8,2019-02-01T16:23:34Z,Thermosalinographs on underway impeller,start,"","",NaN,NaN,SBE45,NESLTER
en627,9,2019-02-01T16:42:46Z,IFCB continuous,start,"","",NaN,NaN,"",NESLTER
en627,10,2019-02-01T17:07:58Z,Attune Flow Cytometer,start,"","",NaN,NaN,"",NESLTER
en627,12,2019-02-01T20:12:47Z,Echosounder12,other,"","",NaN,NaN,RESET RANGE TO BETTER READ BOTTOM DEPTH,NESLTER
en627,13,2019-02-01T21:41:49Z,CTD911,deploy,L1,1,NaN,NaN,Aborted; this cast will have no data files,NESLTER
en627,15,2019-02-01T21:42:28Z,CTD911,deploy,L1,2,NaN,NaN,Aborted; this cast will have filenames with 001,NESLTER
en627,16,2019-02-01T21:55:04Z,CTD911,deploy,L1,3,NaN,NaN,"",NESLTER
en627,17,2019-02-01T22:05:17Z,CTD911,recover,L1,4,NaN,NaN,Bottle File named cast 4; should be combined with cast 3 (Niskins 1-6 closed on cast 3; niskins 7-12 closed on cast 4); there was no cast 4 deployment per se,NESLTER
en627,18,2019-02-01T22:40:16Z,BucketSample,start,L1,"",NaN,NaN,bucket sample for Alexa Sterling,NESLTER
en627,21,2019-02-02T00:37:01Z,Incubation Grazing,start,L1,"",NaN,NaN,surface incubated at 65% and 15% light,NESLTER
en627,22,2019-02-02T01:25:00Z,Underway Science seawater diaphragm pump,TOI discrete,"","",NaN,NaN,"",NESLTER
en627,23,2019-02-02T01:43:00Z,Underway Science seawater diaphragm pump,TOI discrete,"","",NaN,NaN,"",NESLTER
en627,24,2019-02-02T02:11:44Z,CTD911,deploy,u2a,5,41.029455,-70.765807,"",NESLTER
en627,25,2019-02-02T03:00:00Z,Underway Science seawater diaphragm pump,TOI discrete,"","",NaN,NaN,"",NESLTER
en627,27,2019-02-02T04:22:54Z,Underway Science seawater diaphragm pump,TOI discrete,"","",NaN,NaN,"",NESLTER
en627,1,2019-02-02T04:24:05Z,Ship,startCruise,"","",NaN,NaN,"",NESLTER
en627,29,2019-02-02T04:56:00Z,Underway Science seawater diaphragm pump,TOI discrete,"","",NaN,NaN,"",NESLTER
en627,30,2019-02-02T05:12:00Z,Underway Science seawater diaphragm pump,TOI discrete,"","",NaN,NaN,"",NESLTER
en627,31,2019-02-02T06:23:29Z,CTD911,deploy,L2,7,41.029768,-70.882555,"",NESLTER
en627,33,2019-02-02T06:43:00Z,Underway Science seawater diaphragm pump,TOI discrete,L2,"",NaN,NaN,in duplicate,NESLTER
en627,32,2019-02-02T06:45:19Z,CTD911,recover,L2,7,41.024893,-70.878277,"",NESLTER
en627,35,2019-02-02T08:11:23Z,Other,start,"","",41.028182,-70.886355,WINCH WIRE OUT CALIBRATION; BONGO IN WATER WITH NO COD ENDS TO RINSE,NESLTER
en627,37,2019-02-02T09:53:53Z,CTD911,deploy,L3,8,40.862848,-70.883053,"",NESLTER
en627,38,2019-02-02T10:20:41Z,CTD911,recover,L3,8,40.864472,-70.888207,"",NESLTER
en627,40,2019-02-02T11:21:25Z,Bongo Net,recover,L3,B08,NaN,NaN,"",NESLTER
en627,34,2019-02-02T13:11:34Z,Bongo Net,deploy,L2,"",NaN,NaN,NETS HIT BOTTOM AND COLLECTED SAND; NO SAMPLE SAVED; FOLLOWING THIS WITH WINCH WIRE SPEED CALIBRATION,NESLTER
en627,36,2019-02-02T13:12:08Z,Bongo Net,deploy,L2,B07,NaN,NaN,SECOND ATTEMPT FOR B07,NESLTER
en627,39,2019-02-02T13:12:34Z,Bongo Net,deploy,L3,B08,NaN,NaN,"",NESLTER
en627,19,2019-02-02T13:14:41Z,Bongo Net,deploy,L1,B03,NaN,NaN,Most recent profile data is cast 3; Incomplete sample only kept 2 size fractions from 20um net,NESLTER
en627,20,2019-02-02T13:16:30Z,Bongo Net,recover,L1,B03,NaN,NaN,hit bottom; 150 net and 335 net with sand; no sample in either. Sample recovered from 20um net; two size fractions,NESLTER
en627,42,2019-02-02T13:47:59Z,Incubation Grazing,start,L3,"",NaN,NaN,surface incubated at 65% and 15% light,NESLTER
en627,43,2019-02-02T14:29:00Z,Underway Science seawater diaphragm pump,TOI discrete,"","",NaN,NaN,"",NESLTER
en627,44,2019-02-02T14:45:00Z,Underway Science seawater diaphragm pump,TOI discrete,"","",NaN,NaN,"",NESLTER
en627,45,2019-02-02T15:08:07Z,CTD911,deploy,u4a,9,40.694927,-70.77062,"",NESLTER
en627,46,2019-02-02T15:56:18Z,Underway Science seawater diaphragm pump,TOI discrete,"","",NaN,NaN,"",NESLTER
en627,75,2019-02-02T15:57:00Z,Incubation Grazing,start,L4,"",40.69489,-70.989672,surface incubated at 65% and 15% light,NESLTER
en627,47,2019-02-02T16:53:37Z,CTD911,deploy,d4a,10,40.69483,-70.988682,"",NESLTER
en627,51,2019-02-02T17:10:04Z,Other,other,"","",40.693868,-70.98368,test for Cindy Sellers,NESLTER
en627,49,2019-02-02T17:36:00Z,Underway Science seawater diaphragm pump,TOI discrete,"","",40.695273,-71.05341,"",NESLTER
en627,50,2019-02-02T17:51:00Z,Underway Science seawater diaphragm pump,TOI discrete,"","",40.696232,-71.106715,"",NESLTER
en627,48,2019-02-02T17:51:30Z,Fluorometers on underway impeller,start,"","",40.69529,-71.107765,model FLRTD serial number 492,NESLTER
en627,166,2019-02-02T17:57:00Z,Underway Science seawater impeller,chl discrete,"","",40.69251,-71.093628,"",NESLTER
en627,28,2019-02-02T18:21:41Z,CTD911,deploy,d2a,6,NaN,NaN,"",NESLTER
en627,52,2019-02-02T19:00:34Z,CTD911,deploy,L4,11,40.69478,-70.882295,"",NESLTER
en627,53,2019-02-02T19:57:34Z,CTD911,deploy,L4,12,40.69737,-70.883648,"",NESLTER
en627,54,2019-02-02T20:12:04Z,Underway Science seawater diaphragm pump,TOI discrete,L4,"",40.698072,-70.878508,In Duplicate,NESLTER
en627,56,2019-02-02T20:35:34Z,Bongo Net,deploy,L4,B12,40.694892,-70.87184,"",NESLTER
en627,57,2019-02-02T20:45:19Z,Bongo Net,recover,L4,B12,40.690232,-70.872432,"",NESLTER
en627,59,2019-02-02T23:25:00Z,Incubation Grazing,stop,L1,"",40.509053,-70.880658,"",NESLTER
en627,58,2019-02-02T23:25:35Z,CTD911,deploy,L5,13,40.508948,-70.880592,"",NESLTER
en627,99,2019-02-02T23:59:49Z,Underway Science seawater diaphragm pump,TOI discrete,"","",40.50056,-70.879667,GPS_TIME; LAT; LON FIELDS INCORRECT DUE TO KNOWN DATABASE ISSUE PRIOR TO 2019/02/02 16:50:19,NESLTER
en627,100,2019-02-02T23:59:49Z,Underway Science seawater diaphragm pump,TOI discrete,"","",40.50056,-70.879667,GPS_TIME; LAT; LON FIELDS INCORRECT DUE TO KNOWN DATABASE ISSUE PRIOR TO 2019/02/02 16:50:19,NESLTER
en627,26,2019-02-02T23:59:49Z,Underway Science seawater diaphragm pump,TOI discrete,L2,"",40.50056,-70.879667,GPS_TIME; LAT; LON FIELDS INCORRECT DUE TO KNOWN DATABASE ISSUE PRIOR TO 2019/02/02 16:50:19,NESLTER
en627,167,2019-02-03T03:07:00Z,Underway Science seawater impeller,chl discrete,"","",40.356063,-70.921327,"",NESLTER
en627,60,2019-02-03T03:46:31Z,SUNAV2,other,"","",40.350842,-70.888725,change deployment cable; flip battery housing orientation 180,NESLTER
en627,61,2019-02-03T04:59:00Z,Underway Science seawater diaphragm pump,TOI discrete,"","",40.362013,-70.663247,"",NESLTER
en627,65,2019-02-03T05:23:00Z,Underway Science seawater diaphragm pump,TOI discrete,"","",40.363003,-70.722117,"",NESLTER
en627,62,2019-02-03T06:08:29Z,CTD911,deploy,u6a,14,40.355385,-70.7634,"",NESLTER
en627,66,2019-02-03T07:10:00Z,Underway Science seawater diaphragm pump,TOI discrete,"","",40.36121,-70.840018,"",NESLTER
en627,67,2019-02-03T07:27:04Z,Underway Science seawater diaphragm pump,TOI discrete,L6,"",40.363128,-70.886137,"",NESLTER
en627,68,2019-02-03T07:48:00Z,Underway Science seawater impeller,TOI discrete,"","",40.362837,-70.942322,"",NESLTER
en627,63,2019-02-03T07:53:00Z,EIMS,other,"","",40.363172,-70.955668,Switched from diaphragm to impeller pump,NESLTER
en627,64,2019-02-03T08:16:31Z,CTD911,deploy,d6a,15,40.362277,-70.994183,"",NESLTER
en627,69,2019-02-03T09:00:00Z,Underway Science seawater impeller,TOI discrete,"","",40.360382,-71.058425,"",NESLTER
en627,70,2019-02-03T10:46:19Z,CTD911,deploy,L6,16,40.36239,-70.887153,put overboard then brought up to remove hoses on sensors used with above freezing temperatures then put immediately back into water,NESLTER
en627,168,2019-02-03T11:00:00Z,Underway Science seawater impeller,chl discrete,"","",40.363288,-70.890455,"",NESLTER
en627,72,2019-02-03T11:06:00Z,Underway Science seawater impeller,other,L6,"",40.363932,-70.892283,Salt Sample,NESLTER
en627,71,2019-02-03T11:33:34Z,Bongo Net,deploy,L6,B16,40.364375,-70.89299,"",NESLTER
en627,73,2019-02-03T11:35:00Z,Incubation Grazing,stop,L3,"",40.364775,-70.893945,"",NESLTER
en627,151,2019-02-03T11:45:19Z,Bongo Net,recover,L6,B16,40.36728,-70.899867,"",NESLTER
en627,74,2019-02-03T13:48:54Z,CTD911,deploy,L7,17,40.22802,-70.88764,"",NESLTER
en627,76,2019-02-03T14:31:34Z,Bongo Net,deploy,L7,B17,40.227492,-70.889165,added 2 minutes to account for fixing orientation of 20 um net; these during two minutes bongo was sampling surface water,NESLTER
en627,152,2019-02-03T14:50:12Z,Bongo Net,recover,L7,B17,40.223787,-70.898028,"",NESLTER
en627,78,2019-02-03T16:45:00Z,CTD911,deploy,L8,18,40.137363,-70.769715,"",NESLTER
en627,79,2019-02-03T17:41:49Z,CTD911,deploy,L8,19,40.135135,-70.76405,"",NESLTER
en627,82,2019-02-03T18:08:04Z,Underway Science seawater impeller,TOI discrete,L8,"",40.134917,-70.762293,In Duplicate,NESLTER
en627,81,2019-02-03T18:44:06Z,Incubation Grazing,start,L8,"",40.125538,-70.764515,surface incubated at 65% and 15% light,NESLTER
en627,80,2019-02-03T18:56:34Z,Bongo Net,deploy,L8,B19,40.120472,-70.766567,Updated time to start of re-do cast--hit bottom on first cast,NESLTER
en627,153,2019-02-03T19:12:04Z,Bongo Net,recover,L8,B19,40.115012,-70.76863,"",NESLTER
en627,169,2019-02-03T19:40:00Z,Underway Science seawater impeller,chl discrete,"","",40.101143,-70.852063,"",NESLTER
en627,86,2019-02-03T20:57:04Z,Underway Science seawater impeller,TOI discrete,u9b,"",40.096837,-70.661562,"",NESLTER
en627,85,2019-02-03T20:59:49Z,Incubation Grazing,stop,L4,"",40.097368,-70.67169,end of L4 incubation,NESLTER
en627,87,2019-02-03T21:11:04Z,Underway Science seawater impeller,TOI discrete,"","",40.098425,-70.713837,"",NESLTER
en627,84,2019-02-03T21:41:36Z,CTD911,deploy,u9a,20,40.099027,-70.771593,"",NESLTER
en627,170,2019-02-03T22:05:00Z,Underway Science seawater impeller,chl discrete,"","",40.101812,-70.770595,"",NESLTER
en627,88,2019-02-03T22:31:00Z,Underway Science seawater impeller,TOI discrete,"","",40.100272,-70.824063,"",NESLTER
en627,89,2019-02-03T22:46:04Z,Underway Science seawater impeller,TOI discrete,L9,"",40.099905,-70.880795,"",NESLTER
en627,90,2019-02-03T23:01:00Z,Underway Science seawater impeller,TOI discrete,"","",40.098538,-70.935633,"",NESLTER
en627,91,2019-02-03T23:26:49Z,CTD911,deploy,d9a,21,40.09858,-70.99178,"",NESLTER
en627,92,2019-02-04T00:27:00Z,Underway Science seawater impeller,TOI discrete,"","",40.099412,-71.050107,"",NESLTER
en627,93,2019-02-04T00:42:04Z,Underway Science seawater impeller,TOI discrete,d9b,"",40.09871,-71.101085,"",NESLTER
en627,94,2019-02-04T01:51:23Z,CTD911,deploy,L9,22,40.098262,-70.886107,"",NESLTER
en627,95,2019-02-04T02:28:04Z,Bongo Net,deploy,L9,"",40.100357,-70.876457,tow stopped; meter block malfunctioning NO SAMPLE SAVED,NESLTER
en627,96,2019-02-04T02:31:04Z,Bongo Net,recover,L9,"",40.101997,-70.876555,No sample,NESLTER
en627,97,2019-02-04T02:48:49Z,Bongo Net,deploy,L9,B22,40.104692,-70.878587,"",NESLTER
en627,98,2019-02-04T03:07:04Z,Bongo Net,recover,L9,B22,40.112435,-70.87423,"",NESLTER
en627,11,2019-02-04T04:11:32Z,EIMS,start,"","",NaN,NaN,GPS_TIME; LAT; LON FIELDS INCORRECT DUE TO KNOWN DATABASE ISSUE PRIOR TO 2019/02/02 16:50:19,NESLTER
en627,101,2019-02-04T05:34:19Z,CTD911,deploy,L10,23,39.935973,-70.882987,"",NESLTER
en627,102,2019-02-04T06:38:17Z,CTD911,deploy,L10,24,39.940017,-70.883213,"",NESLTER
en627,171,2019-02-04T06:45:00Z,Underway Science seawater impeller,chl discrete,"","",39.939402,-70.883445,"",NESLTER
en627,103,2019-02-04T07:39:04Z,Bongo Net,deploy,L10,B24,39.938198,-70.884807,"",NESLTER
en627,106,2019-02-04T08:00:00Z,Incubation Grazing,start,L10,"",39.943435,-70.877867,surface incubated at 65% and 15% light,NESLTER
en627,104,2019-02-04T08:05:04Z,Bongo Net,recover,L10,B24,39.944832,-70.876267,"",NESLTER
en627,105,2019-02-04T10:36:19Z,Bongo Net,deploy,L11,B25,39.77296,-70.883958,extra 3 minutes at surface to untwist 20 um net upon deployment,NESLTER
en627,107,2019-02-04T11:13:19Z,Bongo Net,recover,L11,B25,39.791038,-70.883995,"",NESLTER
en627,109,2019-02-04T11:38:04Z,CTD911,deploy,L11,25,39.775302,-70.885018,"",NESLTER
en627,108,2019-02-04T12:47:49Z,CTD911,deploy,L11,26,39.774763,-70.8836,"",NESLTER
en627,188,2019-02-04T13:30:04Z,Incubation Grazing,start,L11,"",39.778078,-70.892842,first of 2 incubations at L11,NESLTER
en627,110,2019-02-04T14:49:04Z,Underway Science seawater impeller,TOI discrete,"","",39.774583,-70.662593,"",NESLTER
en627,172,2019-02-04T14:55:00Z,Underway Science seawater impeller,chl discrete,"","",39.774342,-70.684165,"",NESLTER
en627,111,2019-02-04T15:05:00Z,Underway Science seawater impeller,TOI discrete,"","",39.773567,-70.720445,"",NESLTER
en627,112,2019-02-04T15:25:49Z,CTD911,deploy,u11a,27,39.773937,-70.773493,"",NESLTER
en627,113,2019-02-04T16:20:00Z,Underway Science seawater impeller,TOI discrete,"","",39.771582,-70.830907,"",NESLTER
en627,114,2019-02-04T16:34:00Z,Underway Science seawater impeller,TOI discrete,L11,"",39.772195,-70.882282,"",NESLTER
en627,173,2019-02-04T16:45:00Z,Underway Science seawater impeller,chl discrete,"","",39.773822,-70.92293,"",NESLTER
en627,115,2019-02-04T16:49:00Z,Underway Science seawater impeller,TOI discrete,"","",39.774323,-70.937865,"",NESLTER
en627,122,2019-02-04T17:17:19Z,CTD911,deploy,d11a,28,39.77496,-70.991505,"",NESLTER
en627,174,2019-02-04T18:05:00Z,Underway Science seawater impeller,chl discrete,"","",39.770905,-71.012735,"",NESLTER
en627,116,2019-02-04T18:15:00Z,Underway Science seawater impeller,TOI discrete,"","",39.773425,-71.050365,"",NESLTER
en627,117,2019-02-04T18:29:04Z,Underway Science seawater impeller,TOI discrete,"","",39.774667,-71.103722,"",NESLTER
en627,187,2019-02-04T18:30:04Z,Incubation Grazing,stop,L8,"",39.777008,-71.105195,"",NESLTER
en627,162,2019-02-04T19:33:19Z,Bongo Net,other,L11,"",39.77275,-70.88184,Flowmeter Calibration 1 Start,NESLTER
en627,163,2019-02-04T20:14:19Z,Bongo Net,other,L11,"",39.765645,-70.860492,Flowmeter Calibration 1 End,NESLTER
en627,164,2019-02-04T20:25:49Z,Bongo Net,other,L11,"",39.763642,-70.859907,Flowmeter Calibration 2 Start,NESLTER
en627,165,2019-02-04T20:36:19Z,Bongo Net,other,L11,"",39.76604,-70.866005,Flowmeter Calibration 2 End,NESLTER
en627,118,2019-02-04T20:45:34Z,Underway Science seawater diaphragm pump,IFCB discrete,"",UW1,39.769342,-70.87015,IFCB102 collected from top of overflow bottle,NESLTER
en627,175,2019-02-04T22:35:00Z,Underway Science seawater impeller,chl discrete,"","",39.770577,-70.623918,"",NESLTER
en627,119,2019-02-04T22:47:34Z,RMT10 Midwater Trawl (Tucker-style),deploy,u11c,MWT28,39.771943,-70.604007,THIS SHOULD BE ASSOCIATED TO CTD CAST 29 at u11c; CTD cast 28 was at d11a several hours prior to the trawl deployment,NESLTER
en627,120,2019-02-04T23:34:09Z,Underway Science seawater diaphragm pump,IFCB discrete,"",UW2,39.77314,-70.585512,IFCB102 collected from top of overflow bottle,NESLTER
en627,121,2019-02-04T23:39:34Z,RMT10 Midwater Trawl (Tucker-style),other,u11c,"",39.773327,-70.583588,At max depth; 1337 wire out at 30 deg angle (went down at 30/min); waiting a bit at depth to retrieve to let it kite up; retrieved at 15/min to le,NESLTER
en627,126,2019-02-05T01:30:04Z,RMT10 Midwater Trawl (Tucker-style),recover,u11c,"",39.77515,-70.52838,"",NESLTER
en627,123,2019-02-05T02:42:09Z,CTD911,deploy,u11c,29,39.774778,-70.521512,"",NESLTER
en627,124,2019-02-05T03:38:19Z,Bongo Net,deploy,u11c,B29,39.78149,-70.527048,"",NESLTER
en627,125,2019-02-05T04:09:19Z,Bongo Net,recover,u11c,B29,39.794687,-70.524907,"",NESLTER
en627,127,2019-02-05T06:13:42Z,CTD911,deploy,L11,30,39.775238,-70.88471,"",NESLTER
en627,176,2019-02-05T06:37:00Z,Underway Science seawater impeller,chl discrete,"","",39.778645,-70.885897,"",NESLTER
en627,139,2019-02-05T06:40:00Z,Underway Science seawater impeller,TOI discrete,L11,"",39.77903,-70.885985,"",NESLTER
en627,181,2019-02-05T06:40:04Z,Underway Science seawater impeller,TOI discrete,L11,"",39.77903,-70.885985,"",NESLTER
en627,128,2019-02-05T07:21:49Z,CTD911,deploy,L10.5,31,39.858865,-70.884735,"",NESLTER
en627,132,2019-02-05T07:30:00Z,Incubation Grazing,start,L11,"",39.860983,-70.884445,surface water; <200 and no pre-filter; second time at L11,NESLTER
en627,140,2019-02-05T07:51:00Z,Underway Science seawater impeller,TOI discrete,L10.5,"",39.86279,-70.882592,in duplicate,NESLTER
en627,129,2019-02-05T07:51:19Z,Underway Science seawater diaphragm pump,other,"","",39.862808,-70.882572,Adjusted flow; appeared to be decreased,NESLTER
en627,131,2019-02-05T08:00:00Z,Incubation Grazing,stop,L10,"",39.866262,-70.881078,"",NESLTER
en627,130,2019-02-05T08:31:49Z,CTD911,deploy,L10,32,39.942355,-70.881858,"",NESLTER
en627,133,2019-02-05T09:41:55Z,CTD911,deploy,L12,33,39.938363,-70.774832,"",NESLTER
en627,138,2019-02-05T11:32:52Z,CTD911,deploy,L9.5,34,40.020647,-70.881963,"",NESLTER
en627,177,2019-02-05T12:15:00Z,Underway Science seawater impeller,chl discrete,"","",40.067757,-70.88224,"",NESLTER
en627,141,2019-02-05T12:30:25Z,CTD911,deploy,L9,35,40.100023,-70.887343,"",NESLTER
en627,183,2019-02-05T12:45:00Z,Underway Science seawater impeller,other,L9,"",40.10352,-70.887622,Salt Sample,NESLTER
en627,189,2019-02-05T13:30:04Z,Incubation Grazing,stop,L11,"",40.163333,-70.882697,stop of the first incubation at L11,NESLTER
en627,142,2019-02-05T13:33:44Z,CTD911,deploy,L7.5,36,40.164708,-70.882817,"",NESLTER
en627,143,2019-02-05T14:36:48Z,CTD911,deploy,L7,37,40.226575,-70.883957,"",NESLTER
en627,144,2019-02-05T14:59:49Z,Other,other,L7,37,40.240262,-70.883955,Test comparing RStanley's Aandera AADI optode readout (componenet of EIMS) to URI SBE43s on rosette. Also compares SSW Impeller to surface Niskin Water,NESLTER
en627,145,2019-02-05T15:57:46Z,CTD911,deploy,L6,38,40.364043,-70.889015,"",NESLTER
en627,146,2019-02-05T17:10:06Z,CTD911,deploy,L13,39,40.365073,-70.778728,"",NESLTER
en627,147,2019-02-05T19:05:00Z,CTD911,deploy,L5,40,40.513323,-70.884768,"",NESLTER
en627,148,2019-02-05T19:24:04Z,Bongo Net,deploy,L5,B40,40.512102,-70.886,"",NESLTER
en627,149,2019-02-05T19:33:34Z,Bongo Net,recover,L5,B40,40.507608,-70.881883,"",NESLTER
en627,150,2019-02-05T21:17:18Z,CTD911,deploy,L4,41,40.694997,-70.877993,"",NESLTER
en627,154,2019-02-05T22:48:46Z,CTD911,deploy,L3,42,40.862855,-70.883757,"",NESLTER
en627,178,2019-02-06T00:18:00Z,Underway Science seawater impeller,chl discrete,"","",41.028885,-70.88407,"",NESLTER
en627,155,2019-02-06T00:19:42Z,CTD911,deploy,L2,43,41.028632,-70.884095,"",NESLTER
en627,179,2019-02-06T01:43:00Z,Underway Science seawater impeller,chl discrete,"","",41.19513,-70.882992,"",NESLTER
en627,156,2019-02-06T01:45:02Z,CTD911,deploy,L1,44,41.195093,-70.882917,"",NESLTER
en627,157,2019-02-06T02:03:04Z,Bongo Net,deploy,L1,B44,41.193605,-70.881818,"",NESLTER
en627,158,2019-02-06T02:08:00Z,Bongo Net,recover,L1,B44,41.191173,-70.882293,"",NESLTER
en627,180,2019-02-06T03:45:00Z,Underway Science seawater impeller,chl discrete,"","",41.27684,-70.636987,"",NESLTER
en627,159,2019-02-06T04:21:58Z,CTD911,deploy,MVCO,45,41.320498,-70.572278,"",NESLTER
en627,184,2019-02-06T04:30:00Z,Underway Science seawater impeller,TOI discrete,MVCO,45,41.319372,-70.573045,in duplicate,NESLTER
en627,161,2019-02-06T04:40:14Z,Bongo Net,deploy,MVCO,B45,41.318197,-70.574758,"",NESLTER
en627,160,2019-02-06T04:44:04Z,Bongo Net,recover,MVCO,B45,41.317912,-70.577323,"",NESLTER
en627,185,2019-02-06T06:54:00Z,Underway Science seawater impeller,TOI discrete,L1,"",41.180628,-70.89417,steam  past L1 on way in. Not quite on station,NESLTER
en627,190,2019-02-06T07:30:04Z,Incubation Grazing,stop,L11,"",41.193475,-70.987707,stop of the second incubation at L11,NESLTER
en627,186,2019-02-06T07:43:00Z,Attune Flow Cytometer,stop,"","",41.203037,-71.005518,"",NESLTER
en627,191,2019-02-06T11:52:11Z,Echosounder12,stop,"","",41.39324,-71.325918,"",NESLTER
en627,192,2019-02-06T12:12:06Z,IFCB continuous,stop,"","",41.407463,-71.351643,"",NESLTER
en627,193,2019-02-06T12:14:21Z,Underway Science seawater diaphragm pump,stop,"","",41.409175,-71.354457,"",NESLTER
en627,194,2019-02-06T12:57:06Z,EIMS,stop,"","",41.442183,-71.405763,"",NESLTER
en627,195,2019-02-06T13:23:51Z,Fluorometers on underway impeller,stop,"","",41.469332,-71.40855,"",NESLTER
en627,196,2019-02-06T13:25:51Z,Underway Science seawater impeller,stop,"","",41.471518,-71.408413,"",NESLTER
en627,197,2019-02-06T14:23:04Z,UHDAS for both ADCPs,stop,"","",41.494113,-71.418313,"",NESLTER
en627,198,2019-02-06T14:24:27Z,ADCP300,stop,"","",41.493235,-71.418745,"",NESLTER
en627,199,2019-02-06T14:25:05Z,ADCP75,stop,"","",41.49285,-71.418805,"",NESLTER
en627,200,2019-02-06T14:50:23Z,Ship,endCruise,"","",41.492137,-71.418028,ship still docking,NESLTER
ar34a,1,2019-04-02T15:14:41Z,Ship,other,"","",41.524012,-70.672284,testing GPS,OOI Pioneer
ar34a,2,2019-04-04T15:10:15Z,Ship,startCruise,"","",41.523999,-70.672352,left WHOI dock,OOI Pioneer
ar34a,3,2019-04-04T15:50:15Z,Underway Science seawater,start,"","",41.454677,-70.743926,"",OOI Pioneer
ar34a,4,2019-04-04T16:45:20Z,ADCP300,start,"","",41.367147,-70.908008,"",OOI Pioneer
ar34a,5,2019-04-04T16:45:20Z,ADCP150,start,"","",41.367147,-70.908008,"",OOI Pioneer
ar34a,6,2019-04-04T17:45:20Z,IFCB continuous,start,"","",41.206844,-70.886802,"",OOI Pioneer
ar34a,7,2019-04-04T17:45:20Z,Knudsen 3260,start,"","",41.206844,-70.886802,"",OOI Pioneer
ar34a,8,2019-04-04T20:11:57Z,CTD911,deploy,LTER L3,001,40.863242,-70.881882,c1: 2768 c2: 2670 t1: 4148 t2: 2271,OOI Pioneer
ar34a,9,2019-04-04T20:17:27Z,CTD911,maxDepth,LTER L3,001,40.862838,-70.881713,max depth estimated at 50 m - issue w configuration,OOI Pioneer
ar34a,10,2019-04-04T20:26:34Z,CTD911,recover,LTER L3,001,40.862203,-70.881324,No samples collected,OOI Pioneer
ar34a,11,2019-04-04T23:07:27Z,CTD911,deploy,LTER L5,002,40.51342,-70.882821,c1: 2768 c2: 2670 t1: 4148 t2: 2271,OOI Pioneer
ar34a,12,2019-04-04T23:13:12Z,CTD911,maxDepth,LTER L5,002,40.513428,-70.882833,max depth 72 m,OOI Pioneer
ar34a,13,2019-04-04T23:31:21Z,CTD911,recover,LTER L5,002,40.51344,-70.882843,No samples collected,OOI Pioneer
ar34a,14,2019-04-05T01:26:57Z,CTD911,deploy,LTER L7,003,40.228172,-70.873429,c1: 2768 c2: 2670 t1: 4148 t2: 2271,OOI Pioneer
ar34a,15,2019-04-05T01:35:12Z,CTD911,maxDepth,LTER L7,003,40.228156,-70.873431,max depth 121 m,OOI Pioneer
ar34a,16,2019-04-05T01:44:12Z,CTD911,recover,LTER L7,003,40.228151,-70.873425,No samples collected,OOI Pioneer
ar34a,17,2019-04-05T02:43:27Z,CTD911,deploy,LTER L9,004,40.100161,-70.875519,c1: 2768 c2: 2670 t1: 4148 t2: 2271,OOI Pioneer
ar34a,18,2019-04-05T02:50:42Z,CTD911,maxDepth,LTER L9,004,40.10016,-70.875512,max depth 141 m,OOI Pioneer
ar34a,19,2019-04-05T02:56:42Z,CTD911,recover,LTER L9,004,40.100158,-70.875511,No samples collected,OOI Pioneer
ar34a,52,2019-04-05T05:21:00Z,Underway Science seawater,service,"","",39.932032,-70.8826,intermittent connection to SBE45,OOI Pioneer
ar34a,24,2019-04-05T16:09:23Z,CTD911,deploy,CP04OSSM,005,39.94018,-70.883583,OSSM site center - c1: 2768 c2: 2670 t1: 4148 t2: 2271,OOI Pioneer
ar34a,25,2019-04-05T16:22:38Z,CTD911,maxDepth,CP04OSSM,005,39.940058,-70.883351,max depth 441 m,OOI Pioneer
ar34a,26,2019-04-05T16:44:08Z,CTD911,recover,CP04OSSM,005,39.940061,-70.883346,Samples at 441 236 171 8 m,OOI Pioneer
ar34a,31,2019-04-05T23:11:23Z,CTD911,deploy,AC-1,006,39.921901,-70.901838,AUV 06264 deployment site - c1: 2768 c2: 2670 t1: 4148 t2: 2271,OOI Pioneer
ar34a,32,2019-04-05T23:24:23Z,CTD911,maxDepth,AC-1,006,39.922321,-70.90396,max depth 478 m,OOI Pioneer
ar34a,33,2019-04-05T23:44:20Z,CTD911,recover,AC-1,006,39.922461,-70.90427,Samples at 478 221 78 42 m,OOI Pioneer
ar34a,53,2019-04-06T01:18:00Z,Underway Science seawater,start,"","",40.063835,-70.890724,pco2 sampling started,OOI Pioneer
ar34a,34,2019-04-06T02:48:23Z,CTD911,deploy,"",007,40.089615,-70.889679,overnight test cast by SSSG to check sensors - c1: 2670 c2: 2768 t1: 2271 t2: 4148,OOI Pioneer
ar34a,35,2019-04-06T06:27:23Z,CTD911,deploy,"",008,40.237589,-70.887533,overnight test cast by SSSG to check sensors - c1: 2670 c2: 2768 t1: 2271 t2: 4148 note 2019-04-06T06:25:00+0000 conductivity sensors cleaned - soaked in TritonX greater than 1 hour,OOI Pioneer
ar34a,41,2019-04-06T15:15:53Z,CTD911,deploy,CP01CNSM,009,40.135827,-70.775001,CTD at Central site center - c1: 3093 c2: 2768 t1: 2271 t2: 4148 note 2019-04-06T11:59:53+0000 cond sensor swap - c1 changed from c1: 2670 to c1: 3093,OOI Pioneer
ar34a,42,2019-04-06T15:23:23Z,CTD911,maxDepth,CP01CNSM,009,40.135824,-70.774988,max depth 127 m,OOI Pioneer
ar34a,43,2019-04-06T15:36:47Z,CTD911,recover,CP01CNSM,009,40.135823,-70.775,Samples at 127 85 42 7 m,OOI Pioneer
ar34a,45,2019-04-06T18:14:19Z,CTD911,deploy,CP03ISSM,010,40.36329,-70.884309,Inshore site center,OOI Pioneer
ar34a,46,2019-04-06T18:19:23Z,CTD911,maxDepth,CP03ISSM,010,40.363315,-70.884323,max depth 88 m,OOI Pioneer
ar34a,47,2019-04-06T18:31:51Z,CTD911,recover,CP03ISSM,010,40.363309,-70.884321,Samples at 88 42 22 7 m,OOI Pioneer
ar34a,57,2019-04-07T02:24:23Z,CTD911,deploy,AC-4,011,39.922934,-70.765962,CTD at AUV recovery site AC4,OOI Pioneer
ar34a,58,2019-04-07T02:40:08Z,CTD911,maxDepth,AC-4,011,39.922947,-70.765944,max depth 466 m,OOI Pioneer
ar34a,59,2019-04-07T02:59:20Z,CTD911,recover,AC-4,011,39.923197,-70.765713,Samples at 466 300 220 150 47 2 m,OOI Pioneer
ar34a,60,2019-04-07T04:30:23Z,Ship,other,Central CN,"",40.131044,-70.770479,overnight MET comparison until apprx 08:30 UTC at Central site,OOI Pioneer
ar34a,65,2019-04-07T15:03:11Z,CTD911,deploy,CP03ISSM,012,40.363685,-70.883956,Inshore site center,OOI Pioneer
ar34a,66,2019-04-07T15:09:38Z,CTD911,maxDepth,CP03ISSM,012,40.363696,-70.883936,max depth 86 m,OOI Pioneer
ar34a,68,2019-04-07T15:20:53Z,CTD911,recover,CP03ISSM,012,40.363713,-70.88392,Samples at 86 41 22 7 m,OOI Pioneer
ar34a,79,2019-04-08T00:45:54Z,CTD911,deploy,glider deployment site,013,39.968593,-70.999621,glider deployment site,OOI Pioneer
ar34a,80,2019-04-08T00:59:08Z,CTD911,maxDepth,glider deployment site,013,39.968569,-70.999612,max depth 370 m,OOI Pioneer
ar34a,81,2019-04-08T01:22:23Z,CTD911,recover,glider deployment site,013,39.968556,-70.99962,Samples at 370 250 201 151 100 41 16 2 m,OOI Pioneer
ar34a,83,2019-04-08T03:00:23Z,Ship,other,"","",39.964371,-71.00317,overnight MET comparison at Offshore site until apprx 0900,OOI Pioneer
ar34a,93,2019-04-08T16:34:08Z,CTD911,deploy,UO,014,39.94001,-70.774899,"",OOI Pioneer
ar34a,94,2019-04-08T16:47:23Z,CTD911,maxDepth,UO,014,39.940007,-70.774907,max depth 441 m,OOI Pioneer
ar34a,95,2019-04-08T17:00:49Z,CTD911,recover,UO,014,39.940008,-70.774893,No samples collected,OOI Pioneer
ar34a,96,2019-04-08T18:26:08Z,CTD911,deploy,CN,015,40.136592,-70.775344,"",OOI Pioneer
ar34a,97,2019-04-08T18:31:08Z,CTD911,maxDepth,CN,015,40.136585,-70.775123,max depth 127 m,OOI Pioneer
ar34a,98,2019-04-08T18:38:41Z,CTD911,recover,CN,015,40.136593,-70.774744,No samples collected,OOI Pioneer
ar34a,99,2019-04-08T20:13:20Z,CTD911,deploy,UI,016,40.365257,-70.77574,"",OOI Pioneer
ar34a,100,2019-04-08T20:19:08Z,CTD911,maxDepth,UI,016,40.365101,-70.775349,max depth 89 m,OOI Pioneer
ar34a,104,2019-04-08T23:01:32Z,Ship,other,"","",40.363286,-70.883264,overnight MET comparison at Inshore site until apprx 0900 UTC 9 Apr,OOI Pioneer
ar34a,113,2019-04-09T18:32:20Z,CTD911,deploy,glider 340 recovery,017,40.085512,-70.217907,"",OOI Pioneer
ar34a,114,2019-04-09T18:40:08Z,CTD911,maxDepth,glider 340 recovery,017,40.086049,-70.218283,max depth 151 m,OOI Pioneer
ar34a,115,2019-04-09T18:57:23Z,CTD911,recover,glider 340 recovery,017,40.086531,-70.218502,Samples at 150 107 81 37 10 2 m,OOI Pioneer
ar34a,119,2019-04-10T00:00:32Z,ADCP150,stop,"","",39.948023,-70.865948,"",OOI Pioneer
ar34a,120,2019-04-10T00:00:51Z,ADCP300,stop,"","",39.947844,-70.867017,"",OOI Pioneer
ar34a,121,2019-04-10T00:01:33Z,EK80 broadband,start,"","",39.947514,-70.869145,all channels switched to active sequential pinging,OOI Pioneer
ar34a,122,2019-04-10T10:10:08Z,EK80 broadband,stop,"","",40.358655,-70.869717,transect finished - took 5 minutes of passive data,OOI Pioneer
ar34a,123,2019-04-10T10:21:02Z,EK80 broadband,other,"","",40.351318,-70.838222,EK80 computer time discrepancy 74 seconds fast - machine not set to network/gps time -,OOI Pioneer
ar34a,125,2019-04-10T13:30:28Z,CTD911,deploy,AL-1,018,40.200707,-71.10313,AUV 06263 deploy site,OOI Pioneer
ar34a,126,2019-04-10T13:37:08Z,CTD911,maxDepth,AL-1,018,40.200708,-71.103137,max depth 120 m,OOI Pioneer
ar34a,127,2019-04-10T13:49:23Z,CTD911,recover,AL-1,018,40.200711,-71.103138,Samples at 120 77 47 22 2 m,OOI Pioneer
ar34a,129,2019-04-10T17:40:41Z,CTD911,deploy,AC-1,019,39.9168,-70.906096,AUV 06264 deployment site AC-1,OOI Pioneer
ar34a,130,2019-04-10T17:55:08Z,CTD911,maxDepth,AC-1,019,39.916798,-70.906081,max depth 501 m,OOI Pioneer
ar34a,131,2019-04-10T18:15:23Z,CTD911,recover,AC-1,019,39.916805,-70.906076,Samples at 501 301 152 73 2 m,OOI Pioneer
ar34a,132,2019-04-10T22:50:13Z,CTD911,deploy,AL-2,020,40.20036,-70.555874,"",OOI Pioneer
ar34a,133,2019-04-10T22:56:53Z,CTD911,maxDepth,AL-2,020,40.200367,-70.555857,max depth 115 m,OOI Pioneer
ar34a,134,2019-04-10T23:14:23Z,CTD911,recover,AL-2,020,40.200366,-70.555855,Samples at 115 87 52 27 2 m,OOI Pioneer
ar34a,136,2019-04-11T02:31:06Z,CTD911,deploy,AC-2,021,40.33846,-70.904902,"",OOI Pioneer
ar34a,137,2019-04-11T02:37:23Z,CTD911,maxDepth,AC-2,021,40.338459,-70.904907,max depth 92 m,OOI Pioneer
ar34a,138,2019-04-11T02:47:59Z,CTD911,recover,AC-2,021,40.338448,-70.904909,Samples at 92 60 30 2 m,OOI Pioneer
ar34a,139,2019-04-11T04:47:00Z,Metstation,service,"","",40.20273,-70.55863,errant wind measurements - power cycled system,OOI Pioneer
ar34a,143,2019-04-11T18:30:20Z,EK80 broadband,other,"","",39.779559,-70.883894,synchronized with ADCP150,OOI Pioneer
ar34a,142,2019-04-11T18:30:23Z,ADCP150,start,"","",39.779559,-70.883894,synchronized with EK80,OOI Pioneer
ar34a,145,2019-04-12T09:50:20Z,ADCP150,stop,"","",41.328996,-70.909167,end overnight survey,OOI Pioneer
ar34a,146,2019-04-12T09:50:20Z,EK80 broadband,other,"","",41.328996,-70.909167,no longer synchronized with ADCP 150,OOI Pioneer
ar34a,144,2019-04-12T09:57:21Z,EK80 broadband,stop,"","",41.342468,-70.911494,recorded end-of-survey passive data with and without bridge gear on - adcp off for all,OOI Pioneer
ar34a,147,2019-04-12T12:02:35Z,ADCP150,stop,"","",41.460229,-70.733563,stopped data collection for the cruise - both 150 and 300,OOI Pioneer
ar34a,148,2019-04-12T12:47:35Z,Underway Science seawater,stop,"","",41.487553,-70.680678,"",OOI Pioneer
ar34a,149,2019-04-12T12:47:57Z,IFCB continuous,stop,"","",41.487795,-70.680235,"",OOI Pioneer
ar34a,150,2019-04-12T13:01:24Z,Ship,endCruise,"","",41.510123,-70.669835,"",OOI Pioneer
ar34b,1,2019-04-14T15:08:25Z,Ship,startCruise,"","",41.524007,-70.672298,leave WHOI dock,OOI Pioneer
ar34b,2,2019-04-14T15:23:29Z,ADCP150,start,"","",41.499945,-70.670619,recording started for cruise,OOI Pioneer
ar34b,3,2019-04-14T15:23:55Z,ADCP300,start,"","",41.498464,-70.671002,recording started for cruise,OOI Pioneer
ar34b,4,2019-04-14T15:24:31Z,Underway Science seawater diaphragm pump,start,"","",41.496399,-70.671541,"",OOI Pioneer
ar34b,5,2019-04-14T15:49:09Z,EIMS,start,"","",41.441813,-70.770784,"",OOI Pioneer
ar34b,6,2019-04-14T15:49:37Z,IFCB continuous,start,"","",41.440881,-70.772683,"",OOI Pioneer
ar34b,7,2019-04-14T16:13:39Z,Attune Flow Cytometer,start,"","",41.393688,-70.865017,"",OOI Pioneer
ar34b,8,2019-04-14T18:31:53Z,Underway Science seawater diaphragm pump,IFCB discrete,"",UW1,41.021649,-70.86594,"",OOI Pioneer
ar34b,9,2019-04-14T19:21:57Z,Underway Science seawater diaphragm pump,IFCB discrete,"",UW2,40.890386,-70.847572,"",OOI Pioneer
ar34b,18,2019-04-15T01:23:05Z,CTD911,deploy,CP02PMUI,1,40.364955,-70.775416,"",OOI Pioneer
ar34b,19,2019-04-15T01:40:23Z,CTD911,maxDepth,CP02PMUI,1,40.364974,-70.775429,max depth 87 m,OOI Pioneer
ar34b,76,2019-04-15T01:49:53Z,Underway Science seawater diaphragm pump,TOI discrete,L13,"",40.364984,-70.775421,in duplicate. duplicates surface niskin of cast,OOI Pioneer
ar34b,21,2019-04-15T01:53:38Z,CTD911,recover,CP02PMUI-00013,1,40.364989,-70.775431,Samples at 87 51 26 7 2 m,OOI Pioneer
ar34b,27,2019-04-15T04:36:53Z,CTD911,deploy,L4,2,40.697544,-70.884084,LTER L4 max depth 58m,OOI Pioneer
ar34b,31,2019-04-15T05:06:00Z,Ring Net,deploy,L4,R2,40.697635,-70.886236,LTER L4  target depth 62m,OOI Pioneer
ar34b,32,2019-04-15T05:12:00Z,Ring Net,recover,L4,R2,40.697626,-70.886626,"",OOI Pioneer
ar34b,28,2019-04-15T06:26:38Z,CTD911,deploy,L3,3,40.864259,-70.882611,LTER L3 max depth 47m,OOI Pioneer
ar34b,33,2019-04-15T06:47:00Z,Ring Net,deploy,L3,R3,40.864321,-70.883344,LTER L3 target depth 51m,OOI Pioneer
ar34b,34,2019-04-15T06:54:00Z,Ring Net,recover,L3,R3,40.864357,-70.883618,"",OOI Pioneer
ar34b,29,2019-04-15T08:09:53Z,CTD911,deploy,L2,4,41.030792,-70.881254,LTER L2 max depth 38m,OOI Pioneer
ar34b,35,2019-04-15T08:27:00Z,Ring Net,deploy,L2,R4,41.030731,-70.8809,LTER L2  target depth 42m,OOI Pioneer
ar34b,36,2019-04-15T08:31:00Z,Ring Net,recover,L2,R4,41.030732,-70.880837,"",OOI Pioneer
ar34b,30,2019-04-15T09:51:23Z,CTD911,deploy,L1,5,41.196963,-70.882663,LTER L1 max depth 13m,OOI Pioneer
ar34b,37,2019-04-15T10:05:00Z,Ring Net,deploy,L1,R5,41.196979,-70.882659,LTER L1  target depth 19m,OOI Pioneer
ar34b,38,2019-04-15T10:08:00Z,Ring Net,recover,L1,R5,41.196968,-70.882632,"",OOI Pioneer
ar34b,25,2019-04-15T11:30:23Z,Ship,other,"","",41.378324,-70.869266,shelter in Menemsha Bight,OOI Pioneer
ar34b,23,2019-04-15T14:26:50Z,ADCP150,stop,"","",41.366765,-70.784643,stopped for Menemsha visit,OOI Pioneer
ar34b,24,2019-04-15T14:31:19Z,ADCP300,stop,"","",41.366773,-70.784628,stopped for Menemsha visit,OOI Pioneer
ar34b,77,2019-04-15T19:53:53Z,Underway Science seawater diaphragm pump,TOI discrete,"","",41.367489,-70.785902,"",OOI Pioneer
ar34b,26,2019-04-16T01:04:30Z,SUNAV2,other,"","",41.367493,-70.785949,OOI_SUNA0662 change settings; adaptive sampling off,OOI Pioneer
ar34b,125,2019-04-16T06:59:53Z,Attune Flow Cytometer,stop,"","",41.367488,-70.785902,"",OOI Pioneer
ar34b,126,2019-04-16T09:15:00Z,Attune Flow Cytometer,start,"","",41.367487,-70.785922,"",OOI Pioneer
ar34b,40,2019-04-16T12:25:50Z,Underway Science seawater diaphragm pump,other,"","",41.367455,-70.78596,about 11:45 GMT Stop and start pump to clean strainer. LTER instruments and pco2 stopped while pump off.,OOI Pioneer
ar34b,41,2019-04-16T15:54:44Z,Ship,other,"","",41.367767,-70.788933,depart Menemsha Bight for CI site,OOI Pioneer
ar34b,42,2019-04-16T16:05:23Z,ADCP150,start,"","",41.37242,-70.817832,"",OOI Pioneer
ar34b,43,2019-04-16T16:05:38Z,ADCP300,start,"","",41.3725,-70.818574,"",OOI Pioneer
ar34b,52,2019-04-17T02:54:47Z,CTD911,deploy,Central Inshore CI,6,40.225981,-70.884512,"",OOI Pioneer
ar34b,54,2019-04-17T03:03:53Z,CTD911,maxDepth,Central Inshore CI,6,40.225983,-70.884504,max depth 121 m,OOI Pioneer
ar34b,78,2019-04-17T03:18:53Z,Underway Science seawater diaphragm pump,TOI discrete,L7,"",40.225983,-70.884511,dups surface niskin,OOI Pioneer
ar34b,55,2019-04-17T03:22:08Z,CTD911,recover,Central Inshore CI,6,40.225985,-70.884505,samples at 121 102 75 55 41 32 6.6 6.5 m,OOI Pioneer
ar34b,88,2019-04-17T03:32:00Z,Ring Net,deploy,L7,R6,40.225987,-70.884494,LTER L7 target depth 123m,OOI Pioneer
ar34b,89,2019-04-17T03:40:53Z,Ring Net,recover,L7,R6,40.225981,-70.884521,"",OOI Pioneer
ar34b,80,2019-04-17T06:09:23Z,CTD911,deploy,L5,7,40.513768,-70.882415,LTER L5 max depth 69m,OOI Pioneer
ar34b,90,2019-04-17T06:31:00Z,Ring Net,deploy,L5,R7,40.512712,-70.883638,LTER L5 target depth 73m,OOI Pioneer
ar34b,91,2019-04-17T06:35:00Z,Ring Net,recover,L5,R7,40.512569,-70.883822,"",OOI Pioneer
ar34b,81,2019-04-17T07:48:53Z,CTD911,deploy,L6,8,40.363664,-70.883755,LTER L6 is also Pioneeer Inshore max depth 86m,OOI Pioneer
ar34b,94,2019-04-17T08:14:00Z,Ring Net,deploy,L6,R8,40.363648,-70.883789,LTER L6 target depth 90m,OOI Pioneer
ar34b,95,2019-04-17T08:20:00Z,Ring Net,recover,L6,R8,40.363655,-70.883781,"",OOI Pioneer
ar34b,74,2019-04-17T23:54:14Z,SUNAV2,other,"","",40.272976,-70.91486,OOI_SUNA662 changed INTPRADJ to OFF,OOI Pioneer
ar34b,75,2019-04-18T00:37:05Z,SUNAV2,other,"","",40.15521,-70.951497,LTER_SUNA1227 change INTPRADJ to OFF,OOI Pioneer
ar34b,82,2019-04-18T01:40:23Z,CTD911,deploy,L8,9,40.136937,-70.776397,LTER L8 also Pioneer Central max depth 126m,OOI Pioneer
ar34b,86,2019-04-18T02:10:00Z,Ring Net,deploy,L8,R9,40.136948,-70.776415,LTER L8 target depth 130m,OOI Pioneer
ar34b,87,2019-04-18T02:20:00Z,Ring Net,recover,L8,R9,40.136956,-70.776419,"",OOI Pioneer
ar34b,79,2019-04-18T03:08:53Z,Underway Science seawater diaphragm pump,TOI discrete,"","",40.040275,-70.686624,"",OOI Pioneer
ar34b,83,2019-04-18T05:10:23Z,CTD911,deploy,L11,10,39.77407,-70.883398,LTER L11 max depth 500m,OOI Pioneer
ar34b,92,2019-04-18T06:01:00Z,Ring Net,deploy,L11,R10,39.77475,-70.882573,LTER L11 target depth 200m,OOI Pioneer
ar34b,93,2019-04-18T06:14:00Z,Ring Net,deploy,L11,R10,39.77475,-70.882584,"",OOI Pioneer
ar34b,84,2019-04-18T06:59:53Z,CTD911,deploy,u11a,11,39.773542,-70.776208,LTER u11a max depth 500m,OOI Pioneer
ar34b,85,2019-04-18T08:34:23Z,CTD911,deploy,d11a,12,39.77403,-70.991566,LTER d11a max depth 500m,OOI Pioneer
ar34b,96,2019-04-18T12:12:08Z,Other,other,Ancillary activity,"",39.775646,-70.890012,sailboat Legendary launch,OOI Pioneer
ar34b,118,2019-04-18T23:53:53Z,Underway Science seawater diaphragm pump,TOI discrete,"","",40.320758,-70.805608,"",OOI Pioneer
ar34b,120,2019-04-19T02:08:23Z,CTD911,deploy,L13,13,40.364619,-70.774214,LTER 13 is also Pioneer Upstream Inshore max depth 87m,OOI Pioneer
ar34b,119,2019-04-19T02:18:53Z,Underway Science seawater diaphragm pump,TOI discrete,"","",40.364606,-70.77416,"",OOI Pioneer
ar34b,121,2019-04-19T03:05:53Z,CTD911,deploy,L6,14,40.364105,-70.882883,LTER L6 is also Pioneeer Inshore max depth 86m,OOI Pioneer
ar34b,122,2019-04-19T04:27:23Z,CTD911,deploy,L5,15,40.512378,-70.884066,LTER L5 max depth 69m,OOI Pioneer
ar34b,123,2019-04-19T05:56:08Z,CTD911,deploy,L4,16,40.69675,-70.882664,LTER L4 max depth 57m,OOI Pioneer
ar34b,124,2019-04-19T07:17:38Z,CTD911,deploy,L3,17,40.863191,-70.884925,LTER L3 max depth 47m,OOI Pioneer
ar34b,115,2019-04-19T13:50:53Z,Attune Flow Cytometer,stop,"","",41.472397,-70.734609,"",OOI Pioneer
ar34b,117,2019-04-19T13:51:53Z,EIMS,stop,"","",41.472396,-70.734606,Stopped measuring for Port,OOI Pioneer
ar34b,116,2019-04-19T13:54:53Z,IFCB continuous,stop,"","",41.472391,-70.734593,"",OOI Pioneer
ar34b,114,2019-04-19T15:09:28Z,Ship,other,"","",41.524017,-70.672281,arrive at WHOI dock to shelter,OOI Pioneer
ar34b,221,2019-04-19T15:32:00Z,Ring Net,deploy,L10,R21,41.524,-70.672,LTER L9 target depth 144m,OOI Pioneer
ar34b,222,2019-04-19T15:52:00Z,Ring Net,recover,L10,R21,41.524,-70.672,"",OOI Pioneer
ar34b,127,2019-04-21T16:40:15Z,Ship,other,"","",41.523866,-70.672447,depart WHOI dock for PMCO,OOI Pioneer
ar34b,128,2019-04-21T16:49:53Z,EIMS,start,"","",41.509432,-70.668919,"",OOI Pioneer
ar34b,133,2019-04-21T17:05:00Z,Underway Science seawater diaphragm pump,start,"","",41.478454,-70.702297,"",OOI Pioneer
ar34b,132,2019-04-21T17:15:45Z,IFCB continuous,start,"","",41.460981,-70.738188,"",OOI Pioneer
ar34b,129,2019-04-21T17:19:23Z,ADCP150,start,"","",41.454881,-70.751232,ADCP started after departure - off while in port,OOI Pioneer
ar34b,130,2019-04-21T17:19:38Z,ADCP300,start,"","",41.454466,-70.752102,ADCP started after departure - off while in port,OOI Pioneer
ar34b,131,2019-04-21T17:20:00Z,Attune Flow Cytometer,start,"","",41.454057,-70.752976,"",OOI Pioneer
ar34b,134,2019-04-21T17:45:18Z,Underway Science seawater diaphragm pump,IFCB discrete,"",UW3,41.409279,-70.839694,"",OOI Pioneer
ar34b,135,2019-04-22T03:28:22Z,SUNAV2,other,"","",40.109265,-70.890516,OOI_SUNA662 changed L:D to 1:11,OOI Pioneer
ar34b,144,2019-04-22T05:08:12Z,CTD911,deploy,Central Offshore CO,18,40.098858,-70.884069,"",OOI Pioneer
ar34b,145,2019-04-22T05:15:23Z,CTD911,maxDepth,Central Offshore CO,18,40.098861,-70.884042,max depth 142 m,OOI Pioneer
ar34b,207,2019-04-22T05:33:00Z,Underway Science seawater diaphragm pump,TOI discrete,L9,"",40.098871,-70.884078,In Duplicate also dups L9 surface niskin,OOI Pioneer
ar34b,146,2019-04-22T05:37:08Z,CTD911,recover,Central Offshore CO,18,40.098848,-70.884059,samples at 142 141 140 130 109 76 75 45 46 23 7 m,OOI Pioneer
ar34b,147,2019-04-22T05:41:00Z,Ring Net,deploy,L9,R18,40.098844,-70.884042,LTER L9 target depth 144m,OOI Pioneer
ar34b,148,2019-04-22T05:51:00Z,Ring Net,recover,L9,R18,40.098871,-70.884051,"",OOI Pioneer
ar34b,179,2019-04-22T06:59:53Z,CTD911,deploy,u9a,19,40.098047,-70.776288,LTER u9a max depth 130m,OOI Pioneer
ar34b,180,2019-04-22T08:22:53Z,CTD911,deploy,d9a,20,40.098978,-70.994363,LTER d9a max depth 156m,OOI Pioneer
ar34b,156,2019-04-22T14:40:20Z,CTD911,deploy,Offshore OS,21,39.939381,-70.884442,"",OOI Pioneer
ar34b,157,2019-04-22T14:53:53Z,CTD911,maxDepth,Offshore OS,21,39.939399,-70.884447,max depth 438 m,OOI Pioneer
ar34b,158,2019-04-22T15:25:38Z,CTD911,recover,Offshore OS,21,39.939415,-70.884455,samples at 441 376 241 155 125 50 35 13 7 m,OOI Pioneer
ar34b,208,2019-04-22T15:27:00Z,Underway Science seawater diaphragm pump,TOI discrete,"","",39.939415,-70.884488,approximately dups L10 surf,OOI Pioneer
ar34b,174,2019-04-22T23:52:52Z,CTD911,deploy,Upstream Offshore UO,22,39.939968,-70.775469,"",OOI Pioneer
ar34b,175,2019-04-23T00:06:23Z,CTD911,maxDepth,Upstream Offshore UO,22,39.939997,-70.775453,max depth 443 m,OOI Pioneer
ar34b,176,2019-04-23T00:28:23Z,CTD911,recover,Upstream Offshore UO,22,39.939972,-70.77546,samples at 444 202 203 102 7 m,OOI Pioneer
ar34b,181,2019-04-23T02:01:23Z,CTD911,deploy,L11,23,39.772834,-70.883154,LTER L11 max depth 500m,OOI Pioneer
ar34b,182,2019-04-23T03:18:53Z,CTD911,deploy,L10.5,24,39.85649,-70.883392,LTER 10.5 max depth 500,OOI Pioneer
ar34b,177,2019-04-23T04:33:00Z,SUNAV2,other,"","",39.939065,-70.885235,LTER_SUNA1227 change LtoD to 15to1 prior to L10 cast,OOI Pioneer
ar34b,178,2019-04-23T04:33:41Z,SUNAV2,other,"","",39.939068,-70.885314,OOI_SUNA0662 change LtoD to 5to1 prior to L10 cast,OOI Pioneer
ar34b,183,2019-04-23T04:33:53Z,CTD911,deploy,L10,25,39.939065,-70.885321,LTER L10 is also Pioneer Offshore max depth 439,OOI Pioneer
ar34b,184,2019-04-23T05:46:38Z,CTD911,deploy,L9.5,26,40.019201,-70.882677,LTER L9.5 max depth 243,OOI Pioneer
ar34b,202,2019-04-23T06:55:38Z,CTD911,deploy,L9,27,40.097913,-70.883918,LTER L9 is also Pioneer Central Offshore max depth 139,OOI Pioneer
ar34b,203,2019-04-23T07:47:23Z,CTD911,deploy,L7.5,28,40.162301,-70.883797,LTER L7.5 max depth 135,OOI Pioneer
ar34b,206,2019-04-23T21:09:39Z,EK80 broadband,start,"","",40.377791,-70.772497,started recording for transit - ran first five minutes passive,OOI Pioneer
ar34b,209,2019-04-23T21:59:00Z,Underway Science seawater diaphragm pump,TOI discrete,"","",40.470207,-70.793378,"",OOI Pioneer
ar34b,210,2019-04-24T01:23:00Z,Underway Science seawater diaphragm pump,TOI discrete,"","",40.876349,-70.862931,near L3,OOI Pioneer
ar34b,218,2019-04-24T09:00:15Z,EK80 broadband,stop,"","",41.473914,-70.732834,end of survey,OOI Pioneer
ar34b,212,2019-04-24T09:42:39Z,ADCP150,stop,"","",41.473918,-70.732857,ended cruise.  stopped recording before ek80 survey at 2100 GMT on 23 April,OOI Pioneer
ar34b,213,2019-04-24T09:43:11Z,ADCP300,stop,"","",41.473917,-70.73286,ended cruise.  stopped recording before ek80 survey at 2100 GMT on 23 April,OOI Pioneer
ar34b,214,2019-04-24T10:12:54Z,EIMS,stop,"","",41.473925,-70.732865,"",OOI Pioneer
ar34b,215,2019-04-24T10:43:59Z,Other,end,"","",41.473912,-70.732858,stop pco2 sampling,OOI Pioneer
ar34b,216,2019-04-24T10:55:33Z,Attune Flow Cytometer,stop,"","",41.473916,-70.732859,"",OOI Pioneer
ar34b,217,2019-04-24T11:03:31Z,IFCB continuous,stop,"","",41.475213,-70.723431,"",OOI Pioneer
ar34b,219,2019-04-24T11:29:33Z,Underway Science seawater diaphragm pump,stop,"","",41.508301,-70.669761,stopped before docking,OOI Pioneer
ar34b,220,2019-04-24T11:36:40Z,Ship,endCruise,"","",41.52356,-70.672711,"",OOI Pioneer
ar34b,211,2019-04-25T04:10:00Z,Underway Science seawater diaphragm pump,TOI discrete,"","",NaN,NaN,nearish L1,OOI Pioneer
en644,1,2019-08-15T14:39:20Z,MeteorologicalSensor,start,"","",41.492212,-71.418705,Met sensors remain running and logging,NESLTER
en644,2,2019-08-19T12:57:19Z,Echosounder12,start,"","",41.492177,-71.4187,start 12 KHz before leaving dock,NESLTER
en644,3,2019-08-19T13:03:16Z,Ship,startCruise,"","",41.492222,-71.418587,leaving Narragansett GSO dock last line removed,NESLTER
en644,4,2019-08-19T13:39:09Z,Underway Science seawater impeller,start,"","",41.421562,-71.415303,pump (magnetic impeller pump) on and water valves open to flow through system,NESLTER
en644,5,2019-08-19T13:50:56Z,Thermosalinographs on underway impeller,start,"","",41.392607,-71.420538,SBE21 thermosalinograph started,NESLTER
en644,6,2019-08-19T13:51:43Z,Thermosalinographs on underway impeller,start,"","",41.39064,-71.420885,SBE45 continuously running and pumps started,NESLTER
en644,7,2019-08-19T13:52:34Z,Fluorometers on underway impeller,start,"","",41.388545,-71.42145,Remote Temp and ECOFluor and WETStar fluorometer and SBE21 logging data,NESLTER
en644,8,2019-08-19T14:09:48Z,Underway Science seawater diaphragm pump,start,"","",41.344673,-71.422325,pump (diaphragm pump) on and water valves open to that flow through system,NESLTER
en644,9,2019-08-19T14:10:42Z,UHDAS for both ADCPs,start,"","",41.342323,-71.422322,UHDAS controls the ADCP75 and ADCP300,NESLTER
en644,10,2019-08-19T14:11:21Z,ADCP75,start,"","",41.340617,-71.422428,UHDAS controls the ADCP75 and ADCP300,NESLTER
en644,11,2019-08-19T14:11:49Z,ADCP300,start,"","",41.339388,-71.422372,UHDAS controls the ADCP75 and ADCP300,NESLTER
en644,15,2019-08-19T15:00:00Z,Other,start,"","",41.287965,-71.271192,HOBO data loggger started in ondeck incubators,NESLTER
en644,12,2019-08-19T15:08:12Z,IFCB continuous,start,"","",41.279085,-71.244048,on diaphragm pump system,NESLTER
en644,18,2019-08-19T15:14:57Z,Ship,other,"","",41.275858,-71.230488,bridge UPS died Ship will return to Narragansett to fix the issue,NESLTER
en644,13,2019-08-19T15:30:54Z,EIMS,start,"","",41.26071,-71.186488,"",NESLTER
en644,14,2019-08-19T15:36:00Z,Attune Flow Cytometer,other,"","",41.256192,-71.17405,2 test samples to investigate hv settings matching FCBbeadss and gates,NESLTER
en644,17,2019-08-19T16:30:00Z,Attune Flow Cytometer,start,"","",41.258672,-71.145147,"",NESLTER
en644,35,2019-08-19T16:45:00Z,Other,end,"","",41.258328,-71.141753,HOBO data loggger ended in ondeck incubators,NESLTER
en644,16,2019-08-19T16:57:57Z,SUNAV2,sync time,"","",41.258238,-71.138817,before C1,NESLTER
en644,19,2019-08-19T17:10:00Z,Underway Science seawater impeller,chl discrete,"","",41.258505,-71.135848,"",NESLTER
en644,28,2019-08-19T17:49:00Z,Underway Science seawater impeller,chl discrete,"","",41.258553,-71.125923,"",NESLTER
en644,32,2019-08-19T18:00:00Z,Underway Science seawater impeller,chl discrete,"","",41.260848,-71.12167,"",NESLTER
en644,33,2019-08-19T20:04:00Z,Underway Science seawater impeller,chl discrete,"","",41.38574,-71.36383,"",NESLTER
en644,34,2019-08-19T20:26:00Z,Underway Science seawater impeller,chl discrete,"","",41.41855,-71.404793,"",NESLTER
en644,20,2019-08-19T20:38:04Z,Fluorometers on underway impeller,stop,"","",41.443102,-71.4117,Stop underway pump at mouth of Narragansett Bay,NESLTER
en644,21,2019-08-19T20:38:34Z,Thermosalinographs on underway impeller,stop,"","",41.444188,-71.411725,Stop underway pump at mouth of Narragansett Bay,NESLTER
en644,22,2019-08-19T20:39:14Z,Thermosalinographs on underway impeller,stop,"","",41.445642,-71.411863,Stop underway pump at mouth of Narragansett Bay,NESLTER
en644,23,2019-08-19T20:41:32Z,Underway Science seawater impeller,stop,"","",41.45068,-71.412038,Stop underway pump at mouth of Narragansett Bay,NESLTER
en644,24,2019-08-19T20:45:03Z,EIMS,stop,"","",41.458197,-71.411568,underway water going off so stop eims,NESLTER
en644,25,2019-08-19T20:47:57Z,Underway Science seawater diaphragm pump,stop,"","",41.464312,-71.411178,Stop underway pump at mouth of Narragansett Bay,NESLTER
en644,26,2019-08-19T20:48:59Z,Attune Flow Cytometer,stop,"","",41.466528,-71.411052,pump off for transit back to GSO for repairs,NESLTER
en644,27,2019-08-19T20:49:35Z,IFCB continuous,stop,"","",41.467835,-71.410998,pump off for transit back to GSO for repairs,NESLTER
en644,29,2019-08-19T20:53:17Z,UHDAS for both ADCPs,stop,"","",41.47461,-71.410802,Coming into Narragansett Bay. UHDAS controls the ADCP75 and ADCP300,NESLTER
en644,30,2019-08-19T20:53:45Z,ADCP75,stop,"","",41.475345,-71.410818,Coming into Narragansett Bay. UHDAS controls the ADCP75 and ADCP300,NESLTER
en644,31,2019-08-19T20:54:08Z,ADCP300,stop,"","",41.475953,-71.410848,Coming into Narragansett Bay. UHDAS controls the ADCP75 and ADCP300,NESLTER
en644,36,2019-08-19T21:55:39Z,Echosounder12,stop,"","",41.49219,-71.41872,Alongside; GSO,NESLTER
en644,37,2019-08-19T21:58:27Z,Ship,other,"","",41.492173,-71.418703,Arrival at GSO for UPS swap out,NESLTER
en644,38,2019-08-20T12:28:42Z,Other,start,"","",41.492177,-71.41872,HOBO data loggger started in ondeck incubators,NESLTER
en644,259,2019-08-20T13:30:00Z,Other,start,"","",41.492198,-71.418752,Seawater flow-through incubators on,NESLTER
en644,39,2019-08-20T15:05:22Z,Ship,other,"","",41.492175,-71.418455,leaving Narragansett GSO dock last line removed,NESLTER
en644,40,2019-08-20T15:07:14Z,Echosounder12,start,"","",41.491205,-71.416523,start 12 KHz as leaving dock,NESLTER
en644,41,2019-08-20T15:38:10Z,Underway Science seawater impeller,start,"","",41.417873,-71.414852,pump (magnetic impeller pump) on and water valves open to flow through system,NESLTER
en644,42,2019-08-20T15:39:16Z,Thermosalinographs on underway impeller,start,"","",41.414895,-71.415115,pump (diaphragm pump) on and water valves open to that flow through system,NESLTER
en644,43,2019-08-20T15:39:53Z,Fluorometers on underway impeller,start,"","",41.413253,-71.415277,pump (magnetic impeller pump) on and water valves open to flow through system,NESLTER
en644,44,2019-08-20T15:40:56Z,UHDAS for both ADCPs,start,"","",41.41038,-71.415472,UHDAS controls the ADCP75 and ADCP300,NESLTER
en644,45,2019-08-20T15:41:28Z,ADCP75,start,"","",41.408942,-71.415595,UHDAS controls the ADCP75 and ADCP300,NESLTER
en644,46,2019-08-20T15:41:57Z,ADCP300,start,"","",41.407635,-71.415692,UHDAS controls the ADCP75 and ADCP300,NESLTER
en644,47,2019-08-20T15:42:37Z,Underway Science seawater diaphragm pump,start,"","",41.405837,-71.415833,pump (diaphragm pump) on and water valves open to that flow through system,NESLTER
en644,48,2019-08-20T18:14:50Z,IFCB continuous,start,"","",41.222817,-70.973565,"",NESLTER
en644,49,2019-08-20T18:22:50Z,Attune Flow Cytometer,start,"","",NaN,NaN,still adjusting diaphragm flow settings but start anyways,NESLTER
en644,50,2019-08-20T18:32:00Z,EIMS,start,"","",41.204897,-70.913533,"",NESLTER
en644,51,2019-08-20T18:58:43Z,SUNAV2,onCTD,"","",41.196925,-70.881863,"",NESLTER
en644,52,2019-08-20T18:59:34Z,SUNAV2,sync time,"","",41.196913,-70.881685,synce before C1 - 1 sec slow from yesterday,NESLTER
en644,56,2019-08-20T19:02:02Z,CTD911,deploy,L1,1,41.196873,-70.88124,SUNA did not turn on with 4-part pump relay cable,NESLTER
en644,54,2019-08-20T20:07:17Z,Incubation C13,start,L1,1,41.195367,-70.887705,T0 C13,NESLTER
en644,53,2019-08-20T20:14:17Z,Incubation Grazing,start,L1,1,41.194413,-70.885892,"",NESLTER
en644,66,2019-08-20T20:19:00Z,Bongo Net,deploy,L1,B1,41.193165,-70.883988,"",NESLTER
en644,67,2019-08-20T20:23:02Z,Bongo Net,recover,L1,B1,41.192198,-70.882228,"",NESLTER
en644,55,2019-08-20T20:50:02Z,Incubation Respiration O2,start,L1,"",41.186815,-70.880243,"",NESLTER
en644,62,2019-08-20T20:52:00Z,Underway Science seawater diaphragm pump,DO discrete,"","",41.186498,-70.880453,"",NESLTER
en644,61,2019-08-20T20:52:00Z,Underway Science seawater diaphragm pump,DO discrete,"","",41.186498,-70.880453,"",NESLTER
en644,59,2019-08-20T21:19:32Z,Sting Ray,deploy towed,"",1,41.167212,-70.885515,"",NESLTER
en644,60,2019-08-20T21:20:17Z,Sting Ray,recover,"",1,41.16632,-70.885443,"",NESLTER
en644,243,2019-08-20T22:50:00Z,Sting Ray,deploy towed,between L1 and L2,2,41.083638,-70.883418,"",NESLTER
en644,94,2019-08-20T23:30:00Z,SUNAV2,other,"","",41.031875,-70.884,4way cable no good so revert back to standard ycable with manual power up prior to C2,NESLTER
en644,244,2019-08-20T23:33:00Z,Sting Ray,recover,between L1 and L2,2,41.027692,-70.883455,"",NESLTER
en644,68,2019-08-21T00:01:02Z,Bongo Net,deploy,L2,B2,41.027578,-70.87932,"",NESLTER
en644,69,2019-08-21T00:10:00Z,Bongo Net,recover,L2,B2,41.026545,-70.875723,"",NESLTER
en644,63,2019-08-21T00:30:47Z,CTD911,deploy,L2,2,41.024602,-70.872312,"",NESLTER
en644,70,2019-08-21T00:48:00Z,Underway Science seawater diaphragm pump,TOI discrete,"","",41.023725,-70.871562,"",NESLTER
en644,71,2019-08-21T00:50:00Z,Underway Science seawater diaphragm pump,TOI discrete,"","",41.023602,-70.871483,"",NESLTER
en644,64,2019-08-21T01:36:17Z,Incubation Grazing,start,L2,2,41.025407,-70.74993,"",NESLTER
en644,65,2019-08-21T01:37:17Z,Incubation C13,start,L2,2,41.025483,-70.746362,T0 C13,NESLTER
en644,79,2019-08-21T02:00:00Z,Incubation Respiration O2,start,L2,"",41.029517,-70.665868,"",NESLTER
en644,72,2019-08-21T02:02:00Z,Underway Science seawater diaphragm pump,TOI discrete,"","",41.030632,-70.657858,"",NESLTER
en644,73,2019-08-21T02:22:00Z,Underway Science seawater diaphragm pump,TOI discrete,"","",41.031372,-70.721678,"",NESLTER
en644,84,2019-08-21T02:36:00Z,Underway Science seawater diaphragm pump,TOI discrete,"","",41.028675,-70.770397,"",NESLTER
en644,74,2019-08-21T02:49:47Z,CTD911,deploy,u2a,3,41.030852,-70.767685,"",NESLTER
en644,75,2019-08-21T03:23:38Z,Underway Science seawater diaphragm pump,TOI discrete,"","",41.032732,-70.832607,"",NESLTER
en644,76,2019-08-21T03:39:28Z,Underway Science seawater diaphragm pump,TOI discrete,"","",41.033047,-70.889235,"",NESLTER
en644,85,2019-08-21T03:50:00Z,Underway Science seawater impeller,chl discrete,"","",41.033192,-70.9261,"",NESLTER
en644,77,2019-08-21T03:55:30Z,Underway Science seawater diaphragm pump,TOI discrete,"","",41.032828,-70.945027,"",NESLTER
en644,81,2019-08-21T04:10:00Z,Underway Science seawater diaphragm pump,TOI discrete,"","",41.029827,-70.993115,"",NESLTER
en644,80,2019-08-21T04:24:47Z,CTD911,deploy,d2a,4,41.030425,-70.98923,"",NESLTER
en644,82,2019-08-21T05:09:00Z,Underway Science seawater diaphragm pump,TOI discrete,"","",41.030742,-71.066842,"",NESLTER
en644,83,2019-08-21T05:22:00Z,Underway Science seawater diaphragm pump,TOI discrete,"","",41.031305,-71.112132,"",NESLTER
en644,86,2019-08-21T06:08:00Z,Underway Science seawater impeller,chl discrete,"","",41.028983,-70.95852,"",NESLTER
en644,87,2019-08-21T06:14:00Z,Underway Science seawater impeller,chl discrete,"","",41.02927,-70.936597,"",NESLTER
en644,88,2019-08-21T07:45:02Z,CTD911,deploy,L3,5,40.862957,-70.880422,"",NESLTER
en644,89,2019-08-21T08:15:02Z,Bongo Net,deploy,L3,B5,40.864785,-70.874793,"",NESLTER
en644,90,2019-08-21T08:25:02Z,Bongo Net,recover,L3,B5,40.867588,-70.868742,"",NESLTER
en644,91,2019-08-21T10:29:32Z,CTD911,deploy,L2,6,41.029885,-70.8825,match with start of ISIIS sled tow,NESLTER
en644,92,2019-08-21T10:51:02Z,Sting Ray,deploy towed,L2-L7,3,41.029652,-70.88305,"",NESLTER
en644,93,2019-08-21T12:18:03Z,SUNAV2,sync time,"","",40.927278,-70.88489,half sec slow next is cast 7,NESLTER
en644,95,2019-08-21T17:01:17Z,Underway Science seawater diaphragm pump,DO discrete,"","",40.55719,-70.874195,"",NESLTER
en644,96,2019-08-21T17:35:17Z,Underway Science seawater diaphragm pump,TOI discrete,"","",40.511533,-70.873133,"",NESLTER
en644,97,2019-08-21T19:20:38Z,Underway Science seawater diaphragm pump,TOI discrete,"","",40.36513,-70.874473,"",NESLTER
en644,108,2019-08-21T19:30:02Z,Incubation C13,stop,L1,1,40.352823,-70.873163,TF C13,NESLTER
en644,98,2019-08-21T20:04:32Z,Sting Ray,recover,south of L6,3,40.333917,-70.880468,ran out of disk space; recovered and decided to do regular sampling at L6 (not doing up and down this go round),NESLTER
en644,99,2019-08-21T20:31:32Z,CTD911,deploy,L6,7,40.358042,-70.874395,"",NESLTER
en644,105,2019-08-21T21:12:00Z,Bongo Net,deploy,L6,B7,40.34375,-70.874612,"",NESLTER
en644,111,2019-08-21T21:20:01Z,Incubation C13,start,L6,7,40.33937,-70.874963,T0 C13,NESLTER
en644,106,2019-08-21T21:25:00Z,Bongo Net,recover,L6,B7,40.337322,-70.875178,"",NESLTER
en644,102,2019-08-21T21:40:01Z,Incubation Grazing,start,L6,7,40.337268,-70.88156,T0 grazing,NESLTER
en644,100,2019-08-21T22:06:00Z,Incubation Respiration O2,start,L6,"",40.337558,-70.877688,T0 oxygen,NESLTER
en644,101,2019-08-21T22:12:01Z,Incubation Grazing,stop,L1,1,40.334813,-70.877632,TF grazing,NESLTER
en644,103,2019-08-21T22:16:16Z,Sting Ray,deploy towed,L6,4,40.332373,-70.878325,L6-L7,NESLTER
en644,229,2019-08-21T22:30:01Z,Incubation Respiration O2,stop,L1,"",40.314787,-70.878693,"",NESLTER
en644,139,2019-08-21T23:36:01Z,Incubation C13,stop,L2,2,40.234097,-70.88253,TF C13,NESLTER
en644,104,2019-08-21T23:54:01Z,Sting Ray,recover,L7,4,40.22279,-70.884192,finish of L6 to L7 tow,NESLTER
en644,107,2019-08-22T00:02:01Z,CTD911,deploy,L7,8,40.219538,-70.885083,"",NESLTER
en644,109,2019-08-22T00:40:01Z,Incubation Grazing,stop,L2,2,40.210145,-70.885718,"",NESLTER
en644,230,2019-08-22T01:45:01Z,Incubation Respiration O2,stop,L2,"",40.218687,-70.875343,"",NESLTER
en644,110,2019-08-22T02:18:29Z,Other,other,"","",40.222692,-70.870575,Main engine restarted,NESLTER
en644,115,2019-08-22T02:51:00Z,Bongo Net,deploy,L7,B8,40.221427,-70.884753,"",NESLTER
en644,116,2019-08-22T03:05:00Z,Bongo Net,recover,L7,B8,40.215275,-70.888137,"",NESLTER
en644,113,2019-08-22T04:22:46Z,CTD911,deploy,L8,9,40.126468,-70.781677,"",NESLTER
en644,123,2019-08-22T04:55:00Z,Underway Science seawater diaphragm pump,TOI discrete,L8,"",40.113183,-70.777682,"",NESLTER
en644,114,2019-08-22T04:55:35Z,Underway Science seawater diaphragm pump,TOI discrete,"","",40.113078,-70.77775,"",NESLTER
en644,120,2019-08-22T05:31:01Z,Bongo Net,deploy,L8,B9,40.121223,-70.773693,"",NESLTER
en644,121,2019-08-22T05:36:01Z,Bongo Net,recover,L8,B9,40.11935,-70.779252,Didn't collect sample because of bad weather,NESLTER
en644,251,2019-08-22T05:40:00Z,Incubation C13,stop,L4,"",40.119342,-70.780548,"",NESLTER
en644,117,2019-08-22T05:59:46Z,Incubation Grazing,start,L8,9,40.127702,-70.788795,"",NESLTER
en644,118,2019-08-22T05:59:46Z,Incubation C13,start,L8,9,40.127702,-70.788795,T0 C13,NESLTER
en644,119,2019-08-22T06:00:00Z,Incubation Respiration O2,start,L8,EN644_009,40.127702,-70.788795,"",NESLTER
en644,254,2019-08-22T07:39:00Z,Underway Science seawater impeller,chl discrete,"","",40.097915,-70.770217,"",NESLTER
en644,255,2019-08-22T07:55:00Z,Underway Science seawater impeller,chl discrete,"","",40.098747,-70.718733,"",NESLTER
en644,124,2019-08-22T08:22:00Z,Underway Science seawater diaphragm pump,TOI discrete,"","",40.098765,-70.668727,"",NESLTER
en644,125,2019-08-22T08:39:00Z,Underway Science seawater diaphragm pump,TOI discrete,"","",40.098802,-70.721952,"",NESLTER
en644,126,2019-08-22T08:56:00Z,Underway Science seawater diaphragm pump,TOI discrete,"","",40.09754,-70.770898,"",NESLTER
en644,127,2019-08-22T09:05:00Z,Underway Science seawater diaphragm pump,DO discrete,"","",40.098153,-70.770222,"",NESLTER
en644,122,2019-08-22T09:09:01Z,CTD911,deploy,u9a,10,40.098395,-70.769247,"",NESLTER
en644,256,2019-08-22T09:30:00Z,Underway Science seawater impeller,chl discrete,"","",40.099978,-70.775098,"",NESLTER
en644,128,2019-08-22T09:44:00Z,Underway Science seawater diaphragm pump,TOI discrete,"","",40.100187,-70.822372,"",NESLTER
en644,129,2019-08-22T10:03:00Z,Underway Science seawater diaphragm pump,TOI discrete,"","",40.098363,-70.888077,"",NESLTER
en644,130,2019-08-22T10:18:00Z,Underway Science seawater diaphragm pump,TOI discrete,"","",40.097882,-70.93971,"",NESLTER
en644,131,2019-08-22T10:33:00Z,Underway Science seawater diaphragm pump,TOI discrete,"","",40.098568,-70.989883,"",NESLTER
en644,132,2019-08-22T10:45:01Z,CTD911,deploy,d9a,11,40.096465,-70.991362,"",NESLTER
en644,133,2019-08-22T11:37:00Z,Underway Science seawater diaphragm pump,TOI discrete,"","",40.10053,-71.11169,"",NESLTER
en644,161,2019-08-22T11:40:00Z,SUNAV2,sync time,"","",40.097323,-71.105982,approx half sec slow before  C12,NESLTER
en644,135,2019-08-22T12:47:00Z,Underway Science seawater diaphragm pump,TOI discrete,L9,"",40.094905,-70.884175,"",NESLTER
en644,134,2019-08-22T12:54:31Z,CTD911,deploy,L9,12,40.093863,-70.886952,"",NESLTER
en644,136,2019-08-22T14:09:31Z,Bongo Net,deploy,L9,B12,40.072483,-70.91171,Hit bottom; no sample,NESLTER
en644,137,2019-08-22T14:32:01Z,Bongo Net,recover,L9,B12,40.068873,-70.915242,"",NESLTER
en644,138,2019-08-22T15:07:31Z,Bongo Net,deploy,L9,12b,40.094787,-70.88701,recast at L9 after htting bottom - hit bottom again,NESLTER
en644,140,2019-08-22T15:26:01Z,Bongo Net,recover,L9,12b,40.088695,-70.88842,hit bottom,NESLTER
en644,143,2019-08-22T16:00:00Z,Incubation C13,start,L10,13,40.050345,-70.886418,T0 C13,NESLTER
en644,145,2019-08-22T16:30:00Z,Incubation Grazing,start,L10,13,39.980892,-70.884082,T0 grazing,NESLTER
en644,144,2019-08-22T16:30:00Z,Incubation Respiration O2,start,L10,13,39.980892,-70.884082,"",NESLTER
en644,149,2019-08-22T16:38:00Z,Underway Science seawater diaphragm pump,DO discrete,"","",39.961735,-70.88266,"",NESLTER
en644,141,2019-08-22T16:54:31Z,CTD911,deploy,L10,13,39.938045,-70.886103,"",NESLTER
en644,142,2019-08-22T17:47:01Z,Bongo Net,deploy,L10,B13,39.931922,-70.884948,"",NESLTER
en644,164,2019-08-22T18:15:01Z,Bongo Net,recover,L10,B13,39.925462,-70.888337,"",NESLTER
en644,146,2019-08-22T18:48:16Z,Other,other,"","",39.930075,-70.889553,Finish moving StingRay sled forward and trawl aft to uner the A-frame. Going to next site.,NESLTER
en644,147,2019-08-22T19:04:49Z,Underway Science seawater diaphragm pump,TOI discrete,"","",39.939638,-70.828598,"",NESLTER
en644,148,2019-08-22T19:30:01Z,CTD911,deploy,L12,14,39.934175,-70.775622,"",NESLTER
en644,155,2019-08-22T20:10:01Z,Incubation C13,stop,L6,7,39.923835,-70.769413,TF C13,NESLTER
en644,150,2019-08-22T20:55:38Z,Underway Science seawater diaphragm pump,DO discrete,"","",39.822848,-70.844068,"",NESLTER
en644,153,2019-08-22T21:59:46Z,Incubation Grazing,stop,L6,7,39.771443,-70.773928,"",NESLTER
en644,151,2019-08-22T22:02:01Z,CTD911,deploy,u11a,15,39.770868,-70.77379,300m cast,NESLTER
en644,154,2019-08-22T22:45:00Z,Incubation Respiration O2,stop,L6,"",39.766888,-70.815205,"",NESLTER
en644,152,2019-08-22T22:53:54Z,Underway Science seawater diaphragm pump,TOI discrete,"","",39.768963,-70.844103,"",NESLTER
en644,156,2019-08-22T23:47:31Z,CTD911,deploy,d11a,16,39.772505,-70.987053,300m cast,NESLTER
en644,157,2019-08-23T00:58:01Z,CTD911,deploy,L11,17,39.771988,-70.879623,target depth 1000m,NESLTER
en644,165,2019-08-23T03:07:02Z,Bongo Net,deploy,L11,B17,39.762017,-71.05473,"",NESLTER
en644,166,2019-08-23T03:30:02Z,Bongo Net,recover,L11,B17,39.755982,-71.05592,"",NESLTER
en644,235,2019-08-23T03:45:02Z,Incubation C13,stop,L8,"",39.751535,-71.05732,"",NESLTER
en644,158,2019-08-23T03:54:47Z,Incubation Grazing,start,L11,17,39.754465,-71.057233,"",NESLTER
en644,159,2019-08-23T03:55:17Z,Incubation C13,start,L11,17,39.755882,-71.05688,T0 C13,NESLTER
en644,160,2019-08-23T03:55:41Z,Incubation Respiration O2,start,L11,"",39.756867,-71.056512,"",NESLTER
en644,162,2019-08-23T04:51:47Z,RMT10 Midwater Trawl (Tucker-style),deploy,d11b,1,39.79146,-71.046518,1000m depth goal. ~1400mwo. 30m/min down; 15m/min up. Sample labels say L11.,NESLTER
en644,163,2019-08-23T04:57:46Z,SUNAV2,sync time,"","",39.790568,-71.049453,half sec slow next is cast 17,NESLTER
en644,231,2019-08-23T05:45:02Z,Incubation Respiration O2,stop,L8,"",39.783783,-71.070835,"",NESLTER
en644,226,2019-08-23T05:45:02Z,Incubation Grazing,stop,L8,"",39.783783,-71.070835,"",NESLTER
en644,167,2019-08-23T06:52:17Z,Underway Science seawater diaphragm pump,other,"","",39.774055,-71.104293,turn flow up from 30 to 38. Rachel noticed yesterday flow was less compared to start of cruise,NESLTER
en644,185,2019-08-23T07:10:00Z,RMT10 Midwater Trawl (Tucker-style),recover,d11b,1,39.772305,-71.111618,"",NESLTER
en644,168,2019-08-23T08:14:17Z,Sting Ray,deploy towed,d11b,5,39.79414,-71.061905,deep cast; slow tow,NESLTER
en644,169,2019-08-23T09:16:47Z,Sting Ray,recover,d11b,5,39.793368,-71.072205,"",NESLTER
en644,257,2019-08-23T09:32:00Z,Underway Science seawater impeller,chl discrete,"","",39.792588,-71.074838,"",NESLTER
en644,170,2019-08-23T09:33:02Z,Sting Ray,deploy towed,L11,6,39.792442,-71.075148,"",NESLTER
en644,171,2019-08-23T13:14:00Z,Underway Science seawater diaphragm pump,TOI discrete,"","",39.970957,-70.879297,"",NESLTER
en644,172,2019-08-23T15:14:02Z,Sting Ray,recover,L9,6,40.11194,-70.879212,"",NESLTER
en644,176,2019-08-23T15:37:32Z,CTD911,deploy,L9,18,40.102013,-70.881553,"",NESLTER
en644,178,2019-08-23T16:15:02Z,Bongo Net,deploy,L9,B18,40.115228,-70.8848,3rd attempt to not hit the bottom and get a sample here (success!); 157mwo max  1.5kts thru the water,NESLTER
en644,177,2019-08-23T16:18:05Z,Underway Science seawater diaphragm pump,TOI discrete,"","",40.11663,-70.88507,"",NESLTER
en644,184,2019-08-23T16:30:02Z,Bongo Net,recover,L9,B18,40.12229,-70.886053,"",NESLTER
en644,179,2019-08-23T16:50:32Z,Sting Ray,deploy towed,L9,7,40.134483,-70.8867,"",NESLTER
en644,182,2019-08-23T17:34:00Z,Incubation C13,stop,L10,13,40.185853,-70.882532,TF C13,NESLTER
en644,180,2019-08-23T18:04:43Z,Underway Science seawater diaphragm pump,TOI discrete,"","",40.225418,-70.879662,"",NESLTER
en644,181,2019-08-23T18:31:16Z,Underway Science seawater diaphragm pump,TOI discrete,"","",40.257988,-70.881857,"",NESLTER
en644,232,2019-08-23T18:50:00Z,Incubation Respiration O2,stop,L10,"",40.283703,-70.884732,"",NESLTER
en644,227,2019-08-23T18:50:02Z,Incubation Grazing,stop,L10,"",40.283703,-70.884732,TF grazing,NESLTER
en644,183,2019-08-23T19:43:32Z,Sting Ray,recover,L6,7,40.355503,-70.884783,"",NESLTER
en644,186,2019-08-23T21:03:44Z,Underway Science seawater diaphragm pump,TOI discrete,u6b,"",40.363012,-70.644673,u6b waypoint turnaround,NESLTER
en644,187,2019-08-23T21:33:36Z,Underway Science seawater diaphragm pump,TOI discrete,"","",40.362238,-70.733477,"",NESLTER
en644,188,2019-08-23T21:53:47Z,CTD911,deploy,L13,19,40.361625,-70.774613,"",NESLTER
en644,191,2019-08-23T22:25:00Z,Underway Science seawater diaphragm pump,TOI discrete,"","",40.360367,-70.829432,"",NESLTER
en644,190,2019-08-23T22:40:03Z,Underway Science seawater diaphragm pump,TOI discrete,"","",40.360223,-70.88465,"",NESLTER
en644,192,2019-08-23T22:54:58Z,Underway Science seawater diaphragm pump,TOI discrete,"","",40.361533,-70.939455,"",NESLTER
en644,193,2019-08-23T23:16:02Z,CTD911,deploy,d6a,20,40.362308,-70.992857,"",NESLTER
en644,195,2019-08-23T23:51:00Z,Underway Science seawater diaphragm pump,TOI discrete,"","",40.363815,-71.051892,"",NESLTER
en644,194,2019-08-24T00:05:31Z,Underway Science seawater diaphragm pump,TOI discrete,"","",40.363033,-71.105688,"",NESLTER
en644,196,2019-08-24T01:25:47Z,CTD911,deploy,L6,21,40.368108,-70.875458,"",NESLTER
en644,234,2019-08-24T02:30:00Z,Incubation C13,stop,L11,"",40.479388,-70.882947,"",NESLTER
en644,198,2019-08-24T02:49:47Z,CTD911,deploy,L5,22,40.512462,-70.88231,"",NESLTER
en644,233,2019-08-24T02:59:47Z,Incubation Respiration O2,stop,L11,"",40.514003,-70.883413,"",NESLTER
en644,228,2019-08-24T03:15:00Z,Incubation Grazing,stop,L11,"",40.51668,-70.884888,"",NESLTER
en644,203,2019-08-24T03:21:02Z,Bongo Net,deploy,L5,B22,40.517775,-70.885633,"",NESLTER
en644,204,2019-08-24T03:29:00Z,Bongo Net,recover,L5,B22,40.520582,-70.886502,"",NESLTER
en644,199,2019-08-24T04:53:47Z,Bongo Net,deploy,L4,B23,40.695555,-70.888492,"",NESLTER
en644,201,2019-08-24T05:04:11Z,Bongo Net,recover,L4,B23,40.696807,-70.89368,"",NESLTER
en644,202,2019-08-24T05:15:17Z,CTD911,deploy,L4,23,40.697685,-70.89647,"",NESLTER
en644,206,2019-08-24T06:30:00Z,Incubation C13,start,L4,23,40.695082,-70.750338,T0 C13,NESLTER
en644,205,2019-08-24T06:30:00Z,Incubation Grazing,start,L4,23,40.695082,-70.750338,T0 grazing,NESLTER
en644,207,2019-08-24T07:05:25Z,Underway Science seawater diaphragm pump,TOI discrete,"","",40.694493,-70.662993,"",NESLTER
en644,208,2019-08-24T07:27:55Z,Underway Science seawater diaphragm pump,TOI discrete,"","",40.696302,-70.739667,"",NESLTER
en644,209,2019-08-24T07:56:02Z,CTD911,deploy,u4a,24,40.696702,-70.775767,"",NESLTER
en644,210,2019-08-24T08:33:17Z,SUNAV2,sync time,"","",40.70241,-70.794315,1 sec slow before C25 - difficulty syncing clock,NESLTER
en644,211,2019-08-24T08:48:31Z,Underway Science seawater diaphragm pump,TOI discrete,"","",40.700283,-70.847747,"",NESLTER
en644,215,2019-08-24T09:08:00Z,Underway Science seawater diaphragm pump,TOI discrete,"","",40.700283,-70.90192,"",NESLTER
en644,212,2019-08-24T09:17:01Z,Underway Science seawater diaphragm pump,TOI discrete,"","",40.6994,-70.933967,"",NESLTER
en644,216,2019-08-24T09:20:00Z,Underway Science seawater diaphragm pump,TOI discrete,"","",40.698867,-70.945017,"",NESLTER
en644,213,2019-08-24T09:43:17Z,CTD911,deploy,d4a,25,40.697343,-70.994752,"",NESLTER
en644,217,2019-08-24T10:31:00Z,Underway Science seawater diaphragm pump,TOI discrete,"","",40.696972,-71.055567,"",NESLTER
en644,218,2019-08-24T10:49:00Z,Underway Science seawater diaphragm pump,TOI discrete,"","",40.69589,-71.101757,"",NESLTER
en644,219,2019-08-24T12:08:00Z,Underway Science seawater diaphragm pump,TOI discrete,"","",40.66943,-70.892235,"",NESLTER
en644,214,2019-08-24T13:44:20Z,Underway Science seawater diaphragm pump,TOI discrete,"","",40.398558,-70.892423,"",NESLTER
en644,220,2019-08-24T14:17:47Z,Sting Ray,deploy towed,L6,8,40.355732,-70.88619,"",NESLTER
en644,221,2019-08-24T15:10:00Z,Underway Science seawater diaphragm pump,TOI discrete,"","",40.42655,-70.893142,"",NESLTER
en644,222,2019-08-24T16:25:00Z,Underway Science seawater diaphragm pump,TOI discrete,"","",40.519502,-70.886882,"",NESLTER
en644,223,2019-08-24T17:32:45Z,Underway Science seawater diaphragm pump,TOI discrete,"","",40.605162,-70.881807,"",NESLTER
en644,224,2019-08-24T17:32:50Z,Underway Science seawater diaphragm pump,TOI discrete,"","",40.605267,-70.881802,"",NESLTER
en644,225,2019-08-24T18:04:52Z,Underway Science seawater diaphragm pump,TOI discrete,"","",40.646355,-70.879033,"",NESLTER
en644,236,2019-08-24T19:34:52Z,Underway Science seawater diaphragm pump,TOI discrete,"","",40.763165,-70.876235,"",NESLTER
en644,237,2019-08-24T20:57:57Z,Underway Science seawater diaphragm pump,TOI discrete,"","",40.867683,-70.878287,"",NESLTER
en644,238,2019-08-24T21:39:28Z,Underway Science seawater diaphragm pump,TOI discrete,"","",40.917118,-70.8771,"",NESLTER
en644,239,2019-08-24T21:39:33Z,Underway Science seawater diaphragm pump,TOI discrete,"","",40.917223,-70.877112,"",NESLTER
en644,240,2019-08-24T23:17:38Z,Underway Science seawater diaphragm pump,TOI discrete,"","",41.03308,-70.88191,"",NESLTER
en644,245,2019-08-24T23:35:02Z,Sting Ray,recover,L2,8,41.05298,-70.882177,"",NESLTER
en644,241,2019-08-25T00:04:55Z,CTD911,deploy,North of L2,26,41.059935,-70.880987,Start of CTD is near end of Sting Ray sled tow,NESLTER
en644,242,2019-08-25T01:11:02Z,CTD911,deploy,L1.5,27,41.117168,-70.884937,"",NESLTER
en644,246,2019-08-25T01:52:19Z,Underway Science seawater diaphragm pump,TOI discrete,"","",41.17566,-70.883942,"",NESLTER
en644,247,2019-08-25T02:13:24Z,CTD911,deploy,L1,28,41.19836,-70.883815,"",NESLTER
en644,248,2019-08-25T04:35:25Z,CTD911,deploy,MVCO,29,41.318858,-70.586063,"",NESLTER
en644,249,2019-08-25T04:43:02Z,Bongo Net,deploy,MVCO,B29,41.317503,-70.585312,"",NESLTER
en644,250,2019-08-25T04:47:02Z,Bongo Net,recover,MVCO,B29,41.317375,-70.583172,"",NESLTER
en644,252,2019-08-25T04:50:00Z,Incubation Grazing,stop,L4,"",41.316247,-70.582155,"",NESLTER
en644,253,2019-08-25T06:08:48Z,Other,end,"","",41.237138,-70.753595,HOBO data loggger ended in ondeck incubators,NESLTER
en644,260,2019-08-25T09:36:19Z,SUNAV2,sync time,"","",41.286215,-71.293167,2 sec slow at end of cruise,NESLTER
en644,261,2019-08-25T11:25:40Z,EIMS,stop,"","",41.355317,-71.34932,"",NESLTER
en644,262,2019-08-25T11:26:32Z,Attune Flow Cytometer,stop,"","",41.35634,-71.349555,"",NESLTER
en644,263,2019-08-25T11:42:25Z,IFCB continuous,stop,"","",41.375598,-71.354032,"",NESLTER
en644,264,2019-08-25T14:03:08Z,Underway Science seawater diaphragm pump,stop,"","",41.49469,-71.418592,Stop underway pump at mouth of Narragansett Bay ~1330z,NESLTER
en644,265,2019-08-25T14:03:51Z,Underway Science seawater impeller,stop,"","",41.494258,-71.418645,pump (magnetic impeller pump) off about half an hour ago then freshwater flushed  then water valves closed to flow through system,NESLTER
en644,266,2019-08-25T14:04:31Z,Fluorometers on underway impeller,stop,"","",41.493897,-71.418695,pump (magnetic impeller pump) off  then freshwaer flushed  then water valves closed to flow through system,NESLTER
en644,267,2019-08-25T14:05:35Z,Thermosalinographs on underway impeller,stop,"","",41.493413,-71.41877,pump (magnetic impeller pump) off about half an hour ago then freshwater flushed  then water valves closed to flow through system,NESLTER
en644,268,2019-08-25T14:06:11Z,UHDAS for both ADCPs,stop,"","",41.493187,-71.418807,Coming into Narragansett Bay. UHDAS controls the ADCP75 and ADCP300,NESLTER
en644,269,2019-08-25T14:06:37Z,ADCP75,stop,"","",41.493037,-71.41881,Coming into Narragansett Bay. UHDAS controls the ADCP75 and ADCP300,NESLTER
en644,270,2019-08-25T14:07:23Z,ADCP300,stop,"","",41.49281,-71.41882,Coming into Narragansett Bay. UHDAS controls the ADCP75 and ADCP300,NESLTER
en644,271,2019-08-25T14:15:30Z,Echosounder12,stop,"","",41.49218,-71.41868,"",NESLTER
en644,272,2019-08-25T14:16:49Z,Ship,endCruise,GSO,"",41.49218,-71.418687,"",NESLTER
en644,273,2019-08-25T14:31:21Z,MeteorologicalSensor,other,"","",41.492187,-71.418712,Met sensors remain running and logging,NESLTER
en644,258,2019-08-28T05:45:00Z,Other,end,"","",NaN,NaN,Seawater flow-through incubators off,NESLTER
ar38,NaN,2019-09-19T05:06:05Z,Bongo Net,deploy,L6,8,41.524,-70.672,Net holded ~7min (wire stucked) when pulled back - wire out ~10m,JP Student
ar38,NaN,2019-09-19T05:25:05Z,Bongo Net,recover,L6,8,41.524,-70.672,Net holded ~7min (wire stucked) when pulled back - wire out ~10m,JP Student
ar38,4,2019-09-20T14:13:39Z,Ship,startCruise,"","",41.513935,-70.670254,"",JP Student
ar38,5,2019-09-20T14:14:16Z,Underway Science seawater diaphragm pump,start,"","",41.512243,-70.66981,"",JP Student
ar38,6,2019-09-20T14:26:09Z,IFCB continuous,start,"","",41.482911,-70.68863,"",JP Student
ar38,7,2019-09-20T17:00:20Z,CTD911,deploy,L1,1,41.197125,-70.881878,"",JP Student
ar38,8,2019-09-20T17:02:58Z,SUNAV2,onCTD,"","",41.197333,-70.882149,prior to C1,JP Student
ar38,9,2019-09-20T17:03:37Z,Other,other,"","",41.197373,-70.882217,CPICS onCTD prior to C1,JP Student
ar38,10,2019-09-20T17:05:00Z,SUNAV2,sync time,"","",41.197379,-70.882219,sync prior to C1,JP Student
ar38,11,2019-09-20T17:23:05Z,CTD911,recover,L1,1,41.19681,-70.88204,bottles failed to fire,JP Student
ar38,12,2019-09-20T18:46:50Z,Bongo Net,deploy,"","",40.976612,-70.87592,"",JP Student
ar38,13,2019-09-20T19:47:50Z,CTD911,deploy,L3,2,40.863401,-70.882882,"",JP Student
ar38,14,2019-09-20T20:16:54Z,PCO2,start,"","",40.86197,-70.883008,late entry - pco2 started data collection at 1922 GMT,JP Student
ar38,18,2019-09-20T20:33:05Z,Bongo Net,deploy,L3,2,40.855796,-70.888831,deployed oblique,JP Student
ar38,15,2019-09-20T20:37:50Z,CTD911,recover,L3,2,40.854207,-70.889912,late-entry; probable bottles misfiring,JP Student
ar38,19,2019-09-20T20:39:05Z,Bongo Net,recover,L3,2,40.85379,-70.890152,"",JP Student
ar38,16,2019-09-20T21:12:02Z,Other,start,L3,B1,40.863242,-70.88305,bucket sample,JP Student
ar38,17,2019-09-20T22:08:20Z,CTD911,deploy,L3,3,40.862757,-70.882813,2nd cast at this location; overwrote the first one,JP Student
ar38,61,2019-09-20T23:24:35Z,CTD911,deploy,4,4,40.781031,-70.8835,"",JP Student
ar38,20,2019-09-21T00:53:05Z,CTD911,deploy,LTER4,5,40.69568,-70.884078,"",JP Student
ar38,64,2019-09-21T01:51:43Z,CTD911,deploy,6,6,40.605693,-70.884469,"",JP Student
ar38,24,2019-09-21T03:12:35Z,CTD911,deploy,LTER5,7,40.514185,-70.883307,"",JP Student
ar38,26,2019-09-21T04:25:11Z,CTD911,deploy,L6,8,40.362626,-70.883906,"",JP Student
ar38,27,2019-09-21T04:29:08Z,SUNAV2,sync time,"","",40.362374,-70.883848,1sec slow prior to C7,JP Student
ar38,30,2019-09-21T06:33:55Z,CTD911,deploy,L7,9,40.225132,-70.881183,"",JP Student
ar38,31,2019-09-21T07:10:05Z,Bongo Net,deploy,L7,9,40.222495,-70.882609,Deployed from back deck - angle hard to measure,JP Student
ar38,32,2019-09-21T07:25:00Z,Bongo Net,recover,L7,9,40.219599,-70.890339,"",JP Student
ar38,33,2019-09-21T08:33:28Z,CTD911,deploy,L9,10,40.097411,-70.883602,"",JP Student
ar38,34,2019-09-21T09:09:00Z,Bongo Net,deploy,L9,10,40.095642,-70.883984,"",JP Student
ar38,35,2019-09-21T09:27:00Z,Bongo Net,recover,L9,10,40.094654,-70.894699,"",JP Student
ar38,40,2019-09-21T10:46:20Z,CTD911,deploy,L10,11,39.9378,-70.885674,Late entry; CTD time taken from instrument.,JP Student
ar38,37,2019-09-21T11:32:00Z,Bongo Net,deploy,L10,11,39.935906,-70.885546,"",JP Student
ar38,38,2019-09-21T11:59:00Z,Bongo Net,recover,L10,11,39.934905,-70.903754,"",JP Student
ar38,36,2019-09-21T12:56:42Z,Other,end,"","",39.948688,-70.946443,Glider recovery for OOI,JP Student
ar38,39,2019-09-21T15:11:05Z,CTD911,deploy,L11,12,39.770884,-70.89049,"",JP Student
ar38,41,2019-09-21T15:18:00Z,Bongo Net,deploy,L11,12,39.770931,-70.892319,"",JP Student
ar38,42,2019-09-21T15:43:00Z,Bongo Net,recover,L11,12,39.773846,-70.910509,"",JP Student
ar38,43,2019-09-21T16:07:00Z,RMT10 Midwater Trawl (Tucker-style),deploy,L11,12,39.771937,-70.91508,sending 1500 m wire out,JP Student
ar38,44,2019-09-21T17:28:17Z,SUNAV2,sync time,"","",39.777445,-71.012867,slightly less than 1sec slow prior to C13,JP Student
ar38,45,2019-09-21T18:38:00Z,RMT10 Midwater Trawl (Tucker-style),recover,"","",39.785893,-71.094081,"",JP Student
ar38,47,2019-09-22T00:42:05Z,CTD911,deploy,13 (B2),13,40.610301,-70.881388,Entered in late; was actually taken on 9/22/19 at 00:42:01 UTC,JP Student
ar38,46,2019-09-22T02:05:29Z,CTD911,deploy,14,14,40.701825,-70.882205,"",JP Student
ar38,49,2019-09-22T02:12:05Z,Bongo Net,deploy,4,14,40.702398,-70.88199,"",JP Student
ar38,50,2019-09-22T02:20:00Z,Bongo Net,recover,4,14,40.704029,-70.87539,"",JP Student
ar38,48,2019-09-22T03:15:35Z,CTD911,deploy,15 (B1),15,40.781601,-70.883029,Was entered in late; taken at 9/22/19 at 03:15:32 UTC,JP Student
ar38,51,2019-09-22T04:19:05Z,CTD911,deploy,L3,16,40.86415,-70.88338,"",JP Student
ar38,52,2019-09-22T04:37:00Z,Bongo Net,deploy,3,16,40.864515,-70.881447,"",JP Student
ar38,53,2019-09-22T04:43:00Z,Bongo Net,recover,3,16,40.867904,-70.880566,"",JP Student
ar38,54,2019-09-22T05:28:34Z,CTD911,deploy,B3,17,40.94767,-70.882925,"",JP Student
ar38,55,2019-09-22T07:05:40Z,CTD911,deploy,W1,18,41.030135,-70.999905,"",JP Student
ar38,56,2019-09-22T08:09:23Z,CTD911,deploy,L2,19,41.030141,-70.883197,"",JP Student
ar38,57,2019-09-22T08:25:00Z,Bongo Net,deploy,L2,19,41.030446,-70.88325,"",JP Student
ar38,58,2019-09-22T08:30:00Z,Bongo Net,recover,L2,19,41.032635,-70.880699,"",JP Student
ar38,59,2019-09-22T09:22:24Z,CTD911,deploy,B4,20,41.114079,-70.882813,"",JP Student
ar38,60,2019-09-22T13:40:06Z,SUNAV2,sync time,"","",41.433633,-70.797578,end of cruise 1sec slow,JP Student
ar38,63,2019-09-22T13:51:40Z,UHDAS,stop,"","",41.440115,-70.778511,stopped collecting data and ended cruise on currents1,JP Student
ar38,65,2019-09-22T14:18:06Z,PCO2,stop,"","",41.462766,-70.728986,secured pco2 data collection with standards run at the end,JP Student
ar38,66,2019-09-22T14:59:07Z,Knudsen 3260,stop,"","",41.509676,-70.669421,"",JP Student
ar38,67,2019-09-22T15:02:29Z,Underway Science seawater diaphragm pump,stop,"","",41.518775,-70.672601,"",JP Student
ar38,68,2019-09-22T15:03:23Z,Ship,endCruise,"","",41.52088,-70.673322,"",JP Student
ar39a,1,2019-09-24T09:14:12Z,Transmissometer 10cm,calibrate,"","",41.524013,-70.67228,fresh; light; dark calibrations performed before cruise,OOI Pioneer
ar39a,2,2019-09-24T09:14:12Z,Transmissometer 25cm,calibrate,"","",41.524013,-70.67228,fresh; light; dark calibrations performed before cruise,OOI Pioneer
ar39a,3,2019-09-25T16:55:40Z,Ship,startCruise,"","",41.522909,-70.673276,Depart WHOI,OOI Pioneer
ar39a,4,2019-09-25T16:59:19Z,Knudsen 3260,start,"","",41.518569,-70.672456,"",OOI Pioneer
ar39a,5,2019-09-25T17:05:21Z,Underway Science seawater diaphragm pump,start,"","",41.502067,-70.670535,start underway flow for  cruise,OOI Pioneer
ar39a,6,2019-09-25T17:13:01Z,UHDAS,start,"","",41.481356,-70.690317,acquisition started with interleaved OS150 pings and no OS38,OOI Pioneer
ar39a,7,2019-09-25T18:31:26Z,PCO2,start,"","",41.309175,-70.917543,"",OOI Pioneer
ar39a,12,2019-09-26T00:50:01Z,EK80 broadband,start,CP01CNSM-00011,"",40.139897,-70.765289,survey comparrison at CNSM-11; first 5 min in passive mode,OOI Pioneer
ar39a,9,2019-09-26T00:51:01Z,UHDAS,stop,CP01CNSM-00011,"",40.139893,-70.765287,ADCP stopped for ek80 survey,OOI Pioneer
ar39a,10,2019-09-26T00:51:46Z,Knudsen 3260,stop,CP01CNSM-00011,"",40.139898,-70.765288,stopped for ek80 survey,OOI Pioneer
ar39a,11,2019-09-26T01:01:08Z,EK80 broadband,start,CP01CNSM-00011,"",40.139902,-70.765288,"",OOI Pioneer
ar39a,13,2019-09-26T02:55:01Z,EK80 broadband,stop,CP01CNSM-00011,"",40.139906,-70.765293,completed 2-hour survey comparrison at CNSM-11,OOI Pioneer
ar39a,14,2019-09-26T03:00:00Z,UHDAS,start,CP01CNSM-00011,"",40.139891,-70.765307,ADCP started after 2-hour ek80 survey comparison,OOI Pioneer
ar39a,15,2019-09-26T03:00:00Z,Knudsen 3260,start,CP01CNSM-00011,"",40.139891,-70.765307,started after 2-hour ek80 survey comparison,OOI Pioneer
ar39a,19,2019-09-26T14:13:16Z,CTD911,deploy,CP03ISSM,001,40.363687,-70.881577,"",OOI Pioneer
ar39a,20,2019-09-26T14:22:19Z,CTD911,maxDepth,CP03ISSM,001,40.363688,-70.881591,max depth 87 m,OOI Pioneer
ar39a,21,2019-09-26T14:32:32Z,CTD911,recover,CP03ISSM,001,40.363685,-70.881579,"",OOI Pioneer
ar39a,28,2019-09-26T19:53:16Z,CTD911,deploy,CP01CNSM-00011,002,40.136491,-70.775114,"",OOI Pioneer
ar39a,29,2019-09-26T20:02:46Z,CTD911,maxDepth,CP01CNSM-00011,002,40.136453,-70.774975,max depth 127 m,OOI Pioneer
ar39a,30,2019-09-26T20:18:16Z,CTD911,recover,CP01CNSM-00011,002,40.136079,-70.774254,"",OOI Pioneer
ar39a,31,2019-09-27T00:07:37Z,UHDAS,stop,ISSM,"",40.36258,-70.880883,ADCP stopped for ek80 survey of ISSM buoys,OOI Pioneer
ar39a,32,2019-09-27T00:10:35Z,Knudsen 3260,stop,ISSM,"",40.36499,-70.884524,stopped for ek80 survey of ISSM buoys,OOI Pioneer
ar39a,33,2019-09-27T00:15:31Z,EK80 broadband,start,ISSM,"",40.365127,-70.885324,ek80 2-hour comparison survey; first 5 min in passive mode,OOI Pioneer
ar39a,34,2019-09-27T02:20:21Z,EK80 broadband,stop,ISSM,"",40.366064,-70.885295,completed 2-hour survey comparrison at ISSM,OOI Pioneer
ar39a,35,2019-09-27T02:21:20Z,UHDAS,start,ISSM,"",40.366063,-70.885309,started after completion of ek80 survey,OOI Pioneer
ar39a,36,2019-09-27T02:22:59Z,Knudsen 3260,start,ISSM,"",40.366084,-70.8853,started after completion of ek80 survey,OOI Pioneer
ar39a,39,2019-09-27T12:38:18Z,CTD911,deploy,Glider,003,40.050882,-70.600447,"",OOI Pioneer
ar39a,41,2019-09-27T12:46:22Z,CTD911,maxDepth,Glider,003,40.050894,-70.600428,max depth 125 m,OOI Pioneer
ar39a,42,2019-09-27T12:59:40Z,CTD911,recover,Glider,003,40.050824,-70.600773,"",OOI Pioneer
ar39a,45,2019-09-27T18:56:05Z,CTD911,deploy,CP01CNSM-00012,004,40.136563,-70.775334,"",OOI Pioneer
ar39a,46,2019-09-27T19:07:16Z,CTD911,maxDepth,CP01CNSM-00012,004,40.135961,-70.774803,max depth 127 m,OOI Pioneer
ar39a,48,2019-09-27T19:22:24Z,CTD911,recover,CP01CNSM-00012,004,40.134598,-70.774126,"",OOI Pioneer
ar39a,50,2019-09-27T21:29:31Z,Knudsen 3260,stop,OSSM,"",39.940623,-70.883479,stopped for ek80 survey of OSSM-10 buoy,OOI Pioneer
ar39a,51,2019-09-27T21:30:46Z,UHDAS,stop,OSSM,"",39.94063,-70.8835,ADCP stopped for ek80 survey of OSSM-10 buoy,OOI Pioneer
ar39a,52,2019-09-27T21:40:00Z,EK80 broadband,start,OSSM,"",39.940647,-70.883503,survey comparrison at OSSM-10; first 5 min in passive mode,OOI Pioneer
ar39a,53,2019-09-27T23:45:40Z,EK80 broadband,stop,OSSM,"",39.940661,-70.883479,end of 2-hour survey comparrison at OSSM-10,OOI Pioneer
ar39a,54,2019-09-27T23:46:33Z,UHDAS,start,OSSM,"",39.94066,-70.883478,started after completion of ek80 survey,OOI Pioneer
ar39a,55,2019-09-27T23:47:01Z,Knudsen 3260,start,OSSM,"",39.940659,-70.88348,started after completion of ek80 survey,OOI Pioneer
ar39a,56,2019-09-28T11:56:19Z,CTD911,deploy,CP04OSSM-00010,005,39.939875,-70.883203,"",OOI Pioneer
ar39a,57,2019-09-28T12:12:32Z,CTD911,maxDepth,CP04OSSM-00010,005,39.939891,-70.883183,max depth 437 m,OOI Pioneer
ar39a,58,2019-09-28T12:29:24Z,CTD911,recover,CP04OSSM-00010,005,39.939885,-70.883184,"",OOI Pioneer
ar39a,64,2019-09-28T23:18:01Z,UHDAS,stop,CNSM,"",40.136802,-70.77532,ADCP stopped for ek80 survey of CNSM-12 buoy,OOI Pioneer
ar39a,65,2019-09-28T23:19:16Z,Knudsen 3260,stop,CNSM,"",40.1368,-70.775335,stopped for ek80 survey of CNSM-12 buoy,OOI Pioneer
ar39a,66,2019-09-28T23:20:33Z,EK80 broadband,start,CNSM,"",40.136805,-70.775329,survey comparrison at CNSM; first 5 min in passive mode,OOI Pioneer
ar39a,67,2019-09-29T01:30:00Z,EK80 broadband,stop,CNSM,"",40.136798,-70.775329,completed 2-hour survey comparrison at CNSM,OOI Pioneer
ar39a,68,2019-09-29T01:31:00Z,UHDAS,start,CNSM,"",40.136799,-70.775331,ADCP started after completion of ek80 survey,OOI Pioneer
ar39a,69,2019-09-29T01:32:00Z,Knudsen 3260,start,CNSM,"",40.136798,-70.775334,"",OOI Pioneer
ar39a,72,2019-09-29T15:13:16Z,CTD911,deploy,OSSM-11,006,39.939708,-70.883816,"",OOI Pioneer
ar39a,73,2019-09-29T15:29:46Z,CTD911,maxDepth,OSSM-11,006,39.939717,-70.883833,ctd max depth 434 m,OOI Pioneer
ar39a,74,2019-09-29T15:50:46Z,CTD911,recover,OSSM-11,006,39.939722,-70.883829,"",OOI Pioneer
ar39a,81,2019-09-29T23:32:02Z,UHDAS,stop,OSSM,"",39.935811,-70.894299,ADCP stopped for ek80 survey of OSSM buoy,OOI Pioneer
ar39a,82,2019-09-29T23:32:51Z,Knudsen 3260,stop,OSSM,"",39.935855,-70.894312,stopped for ek80 survey of OSSM buoy,OOI Pioneer
ar39a,83,2019-09-29T23:33:29Z,EK80 broadband,start,OSSM,"",39.935879,-70.894323,survey comparrison at OSSM; first 5 min in passive mode,OOI Pioneer
ar39a,84,2019-09-30T01:38:43Z,EK80 broadband,stop,OSSM,"",39.936439,-70.894744,completed 2-hour survey comparrison at OSSM,OOI Pioneer
ar39a,85,2019-09-30T01:39:34Z,UHDAS,start,OSSM,"",39.936431,-70.894705,ADCP started after completion of ek80 survey,OOI Pioneer
ar39a,86,2019-09-30T01:45:06Z,Knudsen 3260,start,OSSM,"",39.936289,-70.894635,started after completion of ek80 survey,OOI Pioneer
ar39a,88,2019-09-30T12:58:46Z,CTD911,deploy,UO,007,39.939841,-70.776126,AUV survey,OOI Pioneer
ar39a,89,2019-09-30T13:17:21Z,CTD911,maxDepth,UO,007,39.940393,-70.77657,AUV survey CTD max depth 439 m,OOI Pioneer
ar39a,90,2019-09-30T13:37:37Z,CTD911,recover,UO,007,39.94093,-70.776935,AUV survey,OOI Pioneer
ar39a,91,2019-09-30T14:15:31Z,CTD911,deploy,CS-4,008,40.007044,-70.77506,AUV survey,OOI Pioneer
ar39a,92,2019-09-30T14:30:01Z,CTD911,maxDepth,CS-4,008,40.007176,-70.775237,AUV survey CTD max depth 258 m,OOI Pioneer
ar39a,93,2019-09-30T14:45:36Z,CTD911,recover,CS-4,008,40.007126,-70.77523,AUV survey,OOI Pioneer
ar39a,94,2019-09-30T15:20:06Z,CTD911,deploy,CS-3,009,40.071357,-70.775368,AUV survey,OOI Pioneer
ar39a,95,2019-09-30T15:29:01Z,CTD911,maxDepth,CS-3,009,40.071638,-70.775598,AUV survey CTD max depth 132 m,OOI Pioneer
ar39a,96,2019-09-30T15:52:01Z,CTD911,recover,CS-3,009,40.071557,-70.77554,AUV survey,OOI Pioneer
ar39a,97,2019-09-30T16:30:24Z,CTD911,deploy,CN,010,40.137188,-70.775044,AUV survey,OOI Pioneer
ar39a,98,2019-09-30T16:39:58Z,CTD911,maxDepth,CN,010,40.137077,-70.774944,AUV survey CTD max depth 122 m,OOI Pioneer
ar39a,99,2019-09-30T16:55:10Z,CTD911,recover,CN,010,40.13722,-70.775071,AUV survey,OOI Pioneer
ar39a,100,2019-09-30T18:17:06Z,CTD911,deploy,CS-2,011,40.220298,-70.774464,AUV survey,OOI Pioneer
ar39a,101,2019-09-30T18:27:53Z,CTD911,maxDepth,CS-2,011,40.220288,-70.774449,AUV survey CTD max depth 114 m,OOI Pioneer
ar39a,102,2019-09-30T18:42:46Z,CTD911,recover,CS-2,011,40.220322,-70.774459,AUV survey,OOI Pioneer
ar39a,103,2019-09-30T20:02:15Z,CTD911,deploy,CS-1,012,40.293452,-70.775789,AUV survey,OOI Pioneer
ar39a,104,2019-09-30T20:11:08Z,CTD911,maxDepth,CS-1,012,40.293361,-70.775419,AUV survey CTD max depth 93 m,OOI Pioneer
ar39a,105,2019-09-30T20:23:08Z,CTD911,recover,CS-1,012,40.292799,-70.774969,AUV survey,OOI Pioneer
ar39a,106,2019-09-30T21:01:46Z,CTD911,deploy,UI,013,40.364527,-70.774684,AUV survey,OOI Pioneer
ar39a,107,2019-09-30T21:09:45Z,CTD911,maxDepth,UI,013,40.365099,-70.775283,AUV survey ctd max 83 m,OOI Pioneer
ar39a,108,2019-09-30T21:22:48Z,CTD911,recover,UI,013,40.366129,-70.776351,AUV survey,OOI Pioneer
ar39a,114,2019-10-01T17:39:00Z,EK80 broadband,start,PMUO-10,"",39.938479,-70.77006,observed line pack and BRB in water column,OOI Pioneer
ar39a,118,2019-10-02T13:00:31Z,CTD911,deploy,AS-1,014,40.188235,-71.026532,AUV survey,OOI Pioneer
ar39a,119,2019-10-02T13:13:46Z,CTD911,maxDepth,AS-1,014,40.188412,-71.026626,AUV survey CTD max depth 122 m,OOI Pioneer
ar39a,121,2019-10-02T13:24:16Z,CTD911,deploy,AS-2,015,40.188637,-71.026712,AUV survey,OOI Pioneer
ar39a,120,2019-10-02T13:24:16Z,CTD911,recover,AS-1,014,40.188637,-71.026712,AUV survey,OOI Pioneer
ar39a,122,2019-10-02T15:04:01Z,CTD911,maxDepth,AS-2,015,40.188591,-70.959989,AUV survey CTD max depth 122 m,OOI Pioneer
ar39a,147,2019-10-02T15:09:00Z,CTD911,recover,AS-2,015,40.188361,-70.959849,AUV survey,OOI Pioneer
ar39a,123,2019-10-02T15:57:16Z,CTD911,deploy,AS-3,016,40.187855,-70.893828,AUV survey,OOI Pioneer
ar39a,124,2019-10-02T16:10:46Z,CTD911,maxDepth,AS-3,016,40.188196,-70.894008,AUV survey CTD max depth 122 m,OOI Pioneer
ar39a,125,2019-10-02T16:22:16Z,CTD911,recover,AS-3,016,40.188416,-70.894104,AUV survey,OOI Pioneer
ar39a,126,2019-10-02T17:03:16Z,CTD911,deploy,AS-4,017,40.187999,-70.825154,AUV survey,OOI Pioneer
ar39a,127,2019-10-02T17:12:42Z,CTD911,maxDepth,AS-4,017,40.187887,-70.825137,AUV survey CTD max depth 120 m,OOI Pioneer
ar39a,128,2019-10-02T17:20:08Z,CTD911,recover,AS-4,017,40.187932,-70.825078,AUV survey,OOI Pioneer
ar39a,129,2019-10-02T18:24:34Z,CTD911,deploy,AS-5,018,40.187909,-70.757612,AUV survey,OOI Pioneer
ar39a,130,2019-10-02T18:33:34Z,CTD911,maxDepth,AS-5,018,40.187376,-70.757439,AUV survey CTD max depth 119 m,OOI Pioneer
ar39a,131,2019-10-02T18:45:09Z,CTD911,recover,AS-5,018,40.187448,-70.757429,AUV survey,OOI Pioneer
ar39a,132,2019-10-02T19:35:40Z,CTD911,deploy,AS-6,019,40.18769,-70.690046,AUV survey,OOI Pioneer
ar39a,133,2019-10-02T19:45:07Z,CTD911,maxDepth,AS-6,019,40.187566,-70.690121,AUV survey CTD max depth 118 m,OOI Pioneer
ar39a,134,2019-10-02T19:52:26Z,CTD911,recover,AS-6,019,40.18788,-70.690106,AUV survey,OOI Pioneer
ar39a,135,2019-10-02T20:44:16Z,CTD911,deploy,AS-7,020,40.188072,-70.622461,AUV survey,OOI Pioneer
ar39a,136,2019-10-02T20:52:16Z,CTD911,maxDepth,AS-7,020,40.187748,-70.622526,AUV survey CTD max depth 111 m,OOI Pioneer
ar39a,137,2019-10-02T21:04:21Z,CTD911,recover,AS-7,020,40.187557,-70.622559,AUV survey,OOI Pioneer
ar39a,139,2019-10-02T23:52:18Z,UHDAS,stop,CS3,"",40.079353,-70.742474,ADCP stopped for ek80 survey CS3 to UI,OOI Pioneer
ar39a,140,2019-10-03T00:02:01Z,EK80 broadband,start,CS-3,"",40.071193,-70.771834,"",OOI Pioneer
ar39a,141,2019-10-03T01:53:41Z,EK80 broadband,stop,UI,"",40.368382,-70.775052,"",OOI Pioneer
ar39a,142,2019-10-03T01:55:00Z,UHDAS,start,"","",40.371961,-70.775462,ADCP started after completion of ek80 survey,OOI Pioneer
ar39a,143,2019-10-03T10:14:08Z,IFCB continuous,stop,"","",41.458836,-70.73002,shut down for bleaching run before docking,OOI Pioneer
ar39a,144,2019-10-03T10:15:12Z,PCO2,stop,"","",41.459502,-70.728466,shut down for bleaching run before docking as per tCrockford request leg b,OOI Pioneer
ar39a,145,2019-10-03T10:41:10Z,Underway Science seawater diaphragm pump,stop,"","",41.476487,-70.696774,pump stopped and system lines bleached,OOI Pioneer
ar39a,146,2019-10-03T11:12:04Z,UHDAS,stop,"","",41.500574,-70.670681,secure for end of cruise,OOI Pioneer
ar39a,148,2019-10-03T11:25:53Z,Ship,endCruise,"","",41.523984,-70.672308,return to Woods Hole,OOI Pioneer
ar39b,1,2019-10-04T08:15:33Z,Transmissometer 10cm,calibrate,"","",41.524004,-70.672288,fresh; light; dark calibrations performed before cruise,OOI Pioneer
ar39b,2,2019-10-04T08:15:33Z,Transmissometer 25cm,calibrate,"","",41.524004,-70.672288,fresh; light; dark calibrations performed before cruise,OOI Pioneer
ar39b,3,2019-10-05T19:51:04Z,Ship,startCruise,"","",41.524008,-70.672315,depart Woods Hole,OOI Pioneer
ar39b,4,2019-10-05T20:09:11Z,UHDAS,start,"","",41.486775,-70.681274,acquisition started with interleaved OS150 pings and no OS38,OOI Pioneer
ar39b,5,2019-10-05T20:22:37Z,Underway Science seawater diaphragm pump,start,"","",41.465341,-70.723708,started for cruise after departure,OOI Pioneer
ar39b,6,2019-10-05T20:31:47Z,Underway Science seawater impeller,start,"","",41.450841,-70.754242,really incubator pump flow rather than underway science,OOI Pioneer
ar39b,7,2019-10-05T20:44:39Z,IFCB continuous,start,"","",41.428108,-70.796019,"",OOI Pioneer
ar39b,8,2019-10-05T20:49:15Z,EIMS,start,"","",41.419897,-70.811185,"",OOI Pioneer
ar39b,9,2019-10-05T21:02:11Z,Attune Flow Cytometer,start,"","",41.397026,-70.854859,"",OOI Pioneer
ar39b,10,2019-10-05T21:31:05Z,Underway Science seawater impeller,IFCB discrete,"",UW1,41.33157,-70.910254,"",OOI Pioneer
ar39b,11,2019-10-05T21:42:06Z,PCO2,start,"","",41.295845,-70.903501,"",OOI Pioneer
ar39b,13,2019-10-05T22:34:30Z,CTD911,deploy,L1,001,41.195432,-70.884599,"",OOI Pioneer
ar39b,28,2019-10-05T22:36:36Z,CTD911,maxDepth,L1,001,41.195432,-70.884591,"",OOI Pioneer
ar39b,14,2019-10-05T22:40:00Z,CTD911,recover,L1,001,41.195435,-70.884596,"",OOI Pioneer
ar39b,17,2019-10-05T22:57:45Z,Ring Net,deploy,L1,R1,41.195433,-70.884608,Salps in separate container,OOI Pioneer
ar39b,18,2019-10-05T23:18:00Z,Underway Science seawater diaphragm pump,TOI discrete,"","",41.166578,-70.882317,"",OOI Pioneer
ar39b,19,2019-10-06T00:11:20Z,CTD911,deploy,L2,002,41.030056,-70.882661,"",OOI Pioneer
ar39b,20,2019-10-06T00:13:35Z,CTD911,maxDepth,L2,002,41.030066,-70.882659,"",OOI Pioneer
ar39b,21,2019-10-06T00:22:42Z,CTD911,recover,L2,002,41.03006,-70.88266,"",OOI Pioneer
ar39b,24,2019-10-06T00:30:00Z,Ring Net,deploy,L2,R2,41.030063,-70.88265,salps in separate container,OOI Pioneer
ar39b,29,2019-10-06T01:09:00Z,Incubation C13,start,L2,002,40.973456,-70.895048,"",OOI Pioneer
ar39b,25,2019-10-06T01:55:00Z,CTD911,deploy,L3,003,40.863276,-70.882623,"",OOI Pioneer
ar39b,26,2019-10-06T01:57:00Z,CTD911,maxDepth,L3,003,40.863285,-70.88261,"",OOI Pioneer
ar39b,27,2019-10-06T02:07:03Z,CTD911,recover,L3,003,40.863288,-70.882628,"",OOI Pioneer
ar39b,30,2019-10-06T02:15:00Z,Ring Net,deploy,L3,R3,40.863295,-70.882682,Salps in separate container,OOI Pioneer
ar39b,31,2019-10-06T03:34:45Z,CTD911,deploy,L4,004,40.697182,-70.88404,"",OOI Pioneer
ar39b,32,2019-10-06T03:37:45Z,CTD911,maxDepth,L4,004,40.697169,-70.884025,"",OOI Pioneer
ar39b,33,2019-10-06T03:49:15Z,CTD911,recover,L4,004,40.697166,-70.884018,"",OOI Pioneer
ar39b,34,2019-10-06T04:05:00Z,Ring Net,deploy,L4,R4,40.697016,-70.88422,salps in separate container,OOI Pioneer
ar39b,36,2019-10-06T05:34:01Z,CTD911,deploy,L5,005,40.514209,-70.883641,"",OOI Pioneer
ar39b,37,2019-10-06T05:37:30Z,CTD911,maxDepth,L5,005,40.514309,-70.883763,"",OOI Pioneer
ar39b,38,2019-10-06T05:48:55Z,CTD911,recover,L5,005,40.514525,-70.883999,"",OOI Pioneer
ar39b,49,2019-10-06T06:02:00Z,Ring Net,deploy,L5,R5,40.514996,-70.884506,salps in separate container,OOI Pioneer
ar39b,43,2019-10-06T14:20:45Z,CTD911,deploy,IS/L6,006,40.363367,-70.883314,CP03ISPM-00003 in the water,OOI Pioneer
ar39b,44,2019-10-06T14:28:00Z,CTD911,maxDepth,IS/L6,006,40.363369,-70.883312,Max depth 82 m,OOI Pioneer
ar39b,45,2019-10-06T14:40:30Z,CTD911,recover,IS/L6,006,40.363372,-70.883307,"",OOI Pioneer
ar39b,46,2019-10-06T14:56:30Z,Ring Net,deploy,L6,R6,40.363947,-70.8829,salps in separate container,OOI Pioneer
ar39b,111,2019-10-06T15:31:00Z,Incubation C13,start,L6,006,40.367724,-70.790197,"",OOI Pioneer
ar39b,48,2019-10-06T16:50:34Z,SUNAV2,other,"","",40.385813,-70.769514,Sync prior to C7,OOI Pioneer
ar39b,52,2019-10-06T18:44:45Z,CTD911,deploy,UI/L13,007,40.364945,-70.774739,"",OOI Pioneer
ar39b,53,2019-10-06T18:51:30Z,CTD911,maxDepth,UI/L3,007,40.364959,-70.774942,CTD maxDepth 83 m,OOI Pioneer
ar39b,66,2019-10-06T19:00:00Z,Underway Science seawater diaphragm pump,TOI discrete,L13,007,40.36497,-70.774899,"",OOI Pioneer
ar39b,54,2019-10-06T19:02:30Z,CTD911,recover,UI/L13,007,40.364964,-70.774784,"",OOI Pioneer
ar39b,59,2019-10-06T22:39:30Z,CTD911,deploy,U6B,008,40.363567,-70.664255,"",OOI Pioneer
ar39b,60,2019-10-06T22:44:05Z,CTD911,maxDepth,U6B,008,40.363476,-70.663855,"",OOI Pioneer
ar39b,61,2019-10-06T22:47:39Z,CTD911,recover,U6B,008,40.363422,-70.663601,"",OOI Pioneer
ar39b,35,2019-10-07T00:38:30Z,Incubation C13,start,L4,004,40.364315,-71.009776,"",OOI Pioneer
ar39b,62,2019-10-07T00:49:11Z,Incubation C13,stop,L2,"",40.36442,-71.046637,"",OOI Pioneer
ar39b,63,2019-10-07T01:15:45Z,CTD911,deploy,D6B,009,40.363589,-71.101046,"",OOI Pioneer
ar39b,64,2019-10-07T01:19:45Z,CTD911,maxDepth,D6B,009,40.363621,-71.101072,"",OOI Pioneer
ar39b,65,2019-10-07T01:24:15Z,CTD911,recover,D6B,009,40.363494,-71.100501,"",OOI Pioneer
ar39b,67,2019-10-07T02:48:00Z,Incubation C13,stop,L4,"",40.358391,-70.914934,"",OOI Pioneer
ar39b,70,2019-10-07T02:55:46Z,UHDAS,stop,"","",40.362573,-70.886615,secured for ek80 collection overnight - late entry with time entered manually,OOI Pioneer
ar39b,71,2019-10-07T03:04:11Z,EK80 broadband,start,"","",40.353469,-70.881003,start of survey with 5 min passive data to start - late entry with time entered manually,OOI Pioneer
ar39b,68,2019-10-07T08:47:57Z,EK80 broadband,stop,"","",40.136682,-70.77496,arrived at LTER8 and took 5 min passive data,OOI Pioneer
ar39b,69,2019-10-07T08:48:38Z,UHDAS,start,"","",40.13663,-70.774947,resumed collection after ek80 survey,OOI Pioneer
ar39b,75,2019-10-07T14:00:15Z,CTD911,deploy,CN/L8,010,40.137769,-70.775298,"",OOI Pioneer
ar39b,76,2019-10-07T14:09:03Z,CTD911,maxDepth,CN/L8,010,40.137761,-70.774822,max depth 123 m,OOI Pioneer
ar39b,120,2019-10-07T14:21:00Z,Underway Science seawater diaphragm pump,TOI discrete,L8,"",40.137739,-70.774441,in duplicate. duplicates surface niskin of cast,OOI Pioneer
ar39b,77,2019-10-07T14:24:51Z,CTD911,recover,CN/L8,010,40.1377,-70.774286,"",OOI Pioneer
ar39b,90,2019-10-07T14:29:00Z,Ring Net,deploy,L8,R7,40.13768,-70.774113,no salps saved,OOI Pioneer
ar39b,82,2019-10-07T15:15:00Z,Incubation C13,start,L8,10,40.198468,-70.840889,"",OOI Pioneer
ar39b,81,2019-10-07T18:38:29Z,CTD911,deploy,CI/L7,011,40.226742,-70.883035,"",OOI Pioneer
ar39b,83,2019-10-07T18:48:51Z,CTD911,maxDepth,CI/L7,011,40.226719,-70.882987,max depth 117 m,OOI Pioneer
ar39b,119,2019-10-07T18:59:00Z,Underway Science seawater diaphragm pump,TOI discrete,L7,"",40.226729,-70.88298,dups surface niskin,OOI Pioneer
ar39b,84,2019-10-07T19:02:25Z,CTD911,recover,CI/L7,011,40.226722,-70.882985,"",OOI Pioneer
ar39b,91,2019-10-07T19:09:00Z,Ring Net,deploy,L7,R8,40.226727,-70.882988,no salps saved,OOI Pioneer
ar39b,94,2019-10-07T20:10:00Z,Incubation C13,stop,L6,"",40.228975,-70.886329,"",OOI Pioneer
ar39b,97,2019-10-08T02:29:11Z,CTD911,deploy,PMCO/L9,012,40.095211,-70.888007,"",OOI Pioneer
ar39b,98,2019-10-08T02:37:00Z,CTD911,maxDepth,PMCO/L9,012,40.095245,-70.887963,CTD maxDepth 134m,OOI Pioneer
ar39b,122,2019-10-08T02:47:00Z,Underway Science seawater diaphragm pump,TOI discrete,L9,"",40.095182,-70.887769,in duplicate. duplicates surface niskin of cast,OOI Pioneer
ar39b,99,2019-10-08T02:50:00Z,CTD911,recover,PMCO/L9,012,40.095151,-70.887674,"",OOI Pioneer
ar39b,100,2019-10-08T03:00:00Z,Ring Net,deploy,L9,R9,40.095092,-70.887429,"",OOI Pioneer
ar39b,191,2019-10-08T05:39:00Z,CTD911,deploy,L11,013,39.773432,-70.884432,"",OOI Pioneer
ar39b,192,2019-10-08T05:55:00Z,CTD911,maxDepth,L11,013,39.773449,-70.884539,CTD max depth 502 m,OOI Pioneer
ar39b,123,2019-10-08T06:21:00Z,Underway Science seawater diaphragm pump,TOI discrete,L11,"",39.773443,-70.885383,dups surface niskin,OOI Pioneer
ar39b,193,2019-10-08T06:25:00Z,CTD911,recover,L11,013,39.773456,-70.88548,"",OOI Pioneer
ar39b,101,2019-10-08T06:33:00Z,Ring Net,deploy,L11,R10,39.773455,-70.88606,largers organisms spereate,OOI Pioneer
ar39b,126,2019-10-08T08:08:00Z,Attune Flow Cytometer,stop,"","",39.966666,-70.879415,Did not restart after it crashed,OOI Pioneer
ar39b,110,2019-10-08T15:20:00Z,Incubation C13,stop,L8,"",40.132724,-70.794331,"",OOI Pioneer
ar39b,109,2019-10-08T19:28:00Z,CTD911,deploy,L10,014,39.939991,-70.882345,"",OOI Pioneer
ar39b,112,2019-10-08T19:42:45Z,CTD911,maxDepth,L10,014,39.939573,-70.882075,CTD Maxdepth 440m,OOI Pioneer
ar39b,124,2019-10-08T20:07:00Z,Underway Science seawater diaphragm pump,TOI discrete,L10,"",39.939521,-70.881896,in duplicate. duplicates surface niskin of cast,OOI Pioneer
ar39b,113,2019-10-08T20:07:45Z,CTD911,recover,L10,014,39.939467,-70.881898,"",OOI Pioneer
ar39b,128,2019-10-08T20:20:00Z,Ring Net,deploy,L10,R11,39.939452,-70.881875,salps in seperate container,OOI Pioneer
ar39b,133,2019-10-09T05:56:00Z,Incubation C13,start,L11,13,40.793185,-70.910309,"",OOI Pioneer
ar39b,132,2019-10-09T07:54:00Z,Incubation C13,stop,L11,"",41.034757,-70.900228,"",OOI Pioneer
ar39b,118,2019-10-09T12:42:10Z,Underway Science seawater diaphragm pump,other,"","",41.470241,-70.74038,Overnight the flow meter in ucsw lines ceased to record flow though the water was still flowing.  Note in cruise.metadata regarding the event.,OOI Pioneer
ar39b,125,2019-10-09T13:19:00Z,Underway Science seawater diaphragm pump,TOI discrete,"","",41.470227,-70.740356,"",OOI Pioneer
ar39b,127,2019-10-09T13:56:14Z,IFCB continuous,stop,"","",41.470265,-70.740366,Also ran discrete IFCB from underway since 20191008.2212(two total IFCBs),OOI Pioneer
ar39b,129,2019-10-09T15:54:54Z,EIMS,stop,"","",41.470236,-70.740378,"",OOI Pioneer
ar39b,130,2019-10-09T16:11:23Z,UHDAS,stop,"","",41.47024,-70.740362,secured for weathered-out port stop,OOI Pioneer
ar39b,131,2019-10-09T16:37:40Z,PCO2,stop,"","",41.470244,-70.740366,secured for inclement weather in-port,OOI Pioneer
ar39b,134,2019-10-09T17:55:45Z,Underway Science seawater diaphragm pump,stop,"","",41.500832,-70.666966,secured for inclement weather port stop,OOI Pioneer
ar39b,135,2019-10-09T18:14:33Z,Ship,other,"","",41.523991,-70.6723,arrive in Woods Hole - inclement weather,OOI Pioneer
ar39b,137,2019-10-12T19:36:38Z,Ship,other,"","",41.523984,-70.672316,depart Woods Hole,OOI Pioneer
ar39b,138,2019-10-12T19:47:43Z,Underway Science seawater diaphragm pump,start,"","",41.509507,-70.669501,resumed for last bit of cruise,OOI Pioneer
ar39b,139,2019-10-12T19:52:18Z,UHDAS,start,"","",41.497288,-70.670446,resumed collection after interim port,OOI Pioneer
ar39b,144,2019-10-13T14:05:38Z,CTD911,deploy,OSPM-12,015,39.940113,-70.883086,"",OOI Pioneer
ar39b,145,2019-10-13T14:22:28Z,CTD911,maxDepth,OSPM-12,015,39.940114,-70.883068,CTD max depth 438 m,OOI Pioneer
ar39b,146,2019-10-13T14:39:41Z,CTD911,recover,OSPM-12,015,39.94011,-70.883078,"",OOI Pioneer
ar39b,155,2019-10-13T21:46:30Z,UHDAS,stop,"","",40.353477,-70.782669,Stopped ADCPs for EK80 survey,OOI Pioneer
ar39b,156,2019-10-13T21:47:15Z,EK80 broadband,start,"","",40.355604,-70.782013,Started EK80; first 10 minutes in passive mode,OOI Pioneer
ar39b,157,2019-10-14T01:40:00Z,EK80 broadband,stop,"","",39.935709,-70.775472,completed survey - 5 min of passive data,OOI Pioneer
ar39b,158,2019-10-14T01:45:43Z,UHDAS,start,"","",39.935304,-70.786472,started after EK80 survey,OOI Pioneer
ar39b,163,2019-10-14T14:38:00Z,CTD911,deploy,PMUO,016,39.939983,-70.774936,"",OOI Pioneer
ar39b,164,2019-10-14T14:53:04Z,CTD911,maxDepth,PMUO,016,39.93993,-70.775022,CTD max depth 438 m,OOI Pioneer
ar39b,165,2019-10-14T15:08:57Z,CTD911,recover,PMUO,016,39.939618,-70.775307,"",OOI Pioneer
ar39b,170,2019-10-14T19:09:12Z,CTD911,deploy,UO,017,39.93977,-70.774761,"",OOI Pioneer
ar39b,171,2019-10-14T19:26:40Z,CTD911,maxDepth,UO,017,39.939762,-70.774785,CTD max depth 438 m,OOI Pioneer
ar39b,172,2019-10-14T19:39:27Z,CTD911,recover,UO,017,39.93977,-70.774782,"",OOI Pioneer
ar39b,173,2019-10-14T20:18:10Z,CTD911,deploy,CS-4,018,40.006853,-70.775074,"",OOI Pioneer
ar39b,174,2019-10-14T20:30:28Z,CTD911,maxDepth,CS-4,018,40.006888,-70.775095,CTD max depth 256 m,OOI Pioneer
ar39b,175,2019-10-14T20:40:03Z,CTD911,recover,CS-4,018,40.006873,-70.775066,"",OOI Pioneer
ar39b,176,2019-10-14T21:19:28Z,CTD911,deploy,CS-3,019,40.067672,-70.774615,"",OOI Pioneer
ar39b,177,2019-10-14T21:29:40Z,CTD911,maxDepth,CS-3,019,40.06866,-70.773438,CTD max depth 130 m,OOI Pioneer
ar39b,178,2019-10-14T21:39:00Z,CTD911,recover,CS-3,019,40.069394,-70.77342,"",OOI Pioneer
ar39b,179,2019-10-14T22:14:55Z,CTD911,deploy,CN,020,40.137158,-70.773758,"",OOI Pioneer
ar39b,180,2019-10-14T22:24:30Z,CTD911,maxDepth,CN,020,40.137158,-70.773766,CTD max depth 124 m,OOI Pioneer
ar39b,181,2019-10-14T22:31:07Z,CTD911,recover,CN,020,40.137163,-70.773768,"",OOI Pioneer
ar39b,182,2019-10-14T23:09:22Z,CTD911,deploy,CS-2,021,40.220929,-70.774963,"",OOI Pioneer
ar39b,183,2019-10-14T23:17:15Z,CTD911,maxDepth,CS-2,021,40.220967,-70.775022,CTD max depth 113 m,OOI Pioneer
ar39b,184,2019-10-14T23:24:51Z,CTD911,recover,CS-2,021,40.220955,-70.775,"",OOI Pioneer
ar39b,185,2019-10-14T23:58:45Z,CTD911,deploy,CS-1,022,40.293909,-70.775413,"",OOI Pioneer
ar39b,186,2019-10-15T00:06:10Z,CTD911,maxDepth,CS-1,022,40.293885,-70.775431,CTD max depth 103 m,OOI Pioneer
ar39b,187,2019-10-15T00:13:05Z,CTD911,recover,CS-1,022,40.293875,-70.775424,"",OOI Pioneer
ar39b,188,2019-10-15T00:48:40Z,CTD911,deploy,UI,023,40.365136,-70.775808,"",OOI Pioneer
ar39b,189,2019-10-15T00:54:51Z,CTD911,maxDepth,UI,023,40.365123,-70.775789,CTD max depth 82 m,OOI Pioneer
ar39b,190,2019-10-15T01:03:41Z,CTD911,recover,UI,023,40.365117,-70.775807,"",OOI Pioneer
ar39b,194,2019-10-15T14:59:39Z,UHDAS,stop,"","",41.466576,-70.725102,stopped recording and ended uhdas cruise,OOI Pioneer
ar39b,195,2019-10-15T15:10:53Z,PCO2,stop,"","",41.471781,-70.712733,running shutdown sequence including standards,OOI Pioneer
ar39b,196,2019-10-15T15:46:09Z,Underway Science seawater diaphragm pump,stop,"","",41.48829,-70.675323,"",OOI Pioneer
ar39b,197,2019-10-15T16:26:09Z,Ship,endCruise,"","",41.523963,-70.672338,Arrive in Woods Hole,OOI Pioneer
ar39b,198,2019-10-15T16:27:27Z,Transmissometer 10cm,calibrate,"","",41.524017,-70.672284,completed fresh light dark post leg cals,OOI Pioneer
ar39b,199,2019-10-15T16:27:54Z,Transmissometer 25cm,calibrate,"","",41.524008,-70.672284,completed fresh light dark post leg cals,OOI Pioneer
en649,2,2020-02-01T14:12:52Z,Ship,startCruise,"","",41.491658,-71.416855,"",NESLTER
en649,3,2020-02-01T14:14:15Z,UHDAS for both ADCPs,start,"","",41.491055,-71.415327,"",NESLTER
en649,4,2020-02-01T14:14:41Z,ADCP300,start,"","",41.490798,-71.414875,"",NESLTER
en649,105,2020-02-01T14:15:00Z,SUNAV2,onCTD,"","",41.490612,-71.414613,"",NESLTER
en649,5,2020-02-01T14:15:15Z,ADCP75,start,"","",41.490423,-71.414337,"",NESLTER
en649,6,2020-02-01T14:15:49Z,Echosounder12,start,"","",41.490073,-71.41372,"",NESLTER
en649,7,2020-02-01T14:20:46Z,Underway Science seawater diaphragm pump,start,"","",41.48627,-71.409275,"",NESLTER
en649,8,2020-02-01T14:21:28Z,Underway Science seawater impeller,start,"","",41.485545,-71.408602,"",NESLTER
en649,9,2020-02-01T14:29:48Z,Thermosalinographs on underway impeller,start,"","",41.472745,-71.408915,"",NESLTER
en649,10,2020-02-01T14:30:18Z,Fluorometers on underway impeller,start,"","",41.471977,-71.409067,"",NESLTER
en649,11,2020-02-01T16:03:59Z,Underway Science seawater diaphragm pump,stop,"","",41.326768,-71.16979,troubleshooting,NESLTER
en649,12,2020-02-01T16:07:35Z,Other,start,"","",41.321853,-71.158513,HOBO data loggger started in ondeck incubators,NESLTER
en649,13,2020-02-01T16:08:35Z,Other,start,"","",41.320548,-71.155382,Start filling ondeck incubators,NESLTER
en649,14,2020-02-01T16:12:56Z,Underway Science seawater diaphragm pump,other,"","",41.31432,-71.142088,oil in diaphragm supply turn off in SPL clean sink and equipment,NESLTER
en649,15,2020-02-01T16:29:55Z,Underway Science seawater impeller,chl discrete,"","",41.29058,-71.089423,Underway discrete chlorophyll a,NESLTER
en649,16,2020-02-01T17:07:35Z,Underway Science seawater diaphragm pump,start,"","",41.239408,-70.971715,already had turned back on when event entered,NESLTER
en649,17,2020-02-01T17:32:58Z,IFCB continuous,start,"","",41.20711,-70.891962,"",NESLTER
en649,18,2020-02-01T17:45:47Z,Attune Flow Cytometer,start,"","",41.203883,-70.881222,"",NESLTER
en649,19,2020-02-01T18:19:25Z,CTD911,deploy,L1,01,41.20408,-70.886735,entered this event while tripping bottles,NESLTER
en649,23,2020-02-01T18:48:55Z,Bongo Net,deploy,L1,B1,41.2091,-70.893713,"",NESLTER
en649,26,2020-02-01T18:49:55Z,Incubation Respiration O2,start,L1,01,41.209492,-70.893933,"",NESLTER
en649,20,2020-02-01T18:50:25Z,Incubation C13,start,L1,01,41.209692,-70.894045,"",NESLTER
en649,24,2020-02-01T18:53:55Z,Bongo Net,recover,L1,B1,41.211038,-70.894758,"",NESLTER
en649,21,2020-02-01T19:03:19Z,SUNAV2,other,"","",41.212792,-70.894537,4way cable no good so revert back to standard ycable with manual power up prior to C2,NESLTER
en649,22,2020-02-01T19:03:51Z,SUNAV2,sync time,"","",41.212485,-70.894178,approx half sec slow post Cast1,NESLTER
en649,25,2020-02-01T19:20:55Z,Incubation Grazing,start,L1,01,41.204298,-70.885457,"",NESLTER
en649,27,2020-02-01T20:07:25Z,Sting Ray,deploy towed,L1,1,41.202408,-70.846163,already towing when event entered,NESLTER
en649,33,2020-02-01T20:25:00Z,EIMS,start,"","",41.202438,-70.814098,delayed start due to presence of oil in flowing SW,NESLTER
en649,28,2020-02-01T21:36:55Z,Sting Ray,recover,"",1,41.232077,-70.710655,tow ended part way to MVCO,NESLTER
en649,30,2020-02-01T22:58:55Z,CTD911,deploy,MVCO,02,41.3195,-70.57422,"",NESLTER
en649,36,2020-02-01T23:26:00Z,Bongo Net,deploy,MVCO,B2,41.321173,-70.581778,"",NESLTER
en649,37,2020-02-01T23:31:00Z,Bongo Net,recover,MVCO,B2,41.32053,-70.584057,"",NESLTER
en649,42,2020-02-02T00:09:55Z,Underway Science seawater impeller,chl discrete,"","",41.276028,-70.658593,"",NESLTER
en649,43,2020-02-02T00:55:55Z,Underway Science seawater impeller,chl discrete,"","",41.200017,-70.789245,"",NESLTER
en649,44,2020-02-02T01:03:00Z,Underway Science seawater impeller,chl discrete,"","",41.200527,-70.81472,"",NESLTER
en649,34,2020-02-02T02:25:55Z,Underway Science seawater diaphragm pump,DO discrete,L2,"",41.028537,-70.884043,Winkler triplicate,NESLTER
en649,31,2020-02-02T02:38:43Z,Sting Ray,other,L2,"",41.025475,-70.884398,test dunk at surface troubleshooting camera spot post opened aperture,NESLTER
en649,32,2020-02-02T02:44:46Z,Sting Ray,other,L2,"",41.024717,-70.884583,recover test dunk,NESLTER
en649,35,2020-02-02T03:59:56Z,Underway Science seawater diaphragm pump,TOI discrete,u2b,"",41.030565,-70.658607,bottle 556 begin 2U/D transect,NESLTER
en649,38,2020-02-02T04:57:47Z,CTD911,deploy,u2a,03,41.033888,-70.777698,"",NESLTER
en649,103,2020-02-02T04:57:55Z,Underway Science seawater diaphragm pump,TOI discrete,u2a,"",41.033918,-70.777727,bottle 832,NESLTER
en649,106,2020-02-02T05:44:55Z,Underway Science seawater diaphragm pump,TOI discrete,L2,"",41.030403,-70.903615,bottle 544 updown transect,NESLTER
en649,40,2020-02-02T06:22:45Z,CTD911,deploy,d2a,04,41.030822,-70.996703,"",NESLTER
en649,107,2020-02-02T06:33:00Z,Underway Science seawater diaphragm pump,TOI discrete,d2a,"",41.031347,-70.998833,bottle 712,NESLTER
en649,108,2020-02-02T07:14:00Z,Underway Science seawater diaphragm pump,TOI discrete,d2b,"",41.030187,-71.109362,bottle 569,NESLTER
en649,46,2020-02-02T07:46:24Z,IFCB continuous,other,"","",41.029827,-71.013715,sampling volume increased to 5 mL prior to this was 3 mL,NESLTER
en649,47,2020-02-02T08:30:20Z,CTD911,deploy,L2,05,41.0292,-70.883337,"",NESLTER
en649,109,2020-02-02T08:34:00Z,Underway Science seawater diaphragm pump,TOI discrete,L2,"",41.029437,-70.88374,bottle 331 duplicate sfc,NESLTER
en649,110,2020-02-02T08:52:00Z,Underway Science seawater diaphragm pump,TOI discrete,L2,"",41.030222,-70.885753,bottle 729 duplicate sfc,NESLTER
en649,50,2020-02-02T09:16:50Z,Bongo Net,deploy,L2,B5,41.032028,-70.891808,"",NESLTER
en649,51,2020-02-02T09:28:53Z,Bongo Net,recover,L2,B5,41.03329,-70.897873,"",NESLTER
en649,48,2020-02-02T09:52:55Z,Incubation C13,start,L2,05,41.034227,-70.89169,"",NESLTER
en649,49,2020-02-02T09:53:25Z,Incubation Grazing,start,L2,05,41.03379,-70.890473,"",NESLTER
en649,208,2020-02-02T12:02:55Z,Underway Science seawater diaphragm pump,DO discrete,L3,"",40.862805,-70.883807,Winkler triplicate,NESLTER
en649,52,2020-02-02T12:08:01Z,CTD911,deploy,L3,06,40.86313,-70.884972,"",NESLTER
en649,54,2020-02-02T12:40:05Z,Bongo Net,deploy,L3,B6,40.863257,-70.891852,"",NESLTER
en649,55,2020-02-02T12:52:43Z,Bongo Net,recover,L3,B6,40.865787,-70.899035,"",NESLTER
en649,58,2020-02-02T13:03:55Z,EIMS,other,"","",40.869058,-70.903932,sink in special purpose lab overflowing and switched to air near L3,NESLTER
en649,53,2020-02-02T13:19:25Z,Sting Ray,deploy towed,L3,2,40.865787,-70.906052,tow L3 to L7,NESLTER
en649,59,2020-02-02T13:47:00Z,EIMS,other,"","",40.832918,-70.902595,switched back to underway seawater,NESLTER
en649,57,2020-02-02T15:25:00Z,Underway Science seawater diaphragm pump,DO discrete,L4,"",40.699203,-70.88298,"",NESLTER
en649,56,2020-02-02T15:33:55Z,Underway Science seawater diaphragm pump,IFCB discrete,"",UW1,40.68684,-70.883548,Run on IFCB 129 and 109,NESLTER
en649,183,2020-02-02T17:36:00Z,Underway Science seawater impeller,chl discrete,"","",40.522122,-70.883045,"",NESLTER
en649,60,2020-02-02T17:40:00Z,Underway Science seawater diaphragm pump,DO discrete,L5,"",40.516808,-70.883078,"",NESLTER
en649,61,2020-02-02T18:21:39Z,SUNAV2,sync time,"","",40.460572,-70.883928,SUNA was 2 seconds slow Taylor train Emily between C06 and C07,NESLTER
en649,64,2020-02-02T18:30:00Z,Incubation C13,stop,L1,"",40.449738,-70.883605,"",NESLTER
en649,63,2020-02-02T19:10:00Z,Incubation Grazing,stop,L1,"",40.396108,-70.884097,"",NESLTER
en649,62,2020-02-02T19:34:00Z,Underway Science seawater diaphragm pump,DO discrete,L6,"",40.36484,-70.881792,"",NESLTER
en649,65,2020-02-02T20:17:00Z,Incubation Respiration O2,stop,L1,"",40.308755,-70.882907,"",NESLTER
en649,184,2020-02-02T21:18:00Z,Underway Science seawater impeller,chl discrete,"","",40.223838,-70.88311,"",NESLTER
en649,209,2020-02-02T21:18:54Z,Underway Science seawater diaphragm pump,DO discrete,L7,"",40.222408,-70.883052,Winkler triplicate,NESLTER
en649,66,2020-02-02T21:52:09Z,Sting Ray,recover,L7,2,40.187125,-70.885592,Recovery not exactly at L7 (a little past),NESLTER
en649,67,2020-02-02T22:24:47Z,CTD911,deploy,L7,07,40.224687,-70.882383,"",NESLTER
en649,68,2020-02-02T23:07:00Z,Bongo Net,deploy,L7,B7,40.219612,-70.89916,"",NESLTER
en649,69,2020-02-02T23:25:00Z,Bongo Net,recover,L7,B7,40.215688,-70.911898,"",NESLTER
en649,70,2020-02-03T00:53:00Z,CTD911,deploy,L8,08,40.132267,-70.788838,"",NESLTER
en649,73,2020-02-03T01:21:54Z,Underway Science seawater diaphragm pump,TOI discrete,L8,"",40.125197,-70.800903,bottle 555 duplicate sfc,NESLTER
en649,111,2020-02-03T01:24:00Z,Underway Science seawater diaphragm pump,TOI discrete,L8,"",40.124547,-70.80173,bottle 320 duplicate sfc,NESLTER
en649,76,2020-02-03T01:36:00Z,Bongo Net,deploy,L8,B8,40.120657,-70.808323,"",NESLTER
en649,77,2020-02-03T01:58:00Z,Bongo Net,recover,L8,B8,40.11124,-70.825777,"",NESLTER
en649,74,2020-02-03T02:24:00Z,Underway Science seawater diaphragm pump,DO discrete,L9,"",40.103195,-70.86936,"",NESLTER
en649,71,2020-02-03T02:44:48Z,Incubation C13,start,L8,08,40.098548,-70.846712,"",NESLTER
en649,72,2020-02-03T02:45:56Z,Incubation Grazing,start,L8,08,40.09841,-70.842497,"",NESLTER
en649,75,2020-02-03T03:13:43Z,Sting Ray,other,"","",40.098142,-70.748685,changed optode to 2-sec sampling interval to avoid lost / bad data in greensea logging,NESLTER
en649,78,2020-02-03T03:38:54Z,Underway Science seawater diaphragm pump,TOI discrete,u9b,"",40.098363,-70.66401,bottle 230,NESLTER
en649,79,2020-02-03T04:27:54Z,CTD911,deploy,u9a,09,40.094967,-70.780895,"",NESLTER
en649,80,2020-02-03T04:39:54Z,Underway Science seawater diaphragm pump,TOI discrete,u9a,"",40.092567,-70.786347,bottle 262,NESLTER
en649,185,2020-02-03T05:00:00Z,Underway Science seawater impeller,chl discrete,"","",40.09838,-70.82637,"",NESLTER
en649,81,2020-02-03T05:17:54Z,Underway Science seawater diaphragm pump,TOI discrete,L9,"",40.098845,-70.887853,bottle 205,NESLTER
en649,82,2020-02-03T05:55:02Z,CTD911,deploy,d9a,10,40.097922,-70.993867,"",NESLTER
en649,84,2020-02-03T06:07:54Z,Underway Science seawater diaphragm pump,TOI discrete,d9a,"",40.09682,-71.000637,bottle 106,NESLTER
en649,85,2020-02-03T06:54:00Z,Underway Science seawater diaphragm pump,TOI discrete,d9b,"",40.098423,-71.102117,bottle 419,NESLTER
en649,186,2020-02-03T07:18:00Z,Underway Science seawater impeller,chl discrete,"","",40.097857,-71.05664,"",NESLTER
en649,86,2020-02-03T08:42:13Z,CTD911,deploy,L9,11,40.096137,-70.890448,"",NESLTER
en649,88,2020-02-03T09:31:54Z,Bongo Net,deploy,L9,B11,40.090138,-70.924043,"",NESLTER
en649,87,2020-02-03T09:39:51Z,Incubation C13,stop,L2,05,40.089252,-70.930678,"",NESLTER
en649,89,2020-02-03T09:55:10Z,Bongo Net,recover,L9,B11,40.08847,-70.943813,"",NESLTER
en649,90,2020-02-03T10:15:00Z,Incubation Grazing,stop,L2,"",40.090885,-70.959875,"",NESLTER
en649,91,2020-02-03T12:03:39Z,Sting Ray,deploy towed,L7,3,40.220753,-70.894143,Tow L7 to L10,NESLTER
en649,187,2020-02-03T12:17:00Z,Underway Science seawater impeller,chl discrete,"","",40.219885,-70.909025,"",NESLTER
en649,92,2020-02-03T15:52:02Z,SUNAV2,sync time,"","",39.9593,-70.8832,No apparent time difference sync anyway before L10 cast 12,NESLTER
en649,93,2020-02-03T16:06:00Z,Underway Science seawater diaphragm pump,DO discrete,L10,"",39.944,-70.883823,"",NESLTER
en649,94,2020-02-03T16:41:55Z,Sting Ray,recover,L10,3,39.920063,-70.890487,passed through L10 during ascent then recovered slightly past station,NESLTER
en649,95,2020-02-03T16:59:47Z,CTD911,deploy,L10,12,39.939665,-70.882592,"",NESLTER
en649,96,2020-02-03T18:22:00Z,Bongo Net,deploy,L10,B12,39.936477,-70.913493,"",NESLTER
en649,97,2020-02-03T18:46:53Z,Incubation C13,start,L10,12,39.932688,-70.93137,"",NESLTER
en649,98,2020-02-03T18:47:16Z,Incubation Grazing,start,L10,12,39.932628,-70.931625,"",NESLTER
en649,99,2020-02-03T18:47:41Z,Incubation Respiration O2,start,L10,12,39.932565,-70.931883,"",NESLTER
en649,100,2020-02-03T18:59:00Z,Bongo Net,recover,L10,B12,39.931067,-70.940628,"",NESLTER
en649,188,2020-02-03T19:19:00Z,Underway Science seawater impeller,chl discrete,"","",39.938322,-70.928528,"",NESLTER
en649,189,2020-02-03T19:58:00Z,Underway Science seawater impeller,chl discrete,"","",39.939017,-70.807457,"",NESLTER
en649,101,2020-02-03T20:23:25Z,CTD911,deploy,L12,13,39.936353,-70.78324,"",NESLTER
en649,102,2020-02-03T21:10:25Z,Sting Ray,deploy towed,L12,4,39.924637,-70.807108,Tow L12 to L11,NESLTER
en649,104,2020-02-03T21:51:51Z,SUNAV2,sync time,"","",39.869828,-70.83628,1 sec slow after C13 next cast is C14,NESLTER
en649,136,2020-02-03T22:39:55Z,Sting Ray,other,"",4,39.811132,-70.864668,first of two deep casts between L11 and d11a,NESLTER
en649,122,2020-02-04T00:21:55Z,Sting Ray,other,"",4,39.775192,-70.918392,second of two deep casts between L11 and d11a,NESLTER
en649,190,2020-02-04T00:47:00Z,Underway Science seawater impeller,chl discrete,"","",39.776418,-70.937413,"",NESLTER
en649,113,2020-02-04T01:55:00Z,Sting Ray,recover,d11a,4,39.785225,-70.975328,"",NESLTER
en649,192,2020-02-04T02:04:00Z,Underway Science seawater impeller,chl discrete,"","",39.786642,-70.97876,"",NESLTER
en649,112,2020-02-04T02:18:06Z,Incubation C13,stop,L8,"",39.788578,-70.983617,"",NESLTER
en649,114,2020-02-04T02:36:25Z,RMT10 Midwater Trawl (Tucker-style),deploy,d11a,1,39.790605,-70.991497,stopped at 35m of wire out because of winch problem,NESLTER
en649,115,2020-02-04T03:11:53Z,Incubation Grazing,stop,L8,"",39.796657,-70.994802,"",NESLTER
en649,116,2020-02-04T03:59:55Z,RMT10 Midwater Trawl (Tucker-style),other,d11a,1,39.800178,-71.000188,winch problem resolved and descent resumed,NESLTER
en649,117,2020-02-04T04:49:10Z,RMT10 Midwater Trawl (Tucker-style),other,d11a,1,39.787523,-71.012185,began retrieval from 1000m of wire out approximate depth of 866m,NESLTER
en649,118,2020-02-04T05:56:55Z,RMT10 Midwater Trawl (Tucker-style),recover,d11a,1,39.768505,-71.021568,"",NESLTER
en649,119,2020-02-04T07:17:00Z,Underway Science seawater diaphragm pump,TOI discrete,d11b,"",39.775465,-71.107025,"",NESLTER
en649,120,2020-02-04T08:02:45Z,CTD911,deploy,d11a,14,39.775173,-70.990777,"",NESLTER
en649,121,2020-02-04T09:08:55Z,Underway Science seawater diaphragm pump,TOI discrete,L11,"",39.773582,-70.88188,"",NESLTER
en649,123,2020-02-04T09:48:10Z,CTD911,deploy,u11a,15,39.7714,-70.772365,"",NESLTER
en649,124,2020-02-04T10:14:00Z,Underway Science seawater diaphragm pump,TOI discrete,u11a,"",39.770757,-70.764098,"",NESLTER
en649,125,2020-02-04T11:02:00Z,Underway Science seawater diaphragm pump,TOI discrete,u11b,"",39.770702,-70.656338,"",NESLTER
en649,211,2020-02-04T12:15:00Z,Underway Science seawater diaphragm pump,DO discrete,L11,"",39.773078,-70.880662,Winkler triplicate,NESLTER
en649,126,2020-02-04T12:16:55Z,CTD911,deploy,L11,16,39.773243,-70.880642,"",NESLTER
en649,127,2020-02-04T13:01:55Z,Underway Science seawater diaphragm pump,TOI discrete,L11,"",39.771268,-70.88459,bottle 681 duplicate 1 sfc,NESLTER
en649,128,2020-02-04T13:05:55Z,Underway Science seawater diaphragm pump,TOI discrete,L11,"",39.771123,-70.885265,bottle 757 duplicate 2 sfc,NESLTER
en649,129,2020-02-04T13:16:12Z,Bongo Net,deploy,L11,B16,39.769193,-70.887233,"",NESLTER
en649,130,2020-02-04T13:49:37Z,Bongo Net,recover,L11,B16,39.760257,-70.893262,"",NESLTER
en649,131,2020-02-04T14:25:25Z,Sting Ray,deploy towed,L11,5,39.776803,-70.883478,Tow L11 to L6,NESLTER
en649,132,2020-02-04T14:39:29Z,Incubation C13,start,L11,16,39.790305,-70.883538,"",NESLTER
en649,133,2020-02-04T14:40:02Z,Incubation Grazing,start,L11,16,39.791048,-70.883527,"",NESLTER
en649,191,2020-02-04T14:50:00Z,Underway Science seawater impeller,chl discrete,"","",39.804797,-70.88508,"",NESLTER
en649,134,2020-02-04T15:41:59Z,Underway Science seawater diaphragm pump,other,"","",39.873375,-70.882967,Sample taken for A. Sterling/Jenkins Lab for Pseudonitzschia project. Put in incubator,NESLTER
en649,135,2020-02-04T15:51:20Z,Underway Science seawater diaphragm pump,IFCB discrete,"",UW2,39.886158,-70.883278,"",NESLTER
en649,137,2020-02-04T16:31:00Z,Underway Science seawater diaphragm pump,TOI discrete,L10,"",39.940695,-70.885847,bottle 312 cross transect,NESLTER
en649,210,2020-02-04T16:33:00Z,Underway Science seawater diaphragm pump,DO discrete,L10,"",39.942972,-70.885628,Winkler triplicate,NESLTER
en649,138,2020-02-04T17:44:10Z,Underway Science seawater diaphragm pump,IFCB discrete,"",UW3,40.042283,-70.883355,run on both IFCB129 and IFCB109,NESLTER
en649,139,2020-02-04T18:13:28Z,Incubation C13,stop,L10,12,40.079202,-70.884623,"",NESLTER
en649,141,2020-02-04T18:39:00Z,Underway Science seawater diaphragm pump,TOI discrete,L9,"",40.113513,-70.885368,bottle 436 missed site a bit to north,NESLTER
en649,140,2020-02-04T18:46:12Z,Incubation Grazing,stop,L10,"",40.123668,-70.885323,"",NESLTER
en649,193,2020-02-04T19:35:00Z,Underway Science seawater impeller,chl discrete,"","",40.189885,-70.883502,"",NESLTER
en649,142,2020-02-04T20:03:00Z,Underway Science seawater diaphragm pump,TOI discrete,L7,"",40.226258,-70.882118,bottle 395,NESLTER
en649,195,2020-02-04T21:22:00Z,Underway Science seawater impeller,chl discrete,"","",40.327947,-70.881578,"",NESLTER
en649,143,2020-02-04T21:35:55Z,Underway Science seawater diaphragm pump,IFCB discrete,"",UW4,40.34476,-70.882132,run on both IFCB129 and IFCB109,NESLTER
en649,144,2020-02-04T21:47:55Z,Sting Ray,recover,L6,5,40.351137,-70.88334,"",NESLTER
en649,145,2020-02-04T22:04:00Z,Underway Science seawater diaphragm pump,TOI discrete,L6,"",40.363362,-70.88064,bottle 354 cross transect,NESLTER
en649,146,2020-02-04T22:28:44Z,SUNAV2,sync time,"","",40.361902,-70.79394,1 sec slow before cast 17,NESLTER
en649,147,2020-02-04T23:08:00Z,Underway Science seawater diaphragm pump,TOI discrete,u6b,"",40.363227,-70.652283,bottle 566,NESLTER
en649,148,2020-02-05T00:15:25Z,CTD911,deploy,L13,17,40.359893,-70.771207,location of L13 very close to u6a,NESLTER
en649,149,2020-02-05T00:57:55Z,Underway Science seawater diaphragm pump,TOI discrete,L6,"",40.362803,-70.882843,Bottle 650 exact location sample but didn't record time initially; time corrected afterwards,NESLTER
en649,150,2020-02-05T01:42:59Z,CTD911,deploy,d6a,18,40.360315,-71.001532,"",NESLTER
en649,151,2020-02-05T01:47:00Z,Underway Science seawater diaphragm pump,TOI discrete,d6a,"",40.359573,-71.001383,bottle 453,NESLTER
en649,152,2020-02-05T02:26:00Z,Underway Science seawater diaphragm pump,TOI discrete,d6b,"",40.363537,-71.102988,bottle 756,NESLTER
en649,153,2020-02-05T03:43:36Z,CTD911,deploy,L6,19,40.352635,-70.882807,"",NESLTER
en649,157,2020-02-05T04:42:00Z,Bongo Net,deploy,L6,B19,40.295577,-70.869293,started tow 4nm south of L6 to avoid fishing gear,NESLTER
en649,158,2020-02-05T04:57:00Z,Bongo Net,recover,L6,B19,40.288327,-70.869597,"",NESLTER
en649,154,2020-02-05T05:03:38Z,Incubation Grazing,start,L6,19,40.285068,-70.870077,"",NESLTER
en649,155,2020-02-05T05:04:14Z,Incubation C13,start,L6,19,40.28504,-70.870532,"",NESLTER
en649,156,2020-02-05T05:04:35Z,Incubation Respiration O2,start,L6,19,40.285067,-70.870853,"",NESLTER
en649,159,2020-02-05T06:40:55Z,Underway Science seawater diaphragm pump,TOI discrete,L5,"",40.515847,-70.877098,"",NESLTER
en649,161,2020-02-05T06:43:55Z,Bongo Net,deploy,L5,B20,40.515185,-70.877127,"",NESLTER
en649,162,2020-02-05T06:53:55Z,Bongo Net,recover,L5,B20,40.511915,-70.880415,"",NESLTER
en649,160,2020-02-05T07:18:31Z,CTD911,deploy,L5,20,40.50941,-70.878267,event entered into elog mid-cast,NESLTER
en649,163,2020-02-05T09:31:03Z,Bongo Net,deploy,L4,B21,40.699107,-70.886565,"",NESLTER
en649,167,2020-02-05T09:39:44Z,Bongo Net,recover,L4,B21,40.70269,-70.889955,"",NESLTER
en649,165,2020-02-05T09:59:56Z,CTD911,deploy,L4,21,40.69694,-70.882735,"",NESLTER
en649,168,2020-02-05T11:17:10Z,Incubation Grazing,start,L4,21,40.69647,-70.824963,"",NESLTER
en649,169,2020-02-05T11:17:40Z,Incubation C13,start,L4,21,40.696465,-70.823247,"",NESLTER
en649,170,2020-02-05T12:07:55Z,Underway Science seawater diaphragm pump,TOI discrete,u4b,"",40.694578,-70.659987,bottle 602,NESLTER
en649,171,2020-02-05T12:52:35Z,CTD911,deploy,u4a,22,40.696933,-70.772152,"",NESLTER
en649,172,2020-02-05T13:12:00Z,Underway Science seawater diaphragm pump,TOI discrete,u4a,"",40.698683,-70.781152,bottle 845 sample just west of station,NESLTER
en649,173,2020-02-05T13:38:55Z,Underway Science seawater diaphragm pump,TOI discrete,L4,"",40.696928,-70.879735,bottle 562,NESLTER
en649,174,2020-02-05T14:12:43Z,Incubation C13,stop,L11,14,40.697685,-70.993345,"",NESLTER
en649,175,2020-02-05T14:14:10Z,CTD911,deploy,d4a,23,40.69813,-70.993527,"",NESLTER
en649,176,2020-02-05T14:23:00Z,Underway Science seawater diaphragm pump,TOI discrete,d4a,"",40.699452,-70.994433,bottle 172,NESLTER
en649,207,2020-02-05T14:55:00Z,Incubation Grazing,stop,L11,14,40.697013,-71.061368,"",NESLTER
en649,177,2020-02-05T15:05:00Z,Underway Science seawater diaphragm pump,TOI discrete,d4b,"",40.696732,-71.098925,bottle 725,NESLTER
en649,178,2020-02-05T16:14:00Z,Underway Science seawater diaphragm pump,TOI discrete,L4,"",40.696822,-70.88832,bottle 474 cross transect,NESLTER
en649,179,2020-02-05T17:16:00Z,Underway Science seawater diaphragm pump,TOI discrete,L3,"",40.85784,-70.882902,bottle 203 cross transect,NESLTER
en649,196,2020-02-05T17:18:00Z,Underway Science seawater impeller,chl discrete,"","",40.86125,-70.883057,"",NESLTER
en649,180,2020-02-05T17:27:15Z,Sting Ray,deploy towed,L3,6,40.865483,-70.883033,tow is planned from L3 to L6,NESLTER
en649,182,2020-02-05T18:59:55Z,Incubation Respiration O2,stop,L10,12,40.759328,-70.882755,"",NESLTER
en649,181,2020-02-05T21:40:55Z,Sting Ray,recover,"",6,40.575115,-70.879962,Ended tow north of L5 due to fishing gear; traffic in shipping lane ahead; and approaching dusk,NESLTER
en649,194,2020-02-05T21:57:25Z,SUNAV2,sync time,"","",40.530668,-70.881873,1 sec slow prior to cast 24,NESLTER
en649,197,2020-02-05T22:12:55Z,CTD911,deploy,L5,24,40.51128,-70.881747,"",NESLTER
en649,198,2020-02-06T00:20:55Z,CTD911,deploy,L7,25,40.226278,-70.891668,"",NESLTER
en649,199,2020-02-06T02:33:42Z,CTD911,deploy,L10,26,39.941483,-70.88615,"",NESLTER
en649,232,2020-02-06T02:54:00Z,Sting Ray,other,L10,"",39.94656,-70.888217,oxygen optode Stingray comparison to EIMS,NESLTER
en649,200,2020-02-06T03:36:30Z,CTD911,deploy,L9.5,27,40.018592,-70.882677,"",NESLTER
en649,201,2020-02-06T04:39:10Z,CTD911,deploy,L9,28,40.100735,-70.883215,"",NESLTER
en649,203,2020-02-06T05:14:55Z,Incubation C13,stop,L6,19,40.118627,-70.885938,"",NESLTER
en649,233,2020-02-06T05:30:55Z,Sting Ray,other,L7.5,"",40.160203,-70.883687,oxygen optode Stingray comparison to EIMS,NESLTER
en649,202,2020-02-06T05:37:45Z,CTD911,deploy,L7.5,29,40.161413,-70.883548,"",NESLTER
en649,204,2020-02-06T06:19:43Z,Incubation Grazing,stop,L6,"",40.231168,-70.87639,"",NESLTER
en649,206,2020-02-06T07:09:00Z,Underway Science seawater diaphragm pump,TOI discrete,L6,"",40.364157,-70.880575,817,NESLTER
en649,205,2020-02-06T07:14:58Z,Incubation Respiration O2,stop,L6,19,40.3791,-70.883757,"",NESLTER
en649,215,2020-02-06T08:04:00Z,Underway Science seawater diaphragm pump,TOI discrete,L5,"",40.51663,-70.881442,bottle 218,NESLTER
en649,216,2020-02-06T10:06:00Z,Underway Science seawater diaphragm pump,TOI discrete,L3,"",40.85924,-70.884527,bottle 500,NESLTER
en649,212,2020-02-06T10:21:39Z,Sting Ray,deploy towed,"",7,40.85994,-70.879055,tow L3 to L1,NESLTER
en649,213,2020-02-06T10:33:26Z,Incubation C13,stop,L4,"",40.857262,-70.871032,"",NESLTER
en649,219,2020-02-06T11:30:00Z,Incubation Grazing,stop,L4,"",40.838532,-70.840895,"",NESLTER
en649,214,2020-02-06T11:33:25Z,Sting Ray,other,"",7,40.836957,-70.838563,completed troubleshooting and swapping fiber and getting ready to initiate tow,NESLTER
en649,217,2020-02-06T14:07:00Z,Underway Science seawater diaphragm pump,TOI discrete,L2,"",41.02891,-70.882983,bottle 420,NESLTER
en649,218,2020-02-06T14:14:54Z,Sting Ray,recover,"",7,41.03047,-70.876783,recover near L2; cut tow short to get to GSO dock by 1300,NESLTER
en649,220,2020-02-06T16:32:21Z,IFCB continuous,stop,"","",41.285407,-71.212248,"",NESLTER
en649,221,2020-02-06T16:37:42Z,Attune Flow Cytometer,stop,"","",41.296353,-71.225675,"",NESLTER
en649,222,2020-02-06T17:01:44Z,EIMS,stop,"","",41.344502,-71.288187,"",NESLTER
en649,223,2020-02-06T17:06:54Z,Underway Science seawater diaphragm pump,stop,"","",41.355505,-71.304552,"",NESLTER
en649,224,2020-02-06T17:14:22Z,Fluorometers on underway impeller,stop,"","",41.372012,-71.327708,"",NESLTER
en649,225,2020-02-06T17:15:00Z,Thermosalinographs on underway impeller,stop,"","",41.373388,-71.329753,"",NESLTER
en649,230,2020-02-06T17:15:00Z,Other,end,"","",41.373272,-71.329535,Seawater flow-through incubators off,NESLTER
en649,226,2020-02-06T17:15:38Z,Underway Science seawater impeller,stop,"","",41.374792,-71.331698,"",NESLTER
en649,227,2020-02-06T17:25:06Z,ADCP75,stop,"","",41.395908,-71.360443,"",NESLTER
en649,228,2020-02-06T17:25:31Z,ADCP300,stop,"","",41.396815,-71.36177,"",NESLTER
en649,229,2020-02-06T17:25:50Z,UHDAS for both ADCPs,stop,"","",41.397498,-71.362768,"",NESLTER
en649,231,2020-02-06T17:49:02Z,Other,end,"","",41.435068,-71.40934,HOBO data loggger ended in ondeck incubators,NESLTER
en649,234,2020-02-06T18:09:31Z,SUNAV2,offCTD,"","",41.429495,-71.415368,SUNA was removed after last cast,NESLTER
en649,235,2020-02-06T18:53:20Z,Ship,endCruise,"","",41.492285,-71.418782,"",NESLTER
en649,236,2020-02-06T18:54:00Z,Echosounder12,stop,"","",41.492257,-71.418765,echosounder still on when we reached the dock,NESLTER
en649,237,2020-02-06T19:24:40Z,Ship,endCruise,"","",41.492197,-71.418732,At Dock - Gabe Matthias,NESLTER
ar44,1,2020-06-01T18:58:47Z,Ship,other,"","",41.524019,-70.672281,GPS test,OOI Pioneer
ar44,2,2020-06-01T19:07:33Z,Underway Science seawater diaphragm pump,start,"","",41.524022,-70.672282,"",OOI Pioneer
ar44,3,2020-06-07T16:18:33Z,Transmissometer 10cm,calibrate,"","",41.524014,-70.672283,late entry by about two hours,OOI Pioneer
ar44,4,2020-06-07T16:19:01Z,Transmissometer 25cm,calibrate,"","",41.524013,-70.672282,late entry by about two hours,OOI Pioneer
ar44,5,2020-06-07T16:26:15Z,Ship,startCruise,"","",41.523971,-70.672338,depart WHOI dock,OOI Pioneer
ar44,6,2020-06-07T17:23:00Z,UHDAS,start,"","",41.420441,-70.811883,acquisition started - WH300 and OS150 only,OOI Pioneer
ar44,7,2020-06-07T18:37:44Z,IFCB continuous,start,"","",41.221431,-70.888786,"",OOI Pioneer
ar44,8,2020-06-07T18:42:09Z,Underway Science seawater diaphragm pump,start,"","",41.207851,-70.886056,started by sssg at same time as SSW,OOI Pioneer
ar44,9,2020-06-07T19:18:15Z,CTD911,deploy,LTER-1,001,41.196496,-70.883947,"",OOI Pioneer
ar44,10,2020-06-07T19:19:15Z,CTD911,maxDepth,LTER-1,001,41.196508,-70.883911,max depth 19 m,OOI Pioneer
ar44,11,2020-06-07T19:20:15Z,CTD911,recover,LTER-1,001,41.196516,-70.883877,"",OOI Pioneer
ar44,12,2020-06-07T20:47:15Z,CTD911,deploy,LTER-2,002,41.028385,-70.885153,"",OOI Pioneer
ar44,13,2020-06-07T20:50:15Z,CTD911,maxDepth,LTER-2,002,41.028478,-70.885226,max depth 41m,OOI Pioneer
ar44,14,2020-06-07T20:52:15Z,CTD911,recover,LTER-2,002,41.028538,-70.885262,"",OOI Pioneer
ar44,15,2020-06-07T22:43:00Z,CTD911,deploy,LTER-3,003,40.863642,-70.879155,"",OOI Pioneer
ar44,16,2020-06-07T22:50:15Z,CTD911,maxDepth,LTER-3,003,40.863641,-70.879151,max depth 51 m,OOI Pioneer
ar44,17,2020-06-07T22:53:15Z,CTD911,recover,LTER-3,003,40.863662,-70.879144,"",OOI Pioneer
ar44,18,2020-06-08T00:10:15Z,CTD911,deploy,LTER-4,004,40.696036,-70.883263,"",OOI Pioneer
ar44,19,2020-06-08T00:14:15Z,CTD911,maxDepth,LTER-4,004,40.696036,-70.883267,max depth 61 m,OOI Pioneer
ar44,20,2020-06-08T00:17:15Z,CTD911,recover,LTER-4,004,40.696031,-70.883261,"",OOI Pioneer
ar44,21,2020-06-08T01:38:15Z,CTD911,deploy,LTER-5,005,40.51031,-70.88186,"",OOI Pioneer
ar44,22,2020-06-08T01:42:15Z,CTD911,maxDepth,LTER-5,005,40.510305,-70.881859,max depth 74 m,OOI Pioneer
ar44,23,2020-06-08T01:45:15Z,CTD911,recover,LTER-5,005,40.510316,-70.881855,"",OOI Pioneer
ar44,27,2020-06-08T14:36:15Z,CTD911,deploy,OS,006,39.939312,-70.884124,"",OOI Pioneer
ar44,28,2020-06-08T14:48:15Z,CTD911,maxDepth,OS,006,39.939325,-70.884117,max depth 444 m,OOI Pioneer
ar44,29,2020-06-08T15:07:15Z,CTD911,recover,OS,006,39.939322,-70.88412,"",OOI Pioneer
ar44,35,2020-06-08T22:18:15Z,CTD911,deploy,LTER-11,007,39.770923,-70.886488,"",OOI Pioneer
ar44,36,2020-06-08T22:30:15Z,CTD911,maxDepth,LTER-11,007,39.770892,-70.887061,max depth 501 m,OOI Pioneer
ar44,37,2020-06-08T22:42:15Z,CTD911,recover,LTER-11,007,39.770838,-70.887854,"",OOI Pioneer
ar44,41,2020-06-09T14:35:15Z,CTD911,deploy,UO,008,39.940184,-70.77536,"",OOI Pioneer
ar44,42,2020-06-09T14:48:15Z,CTD911,maxDepth,UO,008,39.940174,-70.775374,max depth 444 m,OOI Pioneer
ar44,43,2020-06-09T15:07:15Z,CTD911,recover,UO,008,39.940171,-70.775376,"",OOI Pioneer
ar44,51,2020-06-09T21:23:00Z,UHDAS,stop,"","",39.939967,-70.775039,WHS300 and OS150 stopped for EK80 survey,OOI Pioneer
ar44,52,2020-06-09T21:23:45Z,EK80 broadband,start,"","",39.939938,-70.775038,survey over PMUO-10 anchor then OS to CN,OOI Pioneer
ar44,53,2020-06-10T09:56:15Z,EK80 broadband,stop,"","",40.098958,-70.884063,"",OOI Pioneer
ar44,54,2020-06-10T09:59:00Z,UHDAS,start,"","",40.099339,-70.883827,acquisition started after end of EK80 survey WH300 and OS150 on,OOI Pioneer
ar44,58,2020-06-10T14:15:15Z,CTD911,deploy,CO,009,40.098542,-70.884499,"",OOI Pioneer
ar44,59,2020-06-10T14:23:15Z,CTD911,maxDepth,CO,009,40.09852,-70.884506,max depth 142 m,OOI Pioneer
ar44,60,2020-06-10T14:36:15Z,CTD911,recover,CO,009,40.098533,-70.88449,"",OOI Pioneer
ar44,66,2020-06-10T20:55:15Z,CTD911,deploy,LTER u9a,010,40.098884,-70.77438,"",OOI Pioneer
ar44,67,2020-06-10T21:02:15Z,CTD911,maxDepth,LTER u9a,010,40.098888,-70.774392,max depth 134 m,OOI Pioneer
ar44,68,2020-06-10T21:07:15Z,CTD911,recover,LTER u9a,010,40.098895,-70.774393,"",OOI Pioneer
ar44,69,2020-06-10T21:57:15Z,CTD911,deploy,LTER u9b,011,40.097339,-70.663638,"",OOI Pioneer
ar44,70,2020-06-10T22:03:15Z,CTD911,maxDepth,LTER u9b,011,40.09734,-70.663634,max depth 124 m,OOI Pioneer
ar44,71,2020-06-10T22:08:15Z,CTD911,recover,LTER u9b,011,40.097338,-70.663631,"",OOI Pioneer
ar44,72,2020-06-10T22:54:15Z,CTD911,deploy,LTER u9c,012,40.097101,-70.555668,"",OOI Pioneer
ar44,73,2020-06-10T22:59:15Z,CTD911,maxDepth,LTER u9c,012,40.097098,-70.55566,max depth 123 m,OOI Pioneer
ar44,74,2020-06-10T23:05:15Z,CTD911,recover,LTER u9c,012,40.097099,-70.555662,"",OOI Pioneer
ar44,75,2020-06-10T23:50:15Z,CTD911,deploy,LTER u9d,013,40.098878,-70.447212,"",OOI Pioneer
ar44,76,2020-06-10T23:54:15Z,CTD911,maxDepth,LTER u9d,013,40.098873,-70.447215,max depth 122 m,OOI Pioneer
ar44,77,2020-06-10T23:59:15Z,CTD911,recover,LTER u9d,013,40.098875,-70.447211,"",OOI Pioneer
ar44,78,2020-06-11T12:10:15Z,CTD911,deploy,IS,014,40.364747,-70.883281,"",OOI Pioneer
ar44,79,2020-06-11T12:15:15Z,CTD911,maxDepth,IS,014,40.364746,-70.883264,max depth 88 m,OOI Pioneer
ar44,80,2020-06-11T12:19:15Z,CTD911,recover,IS,014,40.364744,-70.883278,"",OOI Pioneer
ar44,81,2020-06-11T13:43:15Z,CTD911,deploy,UI,015,40.365699,-70.774682,"",OOI Pioneer
ar44,82,2020-06-11T13:47:15Z,CTD911,maxDepth,UI,015,40.365702,-70.77469,max depth 89 m,OOI Pioneer
ar44,83,2020-06-11T13:51:15Z,CTD911,recover,UI,015,40.365701,-70.774669,"",OOI Pioneer
ar44,84,2020-06-11T14:32:15Z,CTD911,deploy,CS1,016,40.293087,-70.774412,"",OOI Pioneer
ar44,85,2020-06-11T14:36:15Z,CTD911,maxDepth,CS1,016,40.293085,-70.77442,max depth 111 m,OOI Pioneer
ar44,86,2020-06-11T14:40:15Z,CTD911,recover,CS1,016,40.29308,-70.774431,"",OOI Pioneer
ar44,87,2020-06-11T15:21:15Z,CTD911,deploy,CS2,017,40.219815,-70.776693,"",OOI Pioneer
ar44,88,2020-06-11T15:26:15Z,CTD911,maxDepth,CS2,017,40.219807,-70.776673,max depth 121 m,OOI Pioneer
ar44,89,2020-06-11T15:30:15Z,CTD911,recover,CS2,017,40.219813,-70.776704,"",OOI Pioneer
ar44,90,2020-06-11T16:21:15Z,CTD911,deploy,CN,018,40.136414,-70.77542,"",OOI Pioneer
ar44,91,2020-06-11T16:27:15Z,CTD911,maxDepth,CN,018,40.136454,-70.775117,max depth 129 m,OOI Pioneer
ar44,92,2020-06-11T16:32:15Z,CTD911,recover,CN,018,40.13646,-70.775162,"",OOI Pioneer
ar44,93,2020-06-11T17:19:15Z,CTD911,deploy,CS3,019,40.071941,-70.774747,"",OOI Pioneer
ar44,94,2020-06-11T17:25:15Z,CTD911,maxDepth,CS3,019,40.071838,-70.774303,max depth 136 m,OOI Pioneer
ar44,95,2020-06-11T17:30:15Z,CTD911,recover,CS3,019,40.071733,-70.774028,"",OOI Pioneer
ar44,96,2020-06-11T18:23:15Z,CTD911,deploy,CS4,020,40.006529,-70.773787,"",OOI Pioneer
ar44,97,2020-06-11T18:31:15Z,CTD911,maxDepth,CS4,020,40.006513,-70.773777,max depth 262 m,OOI Pioneer
ar44,98,2020-06-11T18:40:15Z,CTD911,recover,CS4,020,40.006531,-70.77378,"",OOI Pioneer
ar44,99,2020-06-11T19:28:15Z,CTD911,deploy,UO,021,39.939207,-70.775923,"",OOI Pioneer
ar44,100,2020-06-11T19:40:15Z,CTD911,maxDepth,UO,021,39.939177,-70.77587,max depth 446 m,OOI Pioneer
ar44,101,2020-06-11T19:51:15Z,CTD911,recover,UO,021,39.939028,-70.775515,"",OOI Pioneer
ar44,102,2020-06-11T20:42:15Z,CTD911,deploy,OS,022,39.940725,-70.885072,"",OOI Pioneer
ar44,103,2020-06-11T20:54:15Z,CTD911,maxDepth,OS,022,39.940718,-70.885066,max depth 437 m,OOI Pioneer
ar44,104,2020-06-11T21:05:15Z,CTD911,recover,OS,022,39.940713,-70.885064,"",OOI Pioneer
ar44,108,2020-06-12T14:29:15Z,CTD911,deploy,CI,023,40.226859,-70.883662,"",OOI Pioneer
ar44,109,2020-06-12T14:34:15Z,CTD911,maxDepth,CI,023,40.226857,-70.883666,max depth 123 m,OOI Pioneer
ar44,110,2020-06-12T14:45:00Z,CTD911,recover,CI,023,40.226856,-70.883659,"",OOI Pioneer
ar44,117,2020-06-12T19:30:00Z,EK80 broadband,start,"","",40.223723,-70.891002,survey circumnavigating the mooring array counterclockwise,OOI Pioneer
ar44,116,2020-06-12T19:30:15Z,UHDAS,stop,"","",40.223686,-70.890988,WHS300 and OS150 stopped for EK80 survey,OOI Pioneer
ar44,118,2020-06-13T09:59:15Z,EK80 broadband,stop,"","",40.365061,-70.780529,survey completed,OOI Pioneer
ar44,119,2020-06-13T10:00:15Z,UHDAS,start,"","",40.365053,-70.780534,acquisition started after end of EK80 survey WH300 and OS150 on,OOI Pioneer
ar44,123,2020-06-13T14:13:15Z,CTD911,deploy,UI,024,40.364619,-70.776111,"",OOI Pioneer
ar44,124,2020-06-13T14:17:15Z,CTD911,maxDepth,UI,024,40.36464,-70.77612,max depth 90 m,OOI Pioneer
ar44,125,2020-06-13T14:28:15Z,CTD911,recover,UI,024,40.364627,-70.776104,"",OOI Pioneer
ar44,131,2020-06-13T18:50:15Z,CTD911,deploy,IS,025,40.364594,-70.884449,"",OOI Pioneer
ar44,132,2020-06-13T18:55:15Z,CTD911,maxDepth,IS,025,40.364609,-70.884472,max depth 90 m,OOI Pioneer
ar44,133,2020-06-13T19:05:15Z,CTD911,recover,IS,025,40.364567,-70.884452,"",OOI Pioneer
ar44,137,2020-06-13T22:40:00Z,UHDAS,other,"","",40.204042,-71.061574,start along shore ADCP survey AL1-AL2-AL3-AL4-AL1,OOI Pioneer
ar44,138,2020-06-14T05:00:00Z,UHDAS,other,"","",40.249011,-70.955165,along shore survey completed,OOI Pioneer
ar44,139,2020-06-14T11:38:15Z,CTD911,deploy,CN,026,40.136701,-70.775072,"",OOI Pioneer
ar44,140,2020-06-14T11:43:15Z,CTD911,maxDepth,CN,026,40.136705,-70.775076,max depth 129 m,OOI Pioneer
ar44,141,2020-06-14T11:55:15Z,CTD911,recover,CN,026,40.136708,-70.775083,"",OOI Pioneer
ar44,145,2020-06-14T17:47:15Z,CTD911,deploy,LTER-5,027,40.513755,-70.883097,"",OOI Pioneer
ar44,146,2020-06-14T17:51:15Z,CTD911,maxDepth,LTER-5,027,40.513757,-70.883094,max depth 73 m,OOI Pioneer
ar44,147,2020-06-14T17:54:15Z,CTD911,recover,LTER-5,027,40.513736,-70.883073,"",OOI Pioneer
ar44,148,2020-06-14T19:16:15Z,CTD911,deploy,LTER-4,028,40.696757,-70.883893,"",OOI Pioneer
ar44,149,2020-06-14T19:19:15Z,CTD911,maxDepth,LTER-4,028,40.696653,-70.8838,max depth 62 m,OOI Pioneer
ar44,150,2020-06-14T19:29:15Z,CTD911,recover,LTER-4,028,40.696442,-70.883641,"",OOI Pioneer
ar44,151,2020-06-14T20:45:15Z,CTD911,deploy,LTER-3,029,40.86376,-70.882857,"",OOI Pioneer
ar44,152,2020-06-14T20:47:15Z,CTD911,maxDepth,LTER-3,029,40.863804,-70.882873,max depth 51 m,OOI Pioneer
ar44,153,2020-06-14T20:50:15Z,CTD911,recover,LTER-3,029,40.863815,-70.88288,"",OOI Pioneer
ar44,154,2020-06-14T22:05:15Z,CTD911,deploy,LTER-2,030,41.031367,-70.881928,"",OOI Pioneer
ar44,155,2020-06-14T22:11:15Z,CTD911,maxDepth,LTER-2,030,41.031371,-70.881933,max depth 42 m,OOI Pioneer
ar44,156,2020-06-14T22:17:15Z,CTD911,recover,LTER-2,030,41.031376,-70.881935,"",OOI Pioneer
ar44,157,2020-06-14T23:29:15Z,CTD911,deploy,LTER-1,031,41.19626,-70.883571,"",OOI Pioneer
ar44,158,2020-06-14T23:32:15Z,CTD911,maxDepth,LTER-1,031,41.196261,-70.883567,max depth 19 m,OOI Pioneer
ar44,159,2020-06-14T23:36:15Z,CTD911,recover,LTER-1,031,41.196263,-70.88357,"",OOI Pioneer
ar44,160,2020-06-15T00:22:15Z,IFCB continuous,stop,"","",41.094584,-70.84457,stopped to obtain discrete sample,OOI Pioneer
ar44,161,2020-06-15T00:30:15Z,IFCB continuous,start,"","",41.072404,-70.832681,restarted after discrete sample obtained,OOI Pioneer
ar44,162,2020-06-15T11:14:00Z,CTD911,deploy,Gliders,032,40.016892,-70.344558,"",OOI Pioneer
ar44,163,2020-06-15T11:24:15Z,CTD911,maxDepth,Gliders,032,40.016737,-70.344381,max depth 228 m,OOI Pioneer
ar44,164,2020-06-15T11:40:15Z,CTD911,recover,Gliders,032,40.016743,-70.3444,"",OOI Pioneer
ar44,165,2020-06-15T14:15:15Z,CTD911,deploy,AL3,033,40.334472,-70.554234,"",OOI Pioneer
ar44,166,2020-06-15T14:18:15Z,CTD911,maxDepth,AL3,033,40.334518,-70.554314,max depth 91 m,OOI Pioneer
ar44,167,2020-06-15T14:22:15Z,CTD911,recover,AL3,033,40.33456,-70.554384,"",OOI Pioneer
ar44,168,2020-06-15T15:11:15Z,CTD911,deploy,AL3A,034,40.331939,-70.621529,"",OOI Pioneer
ar44,169,2020-06-15T15:15:15Z,CTD911,maxDepth,AL3A,034,40.33198,-70.621575,max depth 94 m,OOI Pioneer
ar44,170,2020-06-15T15:19:15Z,CTD911,recover,AL3A,034,40.33207,-70.62169,"",OOI Pioneer
ar44,171,2020-06-15T15:55:15Z,CTD911,deploy,AL3b,035,40.33337,-70.690143,"",OOI Pioneer
ar44,172,2020-06-15T16:00:15Z,CTD911,maxDepth,AL3b,035,40.333371,-70.69015,max depth 97 m,OOI Pioneer
ar44,173,2020-06-15T16:04:15Z,CTD911,recover,AL3b,035,40.333388,-70.690158,"",OOI Pioneer
ar44,174,2020-06-15T16:47:15Z,CTD911,deploy,AL3c,036,40.334125,-70.758365,"",OOI Pioneer
ar44,175,2020-06-15T16:52:15Z,CTD911,maxDepth,AL3c,036,40.333912,-70.758159,max depth 98 m,OOI Pioneer
ar44,176,2020-06-15T16:56:15Z,CTD911,recover,AL3c,036,40.333832,-70.758102,"",OOI Pioneer
ar44,177,2020-06-15T17:32:15Z,CTD911,deploy,AL3d,037,40.334095,-70.826127,"",OOI Pioneer
ar44,178,2020-06-15T17:37:15Z,CTD911,maxDepth,AL3d,037,40.334254,-70.826302,max depth 98 m,OOI Pioneer
ar44,179,2020-06-15T17:41:15Z,CTD911,recover,AL3d,037,40.33434,-70.826329,"",OOI Pioneer
ar44,180,2020-06-15T18:22:15Z,CTD911,deploy,AL3e,038,40.332963,-70.89205,"",OOI Pioneer
ar44,181,2020-06-15T18:26:15Z,CTD911,maxDepth,AL3e,038,40.33319,-70.892328,max depth 97 m,OOI Pioneer
ar44,182,2020-06-15T18:32:15Z,CTD911,recover,AL3e,038,40.333427,-70.892602,"",OOI Pioneer
ar44,183,2020-06-15T19:05:15Z,CTD911,deploy,AL3f,039,40.333954,-70.961243,"",OOI Pioneer
ar44,184,2020-06-15T19:09:15Z,CTD911,maxDepth,AL3f,039,40.334133,-70.961393,max depth 95 m,OOI Pioneer
ar44,185,2020-06-15T19:13:15Z,CTD911,recover,AL3f,039,40.334051,-70.961313,"",OOI Pioneer
ar44,186,2020-06-15T19:51:15Z,CTD911,deploy,AL3g,040,40.333279,-71.032848,"",OOI Pioneer
ar44,187,2020-06-15T19:55:15Z,CTD911,maxDepth,AL3g,040,40.333495,-71.033219,max depth 93 m,OOI Pioneer
ar44,188,2020-06-15T19:59:15Z,CTD911,recover,AL3g,040,40.333627,-71.033408,"",OOI Pioneer
ar44,189,2020-06-15T20:31:15Z,CTD911,deploy,AL4,041,40.334545,-71.095227,"",OOI Pioneer
ar44,190,2020-06-15T20:35:15Z,CTD911,maxDepth,AL4,041,40.334187,-71.095003,max depth 91 m,OOI Pioneer
ar44,191,2020-06-15T20:39:15Z,CTD911,recover,AL4,041,40.333646,-71.094734,"",OOI Pioneer
ar44,192,2020-06-15T20:53:15Z,UHDAS,stop,"","",40.33206,-71.093903,WHS300 and OS150 stopped for EK80 survey,OOI Pioneer
ar44,193,2020-06-15T20:53:30Z,EK80 broadband,start,"","",40.332054,-71.09388,start inbound survey from CI to LTER-1,OOI Pioneer
ar44,194,2020-06-16T09:34:00Z,EK80 broadband,stop,"","",41.473748,-70.735038,collecting five minutes passive then secure data collection - 12kHz left on for passive as it was running during collection,OOI Pioneer
ar44,195,2020-06-16T15:04:37Z,Transmissometer 10cm,stop,"","",41.472397,-70.738636,"",OOI Pioneer
ar44,196,2020-06-16T15:04:59Z,Transmissometer 25cm,stop,"","",41.472397,-70.738636,"",OOI Pioneer
ar44,197,2020-06-16T15:05:49Z,Transmissometer 10cm,calibrate,"","",41.472397,-70.738638,"",OOI Pioneer
ar44,198,2020-06-16T15:06:08Z,Transmissometer 25cm,calibrate,"","",41.472398,-70.738638,"",OOI Pioneer
ar44,199,2020-06-16T16:29:40Z,Other,end,"","",41.523906,-70.672418,pco2 off,OOI Pioneer
ar44,200,2020-06-16T16:30:08Z,IFCB continuous,stop,"","",41.523961,-70.672366,end cruise & run biocide to clean,OOI Pioneer
ar44,201,2020-06-16T16:32:15Z,Ship,endCruise,"","",41.524019,-70.672281,arrive at WHOI dock,OOI Pioneer
en655,1,2020-07-24T14:22:43Z,Other,other,"","",41.492185,-71.41872,OS75 KHz ADCP deck unit arrived from UAF Alaska on Endeavor ~1415z (1015L),NESLTER
en655,30,2020-07-24T20:56:00Z,SUNAV2,sync time,"","",41.492228,-71.418735,"",NESLTER
en655,148,2020-07-25T11:50:59Z,MeteorologicalSensor,other,"","",41.492207,-71.418713,Met sensors remain running and logging as usual,NESLTER
en655,2,2020-07-25T11:51:00Z,MeteorologicalSensor,start,"","",41.492207,-71.418713,Met sensors remain running and logging.,NESLTER
en655,3,2020-07-25T11:52:13Z,Echosounder12,start,"","",41.492223,-71.418727,Start 12 KHz before leaving dock,NESLTER
en655,4,2020-07-25T12:04:02Z,Ship,startCruise,"","",41.492205,-71.418355,Last line removed from dock,NESLTER
en655,122,2020-07-25T12:31:37Z,UHDAS for both ADCPs,stop,"","",41.448152,-71.411542,in Narragansett Bay,NESLTER
en655,5,2020-07-25T12:31:38Z,UHDAS for both ADCPs,start,"","",41.448435,-71.411577,Start recording,NESLTER
en655,6,2020-07-25T12:32:52Z,ADCP300,start,"","",41.445845,-71.411458,Start ADCP300,NESLTER
en655,7,2020-07-25T12:33:24Z,ADCP75,start,"","",41.444718,-71.411507,Start ADCP75,NESLTER
en655,9,2020-07-25T13:30:00Z,Thermosalinographs on underway impeller,start,"","",41.355862,-71.245567,SBE45 continuously running and pumps started,NESLTER
en655,119,2020-07-25T13:41:43Z,Underway Science seawater impeller,stop,"","",41.33903,-71.205137,At mouth of Narragansett Bay. Pump (magnetic impeller pump) offand water valves closed to flow through system,NESLTER
en655,8,2020-07-25T13:41:45Z,Underway Science seawater impeller,start,"","",41.33905,-71.205137,Pump (magnetic impeller pump) on and water valves open to flow through system,NESLTER
en655,10,2020-07-25T13:49:13Z,Thermosalinographs on underway impeller,start,"","",41.328828,-71.178982,SBE21 thermosalinograph started,NESLTER
en655,12,2020-07-25T13:49:57Z,Fluorometers on underway impeller,start,"","",41.327815,-71.176403,"",NESLTER
en655,121,2020-07-25T13:49:57Z,Fluorometers on underway impeller,stop,"","",41.327815,-71.176403,"",NESLTER
en655,144,2020-07-25T14:00:00Z,Other,start,"","",41.31282,-71.143247,"",NESLTER
en655,13,2020-07-25T14:13:45Z,Underway Science seawater diaphragm pump,start,"","",41.291945,-71.098275,Diaphragm pump on and water valves open to that flow through system,NESLTER
en655,26,2020-07-25T14:28:00Z,EIMS,start,"","",41.273715,-71.04908,"",NESLTER
en655,14,2020-07-25T14:33:14Z,IFCB continuous,start,"","",41.267045,-71.031148,"",NESLTER
en655,15,2020-07-25T15:43:25Z,CTD911,deploy,L1,001,41.20306,-70.880512,"",NESLTER
en655,16,2020-07-25T16:01:16Z,CTD911,recover,L1,001,41.202818,-70.880753,"",NESLTER
en655,22,2020-07-25T16:19:57Z,Bongo Net,deploy,L1,B1,41.201937,-70.878872,"",NESLTER
en655,85,2020-07-25T16:27:00Z,Bongo Net,recover,L1,B1,41.199343,-70.87654,"",NESLTER
en655,17,2020-07-25T16:32:08Z,Incubation C13,start,L1,001,41.19742,-70.874937,"",NESLTER
en655,24,2020-07-25T16:49:57Z,Incubation Grazing,start,L1,001,41.176063,-70.873775,"",NESLTER
en655,18,2020-07-25T17:52:31Z,CTD911,deploy,L2,002,41.030207,-70.880008,"",NESLTER
en655,25,2020-07-25T18:10:00Z,Underway Science seawater diaphragm pump,TOI discrete,L2,"",41.0304,-70.876885,L2 underway duplicates bottles 199 200,NESLTER
en655,23,2020-07-25T18:22:57Z,Bongo Net,deploy,L2,B2,41.029715,-70.874097,"",NESLTER
en655,86,2020-07-25T18:31:00Z,Bongo Net,recover,L2,B2,41.028968,-70.86941,"",NESLTER
en655,19,2020-07-25T18:40:00Z,Incubation C13,start,L2,002,41.029688,-70.866995,"",NESLTER
en655,20,2020-07-25T18:59:59Z,Incubation Grazing,start,L2,002,41.032763,-70.883378,"",NESLTER
en655,21,2020-07-25T19:30:14Z,Sting Ray,deploy towed,L2,1,41.02486,-70.878162,"",NESLTER
en655,129,2020-07-25T20:48:00Z,Underway Science seawater impeller,chl discrete,"","",40.956988,-70.879868,"",NESLTER
en655,27,2020-07-25T20:52:17Z,Sting Ray,recover,"","",40.955545,-70.880965,recover near L2.5,NESLTER
en655,28,2020-07-25T22:01:40Z,CTD911,recover,L3,003,40.850842,-70.881408,"",NESLTER
en655,49,2020-07-25T22:08:57Z,Bongo Net,deploy,L3,B3,40.847353,-70.881163,"",NESLTER
en655,50,2020-07-25T22:24:57Z,Bongo Net,recover,L3,B3,40.839765,-70.880915,"",NESLTER
en655,29,2020-07-25T23:15:49Z,SUNAV2,sync time,"","",40.961475,-70.886937,"",NESLTER
en655,69,2020-07-26T00:25:00Z,Underway Science seawater diaphragm pump,TOI discrete,L6 pass,"",41.05319,-70.801607,bottle 139,NESLTER
en655,130,2020-07-26T01:01:00Z,Underway Science seawater impeller,chl discrete,"","",41.069358,-70.692817,"",NESLTER
en655,32,2020-07-26T01:12:00Z,Underway Science seawater diaphragm pump,TOI discrete,u2b,"",41.067397,-70.653343,"",NESLTER
en655,33,2020-07-26T01:36:00Z,Underway Science seawater diaphragm pump,TOI discrete,u2ab,"",41.069153,-70.725723,"",NESLTER
en655,31,2020-07-26T01:59:16Z,CTD911,deploy,u2a,004,41.068258,-70.770973,"",NESLTER
en655,34,2020-07-26T02:42:00Z,Underway Science seawater diaphragm pump,TOI discrete,L2u2a,"",41.069465,-70.837937,bottle 205,NESLTER
en655,35,2020-07-26T02:56:00Z,Underway Science seawater diaphragm pump,TOI discrete,L2,"",41.068657,-70.888613,bottle 230,NESLTER
en655,131,2020-07-26T03:03:00Z,Underway Science seawater impeller,chl discrete,"","",41.068908,-70.913923,"",NESLTER
en655,36,2020-07-26T03:11:00Z,Underway Science seawater diaphragm pump,TOI discrete,L2d2a,"",41.069068,-70.94245,bottle 293,NESLTER
en655,38,2020-07-26T03:28:00Z,Underway Science seawater diaphragm pump,TOI discrete,d2a,"",41.068853,-70.996435,bottle 231,NESLTER
en655,37,2020-07-26T03:38:50Z,CTD911,deploy,d2a,005,41.068132,-70.993035,"",NESLTER
en655,132,2020-07-26T04:07:00Z,Underway Science seawater impeller,chl discrete,"","",41.06954,-71.037175,"",NESLTER
en655,39,2020-07-26T04:26:00Z,Underway Science seawater diaphragm pump,TOI discrete,d2b,"",41.069365,-71.106347,bottle 185,NESLTER
en655,40,2020-07-26T05:43:16Z,CTD911,deploy,L2_alternate,006,41.067915,-70.88264,"",NESLTER
en655,41,2020-07-26T08:34:27Z,Underway Science seawater diaphragm pump,IFCB discrete,"",UW1,40.842452,-70.881658,run on both discretes,NESLTER
en655,42,2020-07-26T11:04:14Z,CTD911,deploy,L4,007,40.69646,-70.881503,"",NESLTER
en655,44,2020-07-26T11:32:00Z,Underway Science seawater diaphragm pump,TOI discrete,"","",40.688868,-70.879363,bottles 371 and 322 duplicates,NESLTER
en655,51,2020-07-26T11:53:57Z,Bongo Net,deploy,L4,B7,40.697552,-70.881578,"",NESLTER
en655,52,2020-07-26T12:02:57Z,Bongo Net,recover,L4,B7,40.694015,-70.884253,"",NESLTER
en655,43,2020-07-26T12:15:53Z,Incubation C13,start,L4,007,40.689542,-70.885698,"",NESLTER
en655,45,2020-07-26T12:20:00Z,Incubation Grazing,start,L4,007,40.690677,-70.886492,"",NESLTER
en655,133,2020-07-26T13:17:00Z,Underway Science seawater impeller,chl discrete,"","",40.696235,-70.701157,"",NESLTER
en655,46,2020-07-26T13:41:00Z,Underway Science seawater diaphragm pump,TOI discrete,u4b,"",40.696517,-70.678473,bottle 147,NESLTER
en655,47,2020-07-26T13:54:00Z,Underway Science seawater diaphragm pump,TOI discrete,u4ab,"",40.696597,-70.723422,bottle 160,NESLTER
en655,48,2020-07-26T14:18:56Z,CTD911,deploy,u4a,008,40.69473,-70.773515,"",NESLTER
en655,53,2020-07-26T14:58:00Z,Underway Science seawater diaphragm pump,TOI discrete,L4u4a,"",40.69655,-70.834902,bottle 174,NESLTER
en655,54,2020-07-26T15:13:00Z,Underway Science seawater diaphragm pump,TOI discrete,L4 uw,"",40.696557,-70.887215,bottle 287,NESLTER
en655,134,2020-07-26T15:23:00Z,Underway Science seawater impeller,chl discrete,"","",40.69673,-70.922215,"",NESLTER
en655,55,2020-07-26T15:29:00Z,Underway Science seawater diaphragm pump,TOI discrete,L4d4a,"",40.696715,-70.94332,bottle 327,NESLTER
en655,56,2020-07-26T15:47:59Z,CTD911,deploy,d4a,009,40.695203,-70.99341,"",NESLTER
en655,57,2020-07-26T16:04:00Z,Underway Science seawater diaphragm pump,TOI discrete,d4a,"",40.693307,-70.995057,bottle 118,NESLTER
en655,58,2020-07-26T16:07:51Z,Incubation C13,stop,L1,"",40.692723,-70.99525,"",NESLTER
en655,68,2020-07-26T16:48:00Z,Underway Science seawater diaphragm pump,TOI discrete,d4b,"",40.695858,-71.107197,bottle 288,NESLTER
en655,59,2020-07-26T16:50:00Z,Incubation Grazing,stop,L1,001,40.693045,-71.11272,"",NESLTER
en655,60,2020-07-26T18:45:00Z,Incubation C13,stop,L2,002,40.544115,-70.880307,"",NESLTER
en655,61,2020-07-26T18:57:55Z,CTD911,deploy,L5,010,40.514583,-70.881543,"",NESLTER
en655,62,2020-07-26T19:41:28Z,Bongo Net,deploy,L5,B10,40.50466,-70.876415,"",NESLTER
en655,114,2020-07-26T19:49:00Z,Bongo Net,recover,L5,B10,40.501348,-70.875418,"",NESLTER
en655,63,2020-07-26T20:24:46Z,Sting Ray,deploy towed,L5,2,40.513037,-70.884527,"",NESLTER
en655,64,2020-07-26T20:40:00Z,Sting Ray,recover,L5,"",40.501712,-70.88411,"",NESLTER
en655,65,2020-07-26T21:58:42Z,SUNAV2,sync time,"","",40.489877,-70.894418,0 sec off sync before C011,NESLTER
en655,135,2020-07-26T22:07:00Z,Underway Science seawater impeller,chl discrete,"","",40.488172,-70.894563,"",NESLTER
en655,66,2020-07-26T22:28:20Z,Sting Ray,deploy towed,L5,003,40.484058,-70.896915,"",NESLTER
en655,67,2020-07-27T00:09:41Z,Sting Ray,recover,L6,003,40.399705,-70.903888,"",NESLTER
en655,70,2020-07-27T01:24:56Z,CTD911,deploy,L7,011,40.22468,-70.880388,"",NESLTER
en655,71,2020-07-27T01:48:46Z,CTD911,recover,L7,011,40.22073,-70.874103,"",NESLTER
en655,72,2020-07-27T02:04:00Z,Bongo Net,deploy,L7,B11,40.21811,-70.870748,"",NESLTER
en655,73,2020-07-27T02:20:00Z,Bongo Net,recover,L7,B11,40.214257,-70.868582,"",NESLTER
en655,82,2020-07-27T09:02:00Z,Underway Science seawater diaphragm pump,TOI discrete,L9 pass,"",40.093377,-70.882535,bottle 328,NESLTER
en655,136,2020-07-27T09:21:00Z,Underway Science seawater impeller,chl discrete,"","",40.038178,-70.882128,"",NESLTER
en655,74,2020-07-27T10:15:51Z,CTD911,deploy,L10,012,39.932903,-70.88508,"",NESLTER
en655,75,2020-07-27T11:05:00Z,CTD911,recover,L10,012,39.930637,-70.885055,"",NESLTER
en655,80,2020-07-27T11:13:00Z,Bongo Net,deploy,L10,B12,39.931543,-70.887863,"",NESLTER
en655,76,2020-07-27T11:26:16Z,Incubation C13,start,L10,012,39.92529,-70.891902,"",NESLTER
en655,77,2020-07-27T11:36:01Z,Incubation Grazing,start,L10,012,39.921158,-70.894773,"",NESLTER
en655,81,2020-07-27T11:41:00Z,Bongo Net,recover,L10,B12,39.918897,-70.896312,"",NESLTER
en655,78,2020-07-27T12:15:00Z,Incubation C13,stop,L4,007,39.868165,-70.883687,"",NESLTER
en655,79,2020-07-27T12:46:05Z,Incubation Grazing,stop,L4,007,39.780353,-70.883298,"",NESLTER
en655,83,2020-07-27T14:01:00Z,Underway Science seawater diaphragm pump,TOI discrete,u11b,"",39.773435,-70.675257,bottle 436,NESLTER
en655,84,2020-07-27T14:13:00Z,Underway Science seawater diaphragm pump,TOI discrete,u11ab,"",39.773197,-70.722883,bottle 437,NESLTER
en655,87,2020-07-27T14:56:22Z,CTD911,deploy,u11a,013,39.769548,-70.78046,"",NESLTER
en655,88,2020-07-27T15:47:00Z,Underway Science seawater diaphragm pump,TOI discrete,L11u11a,"",39.773153,-70.830635,bottle 468,NESLTER
en655,89,2020-07-27T16:00:00Z,Underway Science seawater diaphragm pump,TOI discrete,L11,"",39.773417,-70.882482,bottle 474,NESLTER
en655,90,2020-07-27T16:14:00Z,Underway Science seawater diaphragm pump,TOI discrete,L11d11a,"",39.7733,-70.9384,bottle 461,NESLTER
en655,91,2020-07-27T16:38:00Z,CTD911,deploy,d11a,014,39.771182,-70.995292,"",NESLTER
en655,92,2020-07-27T16:47:00Z,Underway Science seawater diaphragm pump,TOI discrete,d11a,"",39.769675,-70.997278,bottle 419,NESLTER
en655,93,2020-07-27T17:43:00Z,Underway Science seawater diaphragm pump,TOI discrete,d11b,"",39.773522,-71.099722,bottle 477,NESLTER
en655,137,2020-07-27T19:21:00Z,Underway Science seawater impeller,chl discrete,"","",39.813378,-70.967175,"",NESLTER
en655,94,2020-07-27T19:49:00Z,Underway Science seawater diaphragm pump,TOI discrete,L10.5,"",39.8615,-70.882328,bottle 502,NESLTER
en655,95,2020-07-27T20:14:00Z,Underway Science seawater diaphragm pump,TOI discrete,L10 pass,"",39.940933,-70.88289,bottle 401,NESLTER
en655,96,2020-07-27T20:40:00Z,Underway Science seawater diaphragm pump,TOI discrete,L9.5 pass,"",40.02259,-70.883242,bottle 562,NESLTER
en655,138,2020-07-27T21:01:00Z,Underway Science seawater impeller,chl discrete,"","",40.087318,-70.88364,"",NESLTER
en655,97,2020-07-27T21:16:00Z,CTD911,deploy,L9,015,40.098445,-70.88109,"",NESLTER
en655,104,2020-07-27T21:41:00Z,Underway Science seawater diaphragm pump,TOI discrete,L9,"",40.094603,-70.882308,bottle 453 surface duplicate,NESLTER
en655,110,2020-07-27T21:41:00Z,Underway Science seawater diaphragm pump,DO discrete,L9,"",40.094603,-70.882308,bottle 22,NESLTER
en655,111,2020-07-27T21:43:00Z,Underway Science seawater diaphragm pump,DO discrete,L9,"",40.094235,-70.882597,bottle 23 surface duplicate,NESLTER
en655,105,2020-07-27T21:43:00Z,Underway Science seawater diaphragm pump,TOI discrete,L9,"",40.094235,-70.882597,bottle 481 surface duplicate,NESLTER
en655,98,2020-07-27T22:05:00Z,Bongo Net,deploy,L9,B15,40.099623,-70.881967,No samples; hit bottom,NESLTER
en655,99,2020-07-27T22:25:00Z,Bongo Net,recover,L9,B15,40.10083,-70.872427,No samples; hit bottom,NESLTER
en655,100,2020-07-27T23:00:00Z,Sting Ray,deploy towed,L9,004,40.127145,-70.882633,"",NESLTER
en655,139,2020-07-27T23:18:00Z,Underway Science seawater impeller,chl discrete,"","",40.13396,-70.88967,"",NESLTER
en655,112,2020-07-28T00:02:28Z,Bongo Net,deploy,L6,B16,40.191862,-70.883432,"",NESLTER
en655,113,2020-07-28T00:02:43Z,Bongo Net,recover,L6,B16,40.192205,-70.88343,"",NESLTER
en655,101,2020-07-28T00:36:00Z,Underway Science seawater diaphragm pump,TOI discrete,L7 pass,"",40.226642,-70.881567,bottle 495,NESLTER
en655,102,2020-07-28T00:54:54Z,Sting Ray,recover,L7,004,40.24378,-70.88391,"",NESLTER
en655,103,2020-07-28T01:50:43Z,CTD911,deploy,L6,016,40.368687,-70.875288,"",NESLTER
en655,107,2020-07-28T02:09:58Z,Underway Science seawater diaphragm pump,TOI discrete,L6,"",40.366293,-70.869392,bottle 571 surface duplicate,NESLTER
en655,108,2020-07-28T02:09:58Z,Underway Science seawater diaphragm pump,DO discrete,L6,"",40.366293,-70.869392,bottle 33 surface duplicate,NESLTER
en655,109,2020-07-28T02:09:58Z,Underway Science seawater diaphragm pump,DO discrete,L6,"",40.366293,-70.869392,bottle 34,NESLTER
en655,106,2020-07-28T02:10:00Z,Underway Science seawater diaphragm pump,TOI discrete,L6,"",40.366293,-70.869392,bottle 570 surface duplicate,NESLTER
en655,140,2020-07-28T04:06:00Z,Underway Science seawater impeller,chl discrete,"","",40.54948,-70.883505,"",NESLTER
en655,141,2020-07-28T04:31:00Z,Underway Science seawater impeller,chl discrete,"","",40.622878,-70.884043,"",NESLTER
en655,117,2020-07-28T05:30:00Z,Attune Flow Cytometer,stop,"","",40.79488,-70.883765,"",NESLTER
en655,127,2020-07-28T10:11:00Z,Incubation C13,stop,L10,012,41.3899,-71.31167,"",NESLTER
en655,128,2020-07-28T10:45:00Z,Incubation Grazing,stop,L10,012,41.393105,-71.308472,"",NESLTER
en655,142,2020-07-28T10:53:00Z,Underway Science seawater impeller,chl discrete,"","",41.393877,-71.307327,"",NESLTER
en655,125,2020-07-28T12:00:00Z,EIMS,stop,"","",41.428093,-71.391693,"",NESLTER
en655,116,2020-07-28T12:01:43Z,IFCB continuous,stop,"","",41.427703,-71.39347,"",NESLTER
en655,118,2020-07-28T12:04:20Z,Underway Science seawater diaphragm pump,stop,"","",41.430227,-71.400693,"",NESLTER
en655,143,2020-07-28T12:06:00Z,Underway Science seawater impeller,chl discrete,"","",NaN,NaN,"",NESLTER
en655,120,2020-07-28T12:11:28Z,Thermosalinographs on underway impeller,stop,"","",41.444642,-71.41096,at mouth of Narragansett Bay,NESLTER
en655,145,2020-07-28T12:30:00Z,Other,end,"","",41.482837,-71.407643,"",NESLTER
en655,123,2020-07-28T12:33:42Z,ADCP300,stop,"","",41.49034,-71.41028,in Narragansett Bay,NESLTER
en655,124,2020-07-28T12:34:04Z,ADCP75,stop,"","",41.491068,-71.410605,"",NESLTER
en655,126,2020-07-28T12:40:56Z,Thermosalinographs on underway impeller,stop,"","",41.497397,-71.413128,SBE45 continuously running and pumps stopped,NESLTER
en655,146,2020-07-28T13:38:31Z,Ship,endCruise,"","",41.492207,-71.418743,arrived at Narragansett GSO dock,NESLTER
en655,147,2020-07-28T13:39:57Z,Echosounder12,stop,"","",41.492215,-71.418773,Stop 12 KHz after arriving at GSO dock,NESLTER
en655,149,2020-07-28T14:09:39Z,Ship,other,"","",41.492173,-71.418693,Gangway installed - dock to ship,NESLTER
en657,28,2020-10-13T08:28:00Z,Underway Science seawater diaphragm pump,TOI discrete,u2b,"",41.492212,-71.418705,bottle 570,NESLTER
en657,29,2020-10-13T09:50:00Z,Underway Science seawater diaphragm pump,TOI discrete,L2u2a,"",41.492192,-71.4187,Bottle 567,NESLTER
en657,30,2020-10-13T10:05:01Z,Underway Science seawater diaphragm pump,TOI discrete,L2,"",41.492197,-71.418713,bottle 587,NESLTER
en657,31,2020-10-13T10:20:01Z,Underway Science seawater diaphragm pump,TOI discrete,L2d2a,"",41.492198,-71.418695,bottle 564,NESLTER
en657,33,2020-10-13T10:52:01Z,Underway Science seawater diaphragm pump,TOI discrete,d2a,"",41.492205,-71.418708,bottle 642,NESLTER
en657,34,2020-10-13T11:45:01Z,Underway Science seawater diaphragm pump,TOI discrete,d2b,"",41.492202,-71.418752,bottle 681,NESLTER
en657,1,2020-10-13T12:25:43Z,MeteorologicalSensor,start,"","",41.492217,-71.418718,Met sensors remain running and logging as usual,NESLTER
en657,2,2020-10-13T12:26:59Z,Echosounder12,start,"","",41.492207,-71.418725,Start 12 KHz before leaving dock,NESLTER
en657,3,2020-10-13T12:59:20Z,Ship,startCruise,"","",41.492187,-71.41869,Gangway removed - from ship to dock,NESLTER
en657,197,2020-10-13T13:00:00Z,SUNAV2,onCTD,"","",41.492192,-71.418693,"",NESLTER
en657,4,2020-10-13T13:10:22Z,ADCP300,start,"","",41.485663,-71.409552,"",NESLTER
en657,5,2020-10-13T13:10:47Z,ADCP75,start,"","",41.485257,-71.409032,"",NESLTER
en657,6,2020-10-13T13:11:08Z,UHDAS for both ADCPs,start,"","",41.484897,-71.408617,"",NESLTER
en657,7,2020-10-13T13:25:53Z,Underway Science seawater impeller,start,"","",41.46172,-71.410187,Pump (magnetic impeller pump) on and water valves open to flow through system,NESLTER
en657,8,2020-10-13T13:26:45Z,Thermosalinographs on underway impeller,start,"","",41.460058,-71.410555,SBE45 continuously running and pumps started,NESLTER
en657,9,2020-10-13T13:27:22Z,Thermosalinographs on underway impeller,start,"","",41.458912,-71.410827,SBE21 thermosalinograph started,NESLTER
en657,10,2020-10-13T13:30:00Z,Fluorometers on underway impeller,start,"","",41.453422,-71.41252,SBE21 thermosalinograph started both WETStar and ECO fluorometers are connected to SBE21,NESLTER
en657,11,2020-10-13T13:31:29Z,Underway Science seawater diaphragm pump,start,"","",41.450175,-71.412335,Pump (motor-driven diaphragm pump) on and water valves open to that flow through system,NESLTER
en657,16,2020-10-13T13:50:01Z,EIMS,start,"","",41.419365,-71.408063,Cruise start,NESLTER
en657,12,2020-10-13T14:04:01Z,Other,start,"","",41.41108,-71.39102,HOBO temperature light sensors,NESLTER
en657,13,2020-10-13T14:05:16Z,Other,start,"","",41.40985,-71.387567,Incubation Tanks Start Filling,NESLTER
en657,17,2020-10-13T14:15:00Z,Fluorometers on underway impeller,other,"","",41.400765,-71.361322,stop then restart flow to fluorometers to clean them 1415-1433z,NESLTER
en657,14,2020-10-13T14:18:30Z,IFCB continuous,start,"","",41.397395,-71.3523,"",NESLTER
en657,15,2020-10-13T14:19:10Z,Attune Flow Cytometer,start,"","",41.396657,-71.350555,"",NESLTER
en657,18,2020-10-13T17:52:28Z,CTD911,deploy,L1,001,41.203008,-70.879008,"",NESLTER
en657,25,2020-10-13T18:33:01Z,Bongo Net,deploy,L01,B01,41.2033,-70.864388,"",NESLTER
en657,63,2020-10-13T18:38:01Z,Bongo Net,recover,L01,B01,41.203415,-70.862027,"",NESLTER
en657,23,2020-10-13T18:41:01Z,Incubation C13,start,L1,001,41.203495,-70.860835,"",NESLTER
en657,22,2020-10-13T19:15:01Z,Incubation Grazing,start,L1,001,41.186728,-70.856668,"",NESLTER
en657,21,2020-10-13T19:15:01Z,Incubation Grazing Microplastics,start,L1,001,41.186728,-70.856668,"",NESLTER
en657,19,2020-10-13T19:16:36Z,Sting Ray,deploy towed,L1,001,41.185507,-70.856855,"",NESLTER
en657,20,2020-10-13T22:44:09Z,Sting Ray,recover,L2.5,001,40.949315,-70.87543,"",NESLTER
en657,24,2020-10-14T00:07:33Z,CTD911,deploy,L3,002,40.861267,-70.879848,"",NESLTER
en657,26,2020-10-14T00:40:01Z,Bongo Net,deploy,L03,B02,40.855252,-70.875518,"",NESLTER
en657,64,2020-10-14T00:48:01Z,Bongo Net,recover,L03,B02,40.851768,-70.874328,"",NESLTER
en657,27,2020-10-14T09:12:19Z,CTD911,deploy,u2a,003,41.030398,-70.773633,"",NESLTER
en657,173,2020-10-14T09:52:00Z,Underway Science seawater impeller,chl discrete,"","",41.030062,-70.837443,"",NESLTER
en657,174,2020-10-14T10:28:00Z,Underway Science seawater impeller,chl discrete,"","",41.029823,-70.962647,"",NESLTER
en657,32,2020-10-14T10:46:40Z,CTD911,deploy,d2a,004,41.030262,-70.994552,"",NESLTER
en657,39,2020-10-14T11:30:00Z,SUNAV2,sync time,"","",41.030768,-71.043615,2 sec slow after cast 4 before cast 5,NESLTER
en657,35,2020-10-14T13:02:32Z,CTD911,deploy,L2,005,41.029387,-70.88381,"",NESLTER
en657,40,2020-10-14T13:25:00Z,Underway Science seawater diaphragm pump,TOI discrete,L2,underway,41.029307,-70.884567,bottle 774 duplicate,NESLTER
en657,41,2020-10-14T13:28:00Z,Underway Science seawater diaphragm pump,TOI discrete,L2,underway,41.029433,-70.884765,bottle 571 duplicate,NESLTER
en657,69,2020-10-14T13:39:00Z,Bongo Net,deploy,L02,B05,41.030067,-70.888233,"",NESLTER
en657,70,2020-10-14T13:46:00Z,Bongo Net,recover,L02,B05,41.030698,-70.89181,"",NESLTER
en657,37,2020-10-14T13:50:00Z,Incubation C13,start,L2,005,41.031052,-70.894018,"",NESLTER
en657,36,2020-10-14T14:05:00Z,Incubation Grazing,start,L2,005,41.029295,-70.896563,"",NESLTER
en657,38,2020-10-14T14:46:55Z,Sting Ray,deploy towed,L2.5,002,40.949485,-70.888657,"",NESLTER
en657,175,2020-10-14T14:59:00Z,Underway Science seawater impeller,chl discrete,"","",40.943562,-70.883562,"",NESLTER
en657,91,2020-10-14T17:47:00Z,Incubation C13,start,L11,012,40.710278,-70.884617,"",NESLTER
en657,42,2020-10-14T18:00:00Z,Sting Ray,recover,L4,002,40.699195,-70.88847,"",NESLTER
en657,43,2020-10-14T18:35:41Z,CTD911,deploy,L4,006,40.696195,-70.891822,"",NESLTER
en657,47,2020-10-14T18:40:00Z,Underway Science seawater diaphragm pump,DO discrete,L4,006,40.695845,-70.893238,bottle 16 duplicate,NESLTER
en657,48,2020-10-14T18:42:00Z,Underway Science seawater diaphragm pump,DO discrete,L4,006,40.695697,-70.893887,bottle 17 duplicate,NESLTER
en657,71,2020-10-14T18:59:45Z,Bongo Net,deploy,L04,B06,40.694793,-70.900182,"",NESLTER
en657,72,2020-10-14T19:09:00Z,Bongo Net,recover,L04,B06,40.694127,-70.905903,"",NESLTER
en657,53,2020-10-14T19:20:00Z,Incubation C13,start,L4,006,40.694327,-70.911415,"",NESLTER
en657,44,2020-10-14T19:25:00Z,Sting Ray,deploy towed,L4,003,40.69543,-70.91562,"",NESLTER
en657,51,2020-10-14T19:35:00Z,Incubation C13,stop,L1,001,40.693278,-70.911083,"",NESLTER
en657,45,2020-10-14T19:41:27Z,Incubation Grazing,start,L4,006,40.685412,-70.910008,"",NESLTER
en657,46,2020-10-14T19:41:53Z,Incubation Grazing Microplastics,start,L4,006,40.684883,-70.90999,"",NESLTER
en657,49,2020-10-14T20:20:00Z,Incubation Grazing,stop,L1,001,40.644175,-70.886348,"",NESLTER
en657,50,2020-10-14T22:02:12Z,Incubation Grazing Microplastics,stop,L1,001,40.514523,-70.88438,"",NESLTER
en657,52,2020-10-14T22:50:23Z,Sting Ray,recover,L5,003,40.49269,-70.891017,"",NESLTER
en657,54,2020-10-14T23:12:40Z,CTD911,deploy,L5,007,40.51597,-70.883777,"",NESLTER
en657,65,2020-10-14T23:50:00Z,Bongo Net,deploy,L05,B07,40.513758,-70.888655,"",NESLTER
en657,66,2020-10-15T00:02:00Z,Bongo Net,recover,L05,B07,40.510217,-70.892402,"",NESLTER
en657,176,2020-10-15T00:53:00Z,Underway Science seawater impeller,chl discrete,"","",40.467083,-70.88191,"",NESLTER
en657,177,2020-10-15T01:14:00Z,Underway Science seawater impeller,chl discrete,"","",40.408988,-70.88302,"",NESLTER
en657,55,2020-10-15T01:30:00Z,Underway Science seawater diaphragm pump,TOI discrete,L6 pass,"",40.363473,-70.879848,bottle 327 underway sample,NESLTER
en657,56,2020-10-15T02:13:12Z,ADCP300,other,"","",40.237392,-70.88419,ADCPs (both) Stop recording Bottom Track from On to Off then Start recording again,NESLTER
en657,58,2020-10-15T07:06:57Z,CTD911,abort,L10,008,39.937875,-70.879045,"",NESLTER
en657,57,2020-10-15T07:06:58Z,CTD911,deploy,L10,008,39.937877,-70.879037,"",NESLTER
en657,59,2020-10-15T07:44:41Z,CTD911,deploy,L10,009,39.934817,-70.87833,"",NESLTER
en657,67,2020-10-15T08:42:00Z,Bongo Net,deploy,L10,B09,39.930332,-70.877318,"",NESLTER
en657,60,2020-10-15T08:57:11Z,Incubation C13,start,L10,009,39.924597,-70.874507,"",NESLTER
en657,68,2020-10-15T09:09:00Z,Bongo Net,recover,L10,B09,39.919985,-70.87298,"",NESLTER
en657,61,2020-10-15T09:25:59Z,Incubation Grazing,start,L10,009,39.90968,-70.882275,"",NESLTER
en657,62,2020-10-15T09:26:26Z,Incubation Grazing Microplastics,start,L10,009,39.908773,-70.882167,"",NESLTER
en657,73,2020-10-15T10:17:01Z,Underway Science seawater diaphragm pump,DO discrete,"",L11,39.772462,-70.880667,bottle 18 duplicate,NESLTER
en657,74,2020-10-15T10:18:01Z,Underway Science seawater diaphragm pump,DO discrete,"",L11,39.772468,-70.877008,bottle 19 duplicate,NESLTER
en657,76,2020-10-15T11:25:00Z,Underway Science seawater diaphragm pump,TOI discrete,u11b,"",39.773005,-70.668405,bottle 317,NESLTER
en657,75,2020-10-15T12:04:00Z,CTD911,deploy,u11a,010,39.771923,-70.776055,"",NESLTER
en657,77,2020-10-15T12:59:00Z,Underway Science seawater diaphragm pump,TOI discrete,L11u11a,"",39.773402,-70.827297,bottle 305,NESLTER
en657,78,2020-10-15T13:12:01Z,Underway Science seawater diaphragm pump,TOI discrete,L11,"",39.773195,-70.876727,bottle 289,NESLTER
en657,79,2020-10-15T13:27:01Z,Underway Science seawater diaphragm pump,TOI discrete,L11d11a,"",39.772675,-70.934288,bottle 107,NESLTER
en657,80,2020-10-15T13:42:01Z,Underway Science seawater diaphragm pump,TOI discrete,d11a,"",39.77452,-70.991355,bottle 106,NESLTER
en657,81,2020-10-15T13:57:55Z,CTD911,deploy,d11a,011,39.774435,-70.99249,"",NESLTER
en657,82,2020-10-15T14:00:32Z,Incubation C13,stop,L2,005,39.774648,-70.99251,"",NESLTER
en657,83,2020-10-15T14:27:25Z,Incubation Grazing,stop,L2,005,39.775657,-70.99335,"",NESLTER
en657,84,2020-10-15T14:35:43Z,SUNAV2,sync time,"","",39.77423,-71.023167,0 sec off sync before C012,NESLTER
en657,85,2020-10-15T14:54:01Z,Underway Science seawater diaphragm pump,TOI discrete,d11b,"",39.773802,-71.093922,bottle 645,NESLTER
en657,86,2020-10-15T16:10:12Z,CTD911,deploy,L11,012,39.773093,-70.882823,"",NESLTER
en657,87,2020-10-15T16:52:01Z,Underway Science seawater diaphragm pump,TOI discrete,L11,"",39.768798,-70.87667,bottle 212 underway duplicate,NESLTER
en657,88,2020-10-15T16:54:01Z,Underway Science seawater diaphragm pump,TOI discrete,L11,"",39.768603,-70.876292,bottle 225 underway duplicate,NESLTER
en657,95,2020-10-15T17:08:00Z,Bongo Net,deploy,L11,B12,39.766982,-70.873925,"",NESLTER
en657,96,2020-10-15T17:33:00Z,Bongo Net,recover,L11,B12,39.758062,-70.867587,"",NESLTER
en657,89,2020-10-15T18:16:54Z,RMT10 Midwater Trawl (Tucker-style),deploy,L11,"",39.772117,-70.883325,"",NESLTER
en657,90,2020-10-15T18:25:42Z,Incubation Grazing,start,L11,012,39.769123,-70.883002,"",NESLTER
en657,92,2020-10-15T19:01:01Z,RMT10 Midwater Trawl (Tucker-style),other,L11,"",39.75817,-70.881953,net at max depth,NESLTER
en657,101,2020-10-15T19:20:01Z,Incubation C13,stop,L4,006,39.752675,-70.881958,"",NESLTER
en657,93,2020-10-15T19:33:06Z,Other,other,"","",39.748167,-70.882078,Group Photo,NESLTER
en657,94,2020-10-15T20:14:26Z,Incubation Grazing,stop,L4,006,39.734265,-70.883547,"",NESLTER
en657,97,2020-10-15T21:00:16Z,RMT10 Midwater Trawl (Tucker-style),other,"",01,39.716567,-70.88808,begin recovering,NESLTER
en657,98,2020-10-15T21:02:31Z,Incubation Grazing Microplastics,stop,L4,006,39.71561,-70.888242,"",NESLTER
en657,178,2020-10-15T22:22:00Z,Underway Science seawater impeller,chl discrete,"","",39.687265,-70.887568,"",NESLTER
en657,99,2020-10-15T22:35:20Z,RMT10 Midwater Trawl (Tucker-style),recover,L11,"",39.687948,-70.887788,"",NESLTER
en657,100,2020-10-15T23:20:22Z,Sting Ray,deploy towed,L11,004,39.773165,-70.882232,"",NESLTER
en657,102,2020-10-16T01:01:10Z,Sting Ray,recover,L11,"",39.76414,-70.884415,"",NESLTER
en657,103,2020-10-16T02:51:03Z,CTD911,deploy,L12,013,39.936563,-70.770525,"",NESLTER
en657,105,2020-10-16T04:12:00Z,Underway Science seawater diaphragm pump,TOI discrete,L10,"",39.939302,-70.874842,bottle 263 underway pass,NESLTER
en657,106,2020-10-16T04:14:00Z,Underway Science seawater diaphragm pump,DO discrete,L10,"",39.939022,-70.87772,bottle 20 duplicate,NESLTER
en657,107,2020-10-16T04:16:01Z,Underway Science seawater diaphragm pump,DO discrete,L10,"",39.938653,-70.879343,bottle 21 duplicate,NESLTER
en657,104,2020-10-16T04:30:24Z,Sting Ray,deploy towed,L10,005,39.931742,-70.881072,"",NESLTER
en657,108,2020-10-16T07:29:20Z,Sting Ray,recover,L11,"",39.756865,-70.888252,"",NESLTER
en657,109,2020-10-16T09:41:31Z,Incubation C13,stop,L10,009,40.102995,-70.883203,"",NESLTER
en657,110,2020-10-16T09:42:08Z,CTD911,deploy,L9,014,40.103018,-70.883165,"",NESLTER
en657,119,2020-10-16T10:14:01Z,Bongo Net,deploy,L09,B14,40.100892,-70.880347,"",NESLTER
en657,120,2020-10-16T10:30:00Z,Bongo Net,recover,L09,B14,40.097072,-70.874297,"",NESLTER
en657,111,2020-10-16T10:44:01Z,Incubation Grazing,stop,L10,009,40.101247,-70.860732,"",NESLTER
en657,112,2020-10-16T11:33:31Z,CTD911,deploy,L8,015,40.133183,-70.77333,"",NESLTER
en657,116,2020-10-16T11:59:46Z,Underway Science seawater diaphragm pump,TOI discrete,L8,015,40.129528,-70.768383,bottle 140 underway duplicate,NESLTER
en657,117,2020-10-16T11:59:46Z,Underway Science seawater diaphragm pump,TOI discrete,L8,015,40.129528,-70.768383,bottle 179 underway duplicate,NESLTER
en657,121,2020-10-16T12:15:00Z,Bongo Net,deploy,L08,B15,40.127578,-70.764973,"",NESLTER
en657,122,2020-10-16T12:32:00Z,Bongo Net,recover,L08,B15,40.120367,-70.757672,"",NESLTER
en657,113,2020-10-16T12:42:36Z,Incubation C13,start,L8,015,40.118815,-70.754717,"",NESLTER
en657,114,2020-10-16T12:42:46Z,Incubation Grazing Microplastics,stop,L10,009,40.118857,-70.754673,"",NESLTER
en657,115,2020-10-16T12:50:48Z,Incubation Grazing,start,L8,015,40.119895,-70.753475,"",NESLTER
en657,179,2020-10-16T13:15:00Z,Underway Science seawater impeller,chl discrete,"","",40.080907,-70.794888,"",NESLTER
en657,180,2020-10-16T14:14:00Z,Underway Science seawater impeller,chl discrete,"","",39.936512,-70.88303,"",NESLTER
en657,118,2020-10-16T14:23:31Z,Sting Ray,deploy towed,L10,006,39.932867,-70.881275,"",NESLTER
en657,123,2020-10-16T16:27:46Z,Underway Science seawater diaphragm pump,TOI discrete,L9,"",40.097948,-70.88377,bottle 182 L9 pass,NESLTER
en657,124,2020-10-16T17:49:00Z,SUNAV2,sync time,"","",40.212968,-70.883055,2 sect slow after C15 before C16,NESLTER
en657,125,2020-10-16T17:57:00Z,Underway Science seawater diaphragm pump,TOI discrete,L7,"",40.224208,-70.883217,bottle 380 L7 pass,NESLTER
en657,181,2020-10-16T17:59:00Z,Underway Science seawater impeller,chl discrete,"","",40.226932,-70.883245,"",NESLTER
en657,127,2020-10-16T18:07:00Z,Underway Science seawater diaphragm pump,DO discrete,L7,"",40.23785,-70.883413,bottle 31 duplicate pass,NESLTER
en657,128,2020-10-16T18:10:01Z,Underway Science seawater diaphragm pump,DO discrete,L7,"",40.241947,-70.883455,bottle 32 duplicate pass,NESLTER
en657,126,2020-10-16T18:16:31Z,Incubation C13,stop,L11,012,40.251035,-70.88359,"",NESLTER
en657,129,2020-10-16T18:43:05Z,Incubation Grazing,stop,L11,012,40.287597,-70.883883,"",NESLTER
en657,130,2020-10-16T19:39:00Z,Underway Science seawater diaphragm pump,TOI discrete,L6 pass,"",40.357992,-70.888542,bottle 378,NESLTER
en657,131,2020-10-16T19:45:00Z,Sting Ray,recover,L6,006,40.362925,-70.89021,"",NESLTER
en657,132,2020-10-16T21:40:28Z,Other,end,u6b,"",40.359743,-70.65842,OOI glider recovery,NESLTER
en657,133,2020-10-16T21:57:00Z,Underway Science seawater diaphragm pump,TOI discrete,u6b,"",40.36152,-70.662612,bottle 350,NESLTER
en657,134,2020-10-16T22:43:52Z,CTD911,deploy,u6a,016,40.36589,-70.776887,"",NESLTER
en657,182,2020-10-16T22:47:00Z,Underway Science seawater impeller,chl discrete,"","",40.365925,-70.776545,"",NESLTER
en657,135,2020-10-16T23:20:00Z,Underway Science seawater diaphragm pump,TOI discrete,L6u6a,"",40.36312,-70.82247,bottle 349,NESLTER
en657,183,2020-10-16T23:24:00Z,Underway Science seawater impeller,chl discrete,"","",40.362873,-70.83722,"",NESLTER
en657,136,2020-10-16T23:47:46Z,CTD911,deploy,L6,017,40.358488,-70.886948,"",NESLTER
en657,137,2020-10-17T00:49:14Z,Incubation C13,start,L6,017,40.369817,-70.896113,"",NESLTER
en657,138,2020-10-17T00:54:19Z,Incubation Grazing,start,L6,017,40.370507,-70.89515,"",NESLTER
en657,159,2020-10-17T01:15:00Z,Bongo Net,deploy,L6,B17,40.373693,-70.894517,"",NESLTER
en657,160,2020-10-17T01:26:00Z,Bongo Net,recover,L6,B17,40.37691,-70.898563,"",NESLTER
en657,139,2020-10-17T01:53:01Z,Underway Science seawater diaphragm pump,TOI discrete,L6d6a,"",40.363767,-70.933167,bottle 347,NESLTER
en657,184,2020-10-17T02:27:00Z,Underway Science seawater impeller,chl discrete,"","",40.36187,-70.989905,"",NESLTER
en657,140,2020-10-17T02:29:16Z,CTD911,deploy,d6a,018,40.361532,-70.98973,"",NESLTER
en657,141,2020-10-17T02:30:01Z,Underway Science seawater diaphragm pump,TOI discrete,d6a,"",40.361418,-70.989683,bottle 343,NESLTER
en657,142,2020-10-17T05:33:05Z,CTD911,deploy,L7,019,40.2242,-70.874867,"",NESLTER
en657,143,2020-10-17T06:06:24Z,CTD911,recover,L7,019,40.223013,-70.862238,"",NESLTER
en657,161,2020-10-17T06:18:00Z,Bongo Net,deploy,L7,B19,40.222348,-70.857125,"",NESLTER
en657,162,2020-10-17T06:28:00Z,Bongo Net,recover,L7,B19,40.221973,-70.85191,"",NESLTER
en657,144,2020-10-17T11:10:04Z,Underway Science seawater diaphragm pump,IFCB discrete,"",UW1,40.567093,-70.981163,run on both IFCB109 and IFCB101 FCM also taken,NESLTER
en657,145,2020-10-17T13:17:16Z,Incubation C13,stop,L8,015,40.701133,-71.019033,"",NESLTER
en657,146,2020-10-17T13:17:46Z,Incubation Grazing,stop,L8,015,40.701825,-71.01918,"",NESLTER
en657,147,2020-10-17T15:30:00Z,Underway Science seawater diaphragm pump,TOI discrete,L3 pass,"",40.864938,-70.883283,bottle 254 duplicate,NESLTER
en657,148,2020-10-17T15:31:00Z,Underway Science seawater diaphragm pump,TOI discrete,L3 pass,"",40.866035,-70.88286,bottle 361 duplicate,NESLTER
en657,149,2020-10-17T15:32:00Z,Underway Science seawater diaphragm pump,DO discrete,L3 pass,"",40.867005,-70.883243,bottle 33 duplicate,NESLTER
en657,150,2020-10-17T15:33:00Z,Underway Science seawater diaphragm pump,DO discrete,L3 pass,"",40.868098,-70.883398,bottle 34 duplicate,NESLTER
en657,185,2020-10-17T16:31:00Z,Underway Science seawater impeller,chl discrete,"","",40.985848,-70.882632,"",NESLTER
en657,153,2020-10-17T16:48:00Z,Underway Science seawater diaphragm pump,DO discrete,L2 pass,"",41.022292,-70.880817,bottle 35 duplicate,NESLTER
en657,154,2020-10-17T16:49:00Z,Underway Science seawater diaphragm pump,DO discrete,L2 pass,"",41.024345,-70.880693,bottle 36 duplicate,NESLTER
en657,151,2020-10-17T16:50:00Z,Underway Science seawater diaphragm pump,TOI discrete,L2 pass,"",41.026385,-70.88057,bottle 200 duplicate,NESLTER
en657,152,2020-10-17T16:51:00Z,Underway Science seawater diaphragm pump,TOI discrete,L2 pass,"",41.02846,-70.880537,bottle 257 duplicate,NESLTER
en657,155,2020-10-17T17:22:49Z,ADCP300,other,L2-L1.5,"",41.097397,-70.883265,ADCPs (both) Stop recording Bottom Track from Off to On then Start recording again,NESLTER
en657,156,2020-10-17T18:10:00Z,Underway Science seawater diaphragm pump,TOI discrete,L1 pass,"",41.203837,-70.880108,bottle 167 duplicate,NESLTER
en657,157,2020-10-17T18:11:00Z,Underway Science seawater diaphragm pump,TOI discrete,L1 pass,"",41.203665,-70.877068,bottle 199 duplicate,NESLTER
en657,158,2020-10-17T19:33:45Z,Sting Ray,deploy towed,L1,007,41.206263,-70.880105,"",NESLTER
en657,186,2020-10-17T20:39:00Z,Underway Science seawater impeller,chl discrete,"","",41.12069,-70.883323,"",NESLTER
en657,187,2020-10-17T21:32:00Z,Underway Science seawater impeller,chl discrete,"","",41.049578,-70.885367,"",NESLTER
en657,163,2020-10-17T22:10:36Z,SUNAV2,sync time,"","",40.9987,-70.88567,just under 2 sec slow before C20,NESLTER
en657,164,2020-10-17T22:50:36Z,Sting Ray,recover,L2.25,007,41.000527,-70.884258,"",NESLTER
en657,188,2020-10-17T22:56:00Z,Underway Science seawater impeller,chl discrete,"","",41.016335,-70.884093,"",NESLTER
en657,165,2020-10-17T22:59:45Z,Underway Science seawater diaphragm pump,TOI discrete,L2 pass again,"",41.027233,-70.883857,bottle 419 duplicate,NESLTER
en657,166,2020-10-17T23:02:45Z,Underway Science seawater diaphragm pump,TOI discrete,L2 pass again,"",41.035957,-70.883678,bottle 401 duplicate,NESLTER
en657,167,2020-10-17T23:57:45Z,Underway Science seawater diaphragm pump,TOI discrete,L1 pass again,"",41.198532,-70.884572,bottle 397 duplicate,NESLTER
en657,168,2020-10-17T23:58:45Z,Underway Science seawater diaphragm pump,TOI discrete,L1 pass again,"",41.201487,-70.884335,bottle 231 duplicate,NESLTER
en657,189,2020-10-18T00:13:00Z,Underway Science seawater impeller,chl discrete,"","",41.202633,-70.832638,"",NESLTER
en657,169,2020-10-18T00:56:37Z,Incubation Grazing,stop,L6,017,41.249832,-70.686967,"",NESLTER
en657,170,2020-10-18T01:43:33Z,CTD911,deploy,MVCO,020,41.320398,-70.577947,"",NESLTER
en657,171,2020-10-18T02:07:00Z,Bongo Net,deploy,MVCO,B20,41.32175,-70.579233,"",NESLTER
en657,190,2020-10-18T02:08:00Z,Underway Science seawater impeller,chl discrete,"","",41.321572,-70.57959,"",NESLTER
en657,172,2020-10-18T02:11:00Z,Bongo Net,recover,MVCO,B20,41.321073,-70.580697,"",NESLTER
en657,191,2020-10-18T04:11:00Z,Underway Science seawater impeller,chl discrete,"","",41.233103,-70.69491,"",NESLTER
en657,192,2020-10-18T04:32:00Z,Underway Science seawater impeller,chl discrete,"","",41.21191,-70.722752,"",NESLTER
en657,193,2020-10-18T05:03:54Z,Other,end,"","",41.19151,-70.773425,HOBO temperature light sensors,NESLTER
en657,194,2020-10-18T05:04:41Z,Other,end,"","",41.191415,-70.774922,Incubation Tanks Start Filling,NESLTER
en657,196,2020-10-18T08:47:48Z,SUNAV2,sync time,"","",41.320645,-71.149622,1 sec slow after C20 end of cruise,NESLTER
en657,198,2020-10-18T10:21:06Z,Attune Flow Cytometer,stop,"","",41.395028,-71.297722,"",NESLTER
en657,199,2020-10-18T10:21:27Z,IFCB continuous,stop,"","",41.395088,-71.297727,"",NESLTER
en657,200,2020-10-18T10:48:03Z,EIMS,stop,WAIT waypoint,"",41.397865,-71.301238,"",NESLTER
en657,206,2020-10-18T11:43:00Z,Fluorometers on underway impeller,stop,"","",41.409692,-71.338408,SBE21 thermosalinograph stopped and both WETStar and ECO fluorometers are connected to SBE21,NESLTER
en657,207,2020-10-18T11:43:00Z,Thermosalinographs on underway impeller,stop,"","",41.409692,-71.338408,SBE21 thermosalinograph stopped and both WETStar and ECO fluorometers are connected to SBE21,NESLTER
en657,208,2020-10-18T11:43:15Z,Thermosalinographs on underway impeller,stop,"","",41.409878,-71.3391,SBE45 continuously running and pumps stopped,NESLTER
en657,201,2020-10-18T11:45:00Z,Underway Science seawater diaphragm pump,stop,"","",41.410933,-71.343632,Pump (motor-driven diaphragm pump) off and water valves closed to that flow through system,NESLTER
en657,202,2020-10-18T11:45:00Z,Underway Science seawater impeller,stop,"","",41.410933,-71.343632,Pump (magnetic impeller pump) off and water valves closed to flow through system,NESLTER
en657,203,2020-10-18T12:30:56Z,UHDAS for both ADCPs,stop,"","",41.474462,-71.408152,"",NESLTER
en657,204,2020-10-18T12:32:04Z,ADCP300,stop,"","",41.477565,-71.40809,"",NESLTER
en657,205,2020-10-18T12:32:25Z,ADCP75,stop,"","",41.478515,-71.408053,"",NESLTER
en657,211,2020-10-18T13:15:00Z,Ship,endCruise,"","",41.492202,-71.418725,Lines over to dock at GSO Narragansett Rhode Island,NESLTER
en657,210,2020-10-18T13:17:00Z,Echosounder12,stop,"","",41.492185,-71.418707,Stop 12 KHz after arriving at GSO dock,NESLTER
en657,209,2020-10-18T13:32:58Z,Ship,endCruise,"","",41.492188,-71.418717,Ship at the dock. Switch power from ship to shore.,NESLTER
en657,212,2020-10-18T13:38:10Z,MeteorologicalSensor,other,"","",41.492213,-71.418733,Met sensors remain running and logging as usual,NESLTER
en657,195,2020-10-19T00:35:00Z,Incubation C13,stop,L6,"",NaN,NaN,"",NESLTER
ar48a,1,2020-10-26T14:00:00Z,Transmissometer 25cm,calibrate,"","",41.524017,-70.67229,fresh; light; dark calibrations performed before cruise,OOI Pioneer
ar48a,2,2020-10-26T14:00:00Z,Transmissometer 10cm,calibrate,"","",41.524017,-70.67229,fresh; light; dark calibrations performed before cruise,OOI Pioneer
ar48a,3,2020-10-28T13:34:00Z,Ship,startCruise,"","",41.524016,-70.672282,Depart WHOI,OOI Pioneer
ar48a,4,2020-10-28T13:50:08Z,Underway Science seawater,start,"","",41.494308,-70.671743,aft diaphragm pump started,OOI Pioneer
ar48a,5,2020-10-28T13:54:55Z,Knudsen 3260,start,"","",41.484542,-70.686014,"",OOI Pioneer
ar48a,6,2020-10-28T14:03:40Z,UHDAS,start,"","",41.470078,-70.716737,started with OOI .cmd files,OOI Pioneer
ar48a,7,2020-10-28T14:07:00Z,IFCB continuous,start,"","",41.464465,-70.728885,started IFCB at start of cruise,OOI Pioneer
ar48a,8,2020-10-28T14:10:32Z,PCO2,start,"","",41.458628,-70.741773,"",OOI Pioneer
ar48a,9,2020-10-28T14:11:20Z,Transmissometer 25cm,start,"","",41.457204,-70.744653,"",OOI Pioneer
ar48a,10,2020-10-28T14:11:28Z,Transmissometer 10cm,start,"","",41.456983,-70.745118,"",OOI Pioneer
ar48a,11,2020-10-28T16:11:00Z,CTD911,deploy,L1,001,41.196556,-70.88361,"",OOI Pioneer
ar48a,12,2020-10-28T16:18:06Z,CTD911,maxDepth,L1,001,41.196559,-70.883604,19 Meters,OOI Pioneer
ar48a,13,2020-10-28T16:24:00Z,CTD911,recover,L1,001,41.196562,-70.883614,"",OOI Pioneer
ar48a,14,2020-10-28T17:35:44Z,CTD911,deploy,L2,002,41.02914,-70.882931,"",OOI Pioneer
ar48a,15,2020-10-28T17:41:49Z,CTD911,maxDepth,L2,002,41.029182,-70.883793,42 meters,OOI Pioneer
ar48a,16,2020-10-28T17:51:20Z,CTD911,recover,L2,002,41.029154,-70.884494,"",OOI Pioneer
ar48a,17,2020-10-28T19:59:36Z,CTD911,deploy,L4,003,40.697072,-70.883663,"",OOI Pioneer
ar48a,18,2020-10-28T20:05:40Z,CTD911,maxDepth,L4,003,40.697113,-70.883677,61 Meters,OOI Pioneer
ar48a,19,2020-10-28T20:16:00Z,CTD911,recover,L4,003,40.697085,-70.883689,"",OOI Pioneer
ar48a,20,2020-10-28T22:40:06Z,Valeport SVS,deploy,"","",40.303508,-70.880522,forgot to lower sensor on departure,OOI Pioneer
ar48a,21,2020-10-28T23:46:52Z,UHDAS,stop,CN,"",40.136292,-70.771006,Stopping for EK-80 comparison at CNSM-12,OOI Pioneer
ar48a,22,2020-10-28T23:48:30Z,Knudsen 3260,stop,CN,"",40.133204,-70.768284,Stopping for EK-80 comparison at CNSM-12,OOI Pioneer
ar48a,23,2020-10-29T00:05:00Z,EK80 broadband,start,CNSM-12,"",40.132451,-70.771435,starting with 5 minutes passive,OOI Pioneer
ar48a,24,2020-10-29T02:12:00Z,EK80 broadband,stop,CNSM-12,"",40.132458,-70.77143,5 min of passive data collected at the end,OOI Pioneer
ar48a,25,2020-10-29T02:13:00Z,UHDAS,start,CN,"",40.132452,-70.77142,EK80 survey finished; started adcps back up again,OOI Pioneer
ar48a,26,2020-10-29T02:15:00Z,Knudsen 3260,start,CN,"",40.132457,-70.771428,EK80 survey finished; started back up again,OOI Pioneer
ar48a,27,2020-10-29T10:18:00Z,Other,start,CN,Release Test,40.129196,-70.776521,pre-deployment lowering release test  (test aborted at ~10:30 UTC; no winch readings),OOI Pioneer
ar48a,28,2020-10-29T10:55:00Z,Other,start,CN,"",40.12921,-70.776571,Testing lowering release and CNPM-4 in-line release on CTD rosette,OOI Pioneer
ar48a,30,2020-10-29T13:26:43Z,Underway Science seawater,other,"","",40.140058,-70.804969,sea goo in flowmeter stopped data at 0800. flow to sbe45 and fluorometer stopped during repair - 12:20 to 13:10.  pCO2 and IFCB not affected,OOI Pioneer
ar48a,33,2020-10-29T16:45:00Z,Other,other,CN,"",40.133737,-70.812568,Line Pack release test,OOI Pioneer
ar48a,36,2020-10-29T20:33:39Z,CTD911,deploy,CN,004,40.137919,-70.776079,CNSM-12; CNSM-13; CNPM-4 in the water; Glider 583 recently recovered,OOI Pioneer
ar48a,37,2020-10-29T20:40:00Z,CTD911,maxDepth,CN,004,40.137826,-70.776077,max depth 129,OOI Pioneer
ar48a,38,2020-10-29T20:57:40Z,CTD911,recover,CN,004,40.138783,-70.775994,"",OOI Pioneer
ar48a,39,2020-10-29T21:00:00Z,Other,start,CN,"",40.138764,-70.775993,Start anchor surveys of CNSM-13 and CNPM-4,OOI Pioneer
ar48a,40,2020-10-29T23:43:13Z,Other,end,CN,"",40.129232,-70.775055,Anchor surveys of CNSM-13 and CNPM-4 completed,OOI Pioneer
ar48a,41,2020-10-30T15:39:58Z,IFCB continuous,stop,"","",41.379876,-70.783379,IFCB stopped as we are in Menemsha,OOI Pioneer
ar48a,42,2020-10-31T11:13:00Z,IFCB continuous,start,"","",41.158561,-70.901572,IFCB started upon departure Menemsha,OOI Pioneer
ar48a,43,2020-10-31T16:25:00Z,Other,start,ISPM-4,"",40.367833,-70.883808,ISPM-4 Line Pack release test (SN 46253),OOI Pioneer
ar48a,44,2020-10-31T17:02:00Z,Other,end,ISPM-4,"",40.36736,-70.883427,Completed ISPM-4 Line pack test,OOI Pioneer
ar48a,49,2020-10-31T22:28:59Z,CTD911,deploy,IS,005,40.362724,-70.884315,ISSM-11; ISSM-12; ISPM-4 in the water,OOI Pioneer
ar48a,50,2020-10-31T22:39:03Z,CTD911,maxDepth,IS,005,40.36272,-70.884322,Max depth 90,OOI Pioneer
ar48a,51,2020-10-31T22:52:00Z,CTD911,recover,IS,005,40.362744,-70.884316,"",OOI Pioneer
ar48a,52,2020-10-31T22:56:56Z,UHDAS,stop,IS,"",40.362735,-70.884311,Secured for EK-80 comparison,OOI Pioneer
ar48a,54,2020-10-31T22:57:00Z,Knudsen 3260,stop,IS,"",40.362735,-70.884305,Stopping for EK-80 comparison at ISSM,OOI Pioneer
ar48a,53,2020-10-31T22:58:00Z,EK80 broadband,start,IS,"",40.362735,-70.884315,Start with 5 minutes passive; both ISSM-11 and ISSM-12 in the water,OOI Pioneer
ar48a,55,2020-11-01T01:03:47Z,EK80 broadband,stop,IS,"",40.362743,-70.884327,Stopped EK-80 with 5 minutes of passive data at the end,OOI Pioneer
ar48a,56,2020-11-01T01:04:32Z,UHDAS,start,IS,"",40.362734,-70.884348,EK80 survey finished; started back up again,OOI Pioneer
ar48a,57,2020-11-01T01:05:13Z,Knudsen 3260,start,IS,"",40.362732,-70.884336,EK80 survey finished; started back up again,OOI Pioneer
ar48a,58,2020-11-01T11:32:00Z,Other,end,IS,"",40.36351,-70.885309,Stopping MET comparison at IS; both ISSM-11 and ISSM-12 in the water,OOI Pioneer
ar48a,62,2020-11-01T16:36:00Z,Other,start,IS,"",40.358083,-70.879834,Start anchor surveys of ISSM-11 and ISPM-4,OOI Pioneer
ar48a,63,2020-11-01T18:19:00Z,Other,end,IS,"",40.370971,-70.887807,Completed anchor surveys of ISSM-12 and ISPM-4,OOI Pioneer
ar48a,64,2020-11-01T19:17:00Z,Other,other,IS,"",40.360258,-70.875341,Completed anchor re-survey of ISSM-11 ARM/anchor,OOI Pioneer
ar48a,65,2020-11-01T21:29:00Z,CTD911,deploy,L4,006,40.697358,-70.882171,"",OOI Pioneer
ar48a,66,2020-11-01T21:36:04Z,CTD911,maxDepth,L4,006,40.698149,-70.882099,59 m,OOI Pioneer
ar48a,67,2020-11-01T21:41:00Z,CTD911,recover,L4,006,40.698661,-70.882049,"",OOI Pioneer
ar48a,68,2020-11-01T23:47:03Z,CTD911,deploy,L2,007,41.031538,-70.882539,"",OOI Pioneer
ar48a,69,2020-11-01T23:51:00Z,CTD911,maxDepth,L2,007,41.03191,-70.882394,42 meters,OOI Pioneer
ar48a,70,2020-11-01T23:56:55Z,CTD911,recover,L2,007,41.032754,-70.882162,"",OOI Pioneer
ar48a,71,2020-11-02T01:04:00Z,CTD911,deploy,L1,008,41.196832,-70.8836,"",OOI Pioneer
ar48a,72,2020-11-02T01:09:59Z,CTD911,maxDepth,L1,008,41.196871,-70.883547,19 m,OOI Pioneer
ar48a,73,2020-11-02T01:13:42Z,CTD911,recover,L1,008,41.196872,-70.883577,"",OOI Pioneer
ar48a,75,2020-11-02T12:00:00Z,PCO2,stop,"","",41.47218,-70.738371,stopped for leg - standards run,OOI Pioneer
ar48a,74,2020-11-02T14:18:03Z,IFCB continuous,stop,"","",41.472188,-70.73835,IFCB shut down at the end of leg A,OOI Pioneer
ar48a,76,2020-11-02T15:19:04Z,UHDAS,stop,"","",41.472127,-70.738298,end cruise for leg,OOI Pioneer
ar48a,78,2020-11-02T16:15:00Z,Ship,endCruise,"","",41.523918,-70.672383,Arrival WHOI Leg A,OOI Pioneer
ar48a,77,2020-11-02T16:16:38Z,Underway Science seawater,stop,"","",41.523932,-70.67233,stopped at dock,OOI Pioneer
ar48a,81,2020-11-02T16:26:54Z,Knudsen 3260,stop,"","",41.523985,-70.672292,at dock,OOI Pioneer
ar48b,2,2020-11-02T18:13:00Z,Transmissometer 10cm,calibrate,"","",41.523985,-70.672292,fresh; light; dark calibrations performed after cruise,OOI Pioneer
ar48b,1,2020-11-02T18:13:33Z,Transmissometer 25cm,calibrate,"","",41.523984,-70.672291,fresh; light; dark calibrations performed after cruise,OOI Pioneer
ar48b,4,2020-11-02T18:40:23Z,Transmissometer 10cm,calibrate,"","",41.523986,-70.672296,fresh; light; dark calibrations performed before cruise,OOI Pioneer
ar48b,3,2020-11-02T18:40:52Z,Transmissometer 25cm,calibrate,"","",41.523985,-70.672295,fresh; light; dark calibrations performed before cruise,OOI Pioneer
ar48b,5,2020-11-03T21:20:00Z,Ship,startCruise,"","",41.523986,-70.672298,"",OOI Pioneer
ar48b,6,2020-11-03T21:33:02Z,Underway Science seawater,start,"","",41.507937,-70.669544,aft diaphragm pump started,OOI Pioneer
ar48b,7,2020-11-03T21:34:14Z,UHDAS,start,"","",41.504121,-70.670413,"",OOI Pioneer
ar48b,8,2020-11-03T21:35:02Z,Knudsen 3260,start,"","",41.501303,-70.671247,"",OOI Pioneer
ar48b,9,2020-11-03T21:40:27Z,PCO2,start,"","",41.486147,-70.688099,"",OOI Pioneer
ar48b,10,2020-11-03T21:50:24Z,IFCB continuous,start,"","",41.463008,-70.729803,started IFCB at start of leg 2,OOI Pioneer
ar48b,11,2020-11-04T11:37:00Z,Other,start,OS,"",39.937395,-70.879829,Start Met comparison OSSM-11 buoy in the water,OOI Pioneer
ar48b,12,2020-11-04T12:26:39Z,Other,end,OS,"",39.937482,-70.879585,Stopping MET comparison at OS,OOI Pioneer
ar48b,15,2020-11-04T16:33:00Z,CTD911,deploy,OS,001,39.940189,-70.883767,OSSM-12 and OSSM-11 in the water,OOI Pioneer
ar48b,16,2020-11-04T16:46:00Z,CTD911,maxDepth,OS,001,39.940193,-70.883775,Max depth 442 m,OOI Pioneer
ar48b,17,2020-11-04T17:30:27Z,CTD911,recover,OS,001,39.940195,-70.883771,"",OOI Pioneer
ar48b,24,2020-11-04T20:59:59Z,UHDAS,stop,OS,"",39.941577,-70.881534,Stopping ADCPs for EK-80 comparison at OSSM-11 and OSSM-12,OOI Pioneer
ar48b,25,2020-11-04T21:00:42Z,Knudsen 3260,stop,OS,"",39.941571,-70.881535,Stopping Knudsen for EK-80 comparison at OSSM-11 and OSSM-12,OOI Pioneer
ar48b,26,2020-11-04T21:04:00Z,EK80 broadband,start,OS,"",39.941572,-70.881533,Start with 5 minutes passive; both OSSM-11 and OSSM-12 in the water,OOI Pioneer
ar48b,27,2020-11-04T21:05:00Z,Other,start,OS,"",39.941572,-70.881537,Start MET compare with both OSSM-11 and OSSM-12 in the water,OOI Pioneer
ar48b,28,2020-11-04T23:05:30Z,EK80 broadband,stop,OS,"",39.941564,-70.881542,Stopped EK-80 with 5 minutes of passive data at the end,OOI Pioneer
ar48b,29,2020-11-04T23:06:41Z,UHDAS,start,OS,"",39.941565,-70.881547,EK80 survey finished; started adcps back up again,OOI Pioneer
ar48b,30,2020-11-04T23:07:12Z,Knudsen 3260,start,OS,"",39.941563,-70.881551,EK80 survey finished; started back up again,OOI Pioneer
ar48b,31,2020-11-05T10:00:30Z,Other,end,OS,"",39.93682,-70.881906,Stopping MET comparison at OS,OOI Pioneer
ar48b,34,2020-11-05T15:49:46Z,CTD911,deploy,UO,002,39.940064,-70.774558,PMUO-15 and PMUO-16 in the water,OOI Pioneer
ar48b,35,2020-11-05T16:04:00Z,CTD911,maxDepth,UO,002,39.940053,-70.774583,Max depth 446 m,OOI Pioneer
ar48b,36,2020-11-05T16:33:29Z,CTD911,recover,UO,002,39.940054,-70.774588,"",OOI Pioneer
ar48b,127,2020-11-05T18:27:00Z,Other,start,UO,"",39.939736,-70.77454,ZPLSG deployed to 5 m depth,OOI Pioneer
ar48b,39,2020-11-05T18:30:06Z,UHDAS,stop,UO,"",39.939741,-70.774552,Stopping ADCPs for EK-80 / ZPLSG comparison,OOI Pioneer
ar48b,40,2020-11-05T18:30:36Z,Knudsen 3260,stop,UO,"",39.93974,-70.774549,Stopping Knudsen for EK-80 / ZPLSG comparison,OOI Pioneer
ar48b,41,2020-11-05T18:31:00Z,EK80 broadband,start,UO,"",39.93974,-70.774543,Comparison with over-the-side ZPLSG (10 minutes of passive data at the start),OOI Pioneer
ar48b,43,2020-11-05T22:55:00Z,EK80 broadband,stop,UO,"",39.93974,-70.774554,Stopped EK80 (10 minutes of passive data at the end),OOI Pioneer
ar48b,46,2020-11-05T22:58:00Z,Other,other,UO,"",39.93974,-70.774543,ZPLSG back on deck after EK80 comparison,OOI Pioneer
ar48b,44,2020-11-05T22:58:28Z,UHDAS,stop,UO,"",39.939739,-70.77455,EK80 survey finished; started adcps back up again,OOI Pioneer
ar48b,45,2020-11-05T22:58:53Z,Knudsen 3260,start,UO,"",39.939738,-70.774551,EK80 survey finished; started back up again,OOI Pioneer
ar48b,49,2020-11-06T00:25:00Z,Other,start,CN,"",40.137548,-70.775093,Start MET compare with both CNSM-12 and CNSM-13 in the water,OOI Pioneer
ar48b,47,2020-11-06T00:26:49Z,UHDAS,stop,CN,"",40.137553,-70.775118,Stopped ADCPs for EK80 comparison,OOI Pioneer
ar48b,48,2020-11-06T00:27:23Z,Knudsen 3260,stop,CN,"",40.137545,-70.775118,Stopped Knudsen for EK80 comparison,OOI Pioneer
ar48b,50,2020-11-06T00:30:00Z,EK80 broadband,start,CN,"",40.137539,-70.775116,Start with 5 minutes passive; both CNSM-12 and CNSM-13 in the water,OOI Pioneer
ar48b,51,2020-11-06T01:19:14Z,EK80 broadband,abort,"","",40.137536,-70.775125,stopped because data had a freak out - likely due to strange POSMV data - posmv was reset,OOI Pioneer
ar48b,52,2020-11-06T01:20:45Z,Applanix POSMV GPS,other,"","",40.137536,-70.775126,reset due to bad attitude - ek80 data went wonky,OOI Pioneer
ar48b,53,2020-11-06T01:55:00Z,Other,other,CN,"",40.136529,-70.775886,MET compare paused - had to leave station temporarily to test the POSMV issue/reboot (~01:20 to 01:55),OOI Pioneer
ar48b,54,2020-11-06T01:57:00Z,EK80 broadband,start,CN,"",40.136525,-70.775887,Re-start with 5 minutes passive; both CNSM-12 and CNSM-13 in the water,OOI Pioneer
ar48b,55,2020-11-06T04:08:00Z,EK80 broadband,stop,"","",40.136512,-70.775902,finished EK80 comparison; ended with 5 min passive,OOI Pioneer
ar48b,56,2020-11-06T04:08:43Z,Knudsen 3260,start,"","",40.136519,-70.775912,started again after EK80 comparison,OOI Pioneer
ar48b,57,2020-11-06T04:09:24Z,UHDAS,start,"","",40.136522,-70.775914,started again after EK80 comparison,OOI Pioneer
ar48b,58,2020-11-06T11:50:00Z,Other,end,CN,"",40.136504,-70.775908,Stopping MET comparison at CN,OOI Pioneer
ar48b,63,2020-11-06T20:39:31Z,UHDAS,stop,AS-1,"",40.193888,-71.011452,Stopped ADCPs for EK80 along-shelf survey,OOI Pioneer
ar48b,64,2020-11-06T20:40:39Z,Knudsen 3260,stop,AS-1,"",40.194165,-71.015964,Stopped Knudsen for EK80 along-shelf survey,OOI Pioneer
ar48b,65,2020-11-06T20:55:00Z,EK80 broadband,start,AS-1,"",40.203439,-71.054325,EK-80 Along-shelf survey starting with 5 minutes passive,OOI Pioneer
ar48b,69,2020-11-06T23:45:29Z,Fluorometer,stop,"","",40.204869,-70.624833,stopped collection for troubleshooting,OOI Pioneer
ar48b,66,2020-11-06T23:51:39Z,EK80 broadband,stop,AS-7,"",40.204983,-70.608293,Completed along-shelf EK-80 survey,OOI Pioneer
ar48b,67,2020-11-06T23:52:09Z,Knudsen 3260,start,AS-7,"",40.20513,-70.607068,EK80 survey finished; started back up again,OOI Pioneer
ar48b,68,2020-11-06T23:52:37Z,UHDAS,start,AS-7,"",40.205516,-70.606043,EK80 survey finished; started ADCPs back up again,OOI Pioneer
ar48b,70,2020-11-07T00:00:09Z,Fluorometer,start,"","",40.219795,-70.617505,started again after troubleshooting,OOI Pioneer
ar48b,71,2020-11-07T13:22:01Z,CTD911,deploy,AS-1,003,40.205001,-71.028618,Along-shelf CTD Survey (no water samples),OOI Pioneer
ar48b,72,2020-11-07T13:30:00Z,CTD911,maxDepth,AS-1,003,40.205008,-71.028618,Max depth 124 m,OOI Pioneer
ar48b,73,2020-11-07T13:38:00Z,CTD911,recover,AS-1,003,40.205003,-71.02862,"",OOI Pioneer
ar48b,74,2020-11-07T14:06:12Z,CTD911,deploy,AS-2,004,40.204785,-70.961457,Along-shelf CTD Survey (no water samples),OOI Pioneer
ar48b,75,2020-11-07T14:15:00Z,CTD911,maxDepth,AS-2,004,40.204768,-70.961462,Max depth 125 m,OOI Pioneer
ar48b,76,2020-11-07T14:22:39Z,CTD911,recover,AS-2,004,40.204771,-70.961467,"",OOI Pioneer
ar48b,77,2020-11-07T14:49:52Z,CTD911,deploy,AS-3,005,40.205113,-70.894037,Along-shelf CTD Survey (no water samples),OOI Pioneer
ar48b,78,2020-11-07T14:58:55Z,CTD911,maxDepth,AS-3,005,40.20511,-70.894034,Max depth 124 m,OOI Pioneer
ar48b,79,2020-11-07T15:05:35Z,CTD911,recover,AS-3,005,40.204989,-70.893968,"",OOI Pioneer
ar48b,80,2020-11-07T15:33:20Z,CTD911,deploy,AS-4,006,40.205226,-70.82499,Along-shelf CTD Survey (no water samples),OOI Pioneer
ar48b,81,2020-11-07T15:41:59Z,CTD911,maxDepth,AS-4,006,40.205187,-70.82498,MAx depth 122 m,OOI Pioneer
ar48b,82,2020-11-07T15:48:14Z,CTD911,recover,AS-4,006,40.205187,-70.824978,"",OOI Pioneer
ar48b,83,2020-11-07T16:15:02Z,CTD911,deploy,AS-5,007,40.205383,-70.7585,Along-shelf CTD Survey (no water samples),OOI Pioneer
ar48b,84,2020-11-07T16:23:34Z,CTD911,maxDepth,AS-5,007,40.205884,-70.758684,Max depth 121 m,OOI Pioneer
ar48b,85,2020-11-07T16:29:37Z,CTD911,recover,AS-5,007,40.205885,-70.758686,"",OOI Pioneer
ar48b,86,2020-11-07T16:57:47Z,CTD911,deploy,AS-6,008,40.204903,-70.690218,Along-shelf CTD Survey (no water samples),OOI Pioneer
ar48b,87,2020-11-07T17:06:31Z,CTD911,maxDepth,AS-6,008,40.204391,-70.690118,Max depth 119 m,OOI Pioneer
ar48b,88,2020-11-07T17:13:02Z,CTD911,recover,AS-6,008,40.203931,-70.69004,"",OOI Pioneer
ar48b,89,2020-11-07T17:40:13Z,CTD911,deploy,AS-7,009,40.204902,-70.622381,Along-shelf CTD Survey (no water samples),OOI Pioneer
ar48b,90,2020-11-07T17:49:10Z,CTD911,maxDepth,AS-7,009,40.204952,-70.622375,Max depth 115 m,OOI Pioneer
ar48b,91,2020-11-07T17:55:46Z,CTD911,recover,AS-7,009,40.204956,-70.622378,"",OOI Pioneer
ar48b,92,2020-11-07T19:12:48Z,UHDAS,stop,UI,"",40.366895,-70.748153,Stopped ADCPs for EK80 cross-shelf survey,OOI Pioneer
ar48b,93,2020-11-07T19:13:22Z,Knudsen 3260,stop,UI,"",40.367988,-70.749648,Stopped Knudsen for EK80 cross-shelf survey,OOI Pioneer
ar48b,94,2020-11-07T19:20:00Z,EK80 broadband,start,UI,"",40.376694,-70.767507,Cross-shelf EK80 Survey from UI to UO (started with 5 min passive data),OOI Pioneer
ar48b,95,2020-11-07T21:19:09Z,Underway Science seawater,stop,"","",40.146564,-70.774909,replaced the flurometer with the newly calibrated flurometer WS3S-1032P,OOI Pioneer
ar48b,96,2020-11-07T21:25:29Z,Underway Science seawater,start,"","",40.134624,-70.774913,finished replacing fluorometer,OOI Pioneer
ar48b,99,2020-11-07T23:05:00Z,EK80 broadband,stop,UO,"",39.941428,-70.774928,Cross-shelf EK80 Survey from UI to UO (ended with 5 min passive data),OOI Pioneer
ar48b,100,2020-11-07T23:15:00Z,Other,start,UO,"",39.939904,-70.774915,Put ZPLSG over the side to collect 1 hr of test data,OOI Pioneer
ar48b,101,2020-11-08T00:37:00Z,Other,end,UO,"",39.939908,-70.774931,ZPLSG back on deck after collecting test data,OOI Pioneer
ar48b,97,2020-11-08T00:46:21Z,Knudsen 3260,start,UO,"",39.939897,-70.774954,EK80 survey finished; started ADCPs back up again,OOI Pioneer
ar48b,98,2020-11-08T00:46:42Z,UHDAS,start,UO,"",39.939894,-70.774955,EK80 survey finished; started ADCPs back up again,OOI Pioneer
ar48b,106,2020-11-08T18:51:00Z,CTD911,deploy,L11,010,39.773124,-70.883409,LTER ancillary CTD,OOI Pioneer
ar48b,107,2020-11-08T19:18:00Z,CTD911,maxDepth,L11,010,39.772557,-70.883204,Max depth 751 m,OOI Pioneer
ar48b,108,2020-11-08T19:47:21Z,CTD911,recover,L11,010,39.771493,-70.88287,"",OOI Pioneer
ar48b,109,2020-11-08T19:50:25Z,UHDAS,stop,L11,"",39.771493,-70.882869,Stopped ADCPs for EK80-ZPLSG comparison,OOI Pioneer
ar48b,110,2020-11-08T19:51:03Z,Knudsen 3260,stop,L11,"",39.771497,-70.882874,Stopped Knudsen for EK80-ZPLSG comparison,OOI Pioneer
ar48b,111,2020-11-08T19:53:07Z,Other,start,L11,"",39.771491,-70.88287,ZPLSG deployed to 5 m depth,OOI Pioneer
ar48b,128,2020-11-08T20:05:00Z,EK80 broadband,start,L11,"",39.771496,-70.882873,Comparison with over-the-side ZPLSG (10 minutes of passive data at the start),OOI Pioneer
ar48b,129,2020-11-09T00:25:00Z,EK80 broadband,stop,L11,"",39.771496,-70.882889,Stopped EK80 (10 minutes of passive data at the end),OOI Pioneer
ar48b,130,2020-11-09T00:27:00Z,EK80 broadband,start,L11,"",39.771495,-70.882888,Power test - 15 mins at nominal power; 15 mins at max power,OOI Pioneer
ar48b,131,2020-11-09T00:58:00Z,EK80 broadband,stop,L11,"",39.771495,-70.882894,End power test,OOI Pioneer
ar48b,112,2020-11-09T05:00:35Z,EM710,other,"","",39.580152,-70.981511,spent the last four hours doing mulitbeam heading and speed tests,OOI Pioneer
ar48b,113,2020-11-09T05:00:54Z,EM122,other,"","",39.580659,-70.981262,spent the last four hours doing mulitbeam heading and speed tests,OOI Pioneer
ar48b,114,2020-11-09T05:01:30Z,UHDAS,start,"","",39.581651,-70.980759,"",OOI Pioneer
ar48b,115,2020-11-09T05:29:31Z,Knudsen 3260,start,"","",39.650334,-70.941225,"",OOI Pioneer
ar48b,121,2020-11-09T19:51:00Z,CTD911,deploy,CI-L7,011,40.226151,-70.881547,PMCI-14 in the water,OOI Pioneer
ar48b,122,2020-11-09T20:00:54Z,CTD911,maxDepth,CI-L7,011,40.226151,-70.881545,Max depth 122 m,OOI Pioneer
ar48b,123,2020-11-09T20:15:28Z,CTD911,recover,CI-L7,011,40.226156,-70.881547,"",OOI Pioneer
ar48b,124,2020-11-09T21:10:00Z,CTD911,deploy,CO-L9,012,40.097588,-70.884698,PMCO-14 in the water,OOI Pioneer
ar48b,125,2020-11-09T21:19:13Z,CTD911,maxDepth,CO-L9,012,40.097349,-70.884297,Max depth 143 m,OOI Pioneer
ar48b,126,2020-11-09T21:35:12Z,CTD911,recover,CO-L9,012,40.096922,-70.883583,"",OOI Pioneer
ar48b,133,2020-11-10T19:19:00Z,CTD911,deploy,UI,013,40.364558,-70.774889,Cross-shelf CTD Survey UI to UO,OOI Pioneer
ar48b,134,2020-11-10T19:26:00Z,CTD911,maxDepth,UI,013,40.364555,-70.774887,Max depth 90 m,OOI Pioneer
ar48b,135,2020-11-10T19:32:35Z,CTD911,recover,UI,013,40.364558,-70.774886,"",OOI Pioneer
ar48b,136,2020-11-10T20:04:00Z,CTD911,deploy,CS-1,014,40.293625,-70.774857,Cross-shelf CTD Survey (UI to UO),OOI Pioneer
ar48b,137,2020-11-10T20:13:27Z,CTD911,maxDepth,CS-1,014,40.293278,-70.773906,Max depth 108 m,OOI Pioneer
ar48b,138,2020-11-10T20:19:02Z,CTD911,recover,CS-1,014,40.293128,-70.773445,"",OOI Pioneer
ar48b,139,2020-11-10T20:52:58Z,CTD911,deploy,CS-2,015,40.220793,-70.774917,Cross-shelf CTD Survey (UI to UO),OOI Pioneer
ar48b,140,2020-11-10T21:00:10Z,CTD911,maxDepth,CS-2,015,40.220829,-70.774988,Max depth 120 m,OOI Pioneer
ar48b,141,2020-11-10T21:06:00Z,CTD911,recover,CS-2,015,40.220877,-70.775091,"",OOI Pioneer
ar48b,142,2020-11-10T21:44:01Z,CTD911,deploy,CN,016,40.137543,-70.775424,Cross-shelf CTD Survey (UI to UO),OOI Pioneer
ar48b,143,2020-11-10T21:51:21Z,CTD911,maxDepth,CN,016,40.137511,-70.775613,Max depth 129 m,OOI Pioneer
ar48b,144,2020-11-10T21:57:00Z,CTD911,recover,CN,016,40.137544,-70.775781,"",OOI Pioneer
ar48b,145,2020-11-10T22:30:00Z,CTD911,deploy,CS-3,017,40.072468,-70.775357,Cross-shelf CTD Survey (UI to UO),OOI Pioneer
ar48b,146,2020-11-10T22:39:26Z,CTD911,maxDepth,CS-3,017,40.072161,-70.774419,Max depth 135 m,OOI Pioneer
ar48b,147,2020-11-10T22:45:00Z,CTD911,recover,CS-3,017,40.072019,-70.774048,"",OOI Pioneer
ar48b,148,2020-11-10T23:15:15Z,CTD911,deploy,CS-4,018,40.007443,-70.776562,Cross-shelf CTD Survey (UI to UO),OOI Pioneer
ar48b,149,2020-11-10T23:24:36Z,CTD911,maxDepth,CS-4,018,40.007449,-70.776529,Max depth 262 m,OOI Pioneer
ar48b,150,2020-11-10T23:32:55Z,CTD911,recover,CS-4,018,40.007441,-70.776532,"",OOI Pioneer
ar48b,151,2020-11-11T00:05:00Z,CTD911,deploy,UO,019,39.940767,-70.774541,Cross-shelf CTD Survey (UI to UO),OOI Pioneer
ar48b,152,2020-11-11T00:21:00Z,CTD911,maxDepth,UO,019,39.940964,-70.774957,max depth 442 m,OOI Pioneer
ar48b,153,2020-11-11T00:29:14Z,CTD911,recover,UO,019,39.940967,-70.774959,"",OOI Pioneer
ar48b,155,2020-11-11T13:48:43Z,UHDAS,stop,"","",41.396962,-70.819141,entry a little late,OOI Pioneer
ar48b,156,2020-11-11T13:49:16Z,PCO2,stop,"","",41.396796,-70.819617,stopped and running standards,OOI Pioneer
ar48b,157,2020-11-11T13:57:59Z,PCO2,other,"","",41.394942,-70.821117,after reviewing pco2 data standard runs - it appears there may be issues with the data - use with caution,OOI Pioneer
ar48b,158,2020-11-11T14:13:00Z,Underway Science seawater,stop,"","",41.411966,-70.815232,stopped collection of FL; flow; SBE45; trans25; trans10,OOI Pioneer
ar48b,159,2020-11-11T14:14:00Z,Transmissometer 25cm,calibrate,"","",41.412851,-70.814784,fresh; light; dark calibrations performed after cruise,OOI Pioneer
ar48b,160,2020-11-11T14:14:10Z,Transmissometer 10cm,calibrate,"","",41.41302,-70.814701,fresh; light; dark calibrations performed after cruise,OOI Pioneer
ar48b,161,2020-11-11T14:43:48Z,IFCB continuous,stop,"","",41.438231,-70.780806,End of cruise shut down,OOI Pioneer
ar48b,162,2020-11-11T15:19:15Z,Underway Science seawater,stop,"","",41.468211,-70.738743,shut off diaphragm pump,OOI Pioneer
ar48b,163,2020-11-11T16:09:30Z,Knudsen 3260,stop,"","",41.482467,-70.706451,"",OOI Pioneer
ar48b,164,2020-11-11T16:36:41Z,Ship,endCruise,"","",41.524004,-70.67231,whoi dock,OOI Pioneer
en661,160,2021-01-31T07:01:00Z,Underway Science seawater diaphragm pump,TOI discrete,"","",41.49219,-71.418697,"",NESLTER
en661,2,2021-02-03T14:36:12Z,MeteorologicalSensor,start,"","",41.492202,-71.418695,Met sensors remain running and logging as usual,NESLTER
en661,3,2021-02-03T14:36:54Z,Echosounder12,start,"","",41.492207,-71.418693,Start 12 KHz before leaving dock,NESLTER
en661,4,2021-02-03T14:41:48Z,Other,start,"","",41.492182,-71.41871,hobo loggers start,NESLTER
en661,5,2021-02-03T15:11:20Z,Ship,startCruise,"","",41.488153,-71.409892,Gangway removed - from ship to dock,NESLTER
en661,9,2021-02-03T15:56:00Z,UHDAS for both ADCPs,start,"","",41.41274,-71.380687,"",NESLTER
en661,16,2021-02-03T15:56:12Z,ADCP300,start,"","",41.412453,-71.37989,"",NESLTER
en661,15,2021-02-03T15:56:12Z,ADCP75,start,"","",41.412453,-71.37989,"",NESLTER
en661,6,2021-02-03T16:20:20Z,Underway Science seawater impeller,start,"","",41.37943,-71.303605,"",NESLTER
en661,7,2021-02-03T16:22:13Z,Thermosalinographs on underway impeller,start,"","",41.376803,-71.297277,"",NESLTER
en661,8,2021-02-03T16:22:39Z,Fluorometers on underway impeller,start,"","",41.376138,-71.295933,"",NESLTER
en661,10,2021-02-03T16:39:24Z,Underway Science seawater diaphragm pump,start,"","",41.353353,-71.239608,"",NESLTER
en661,11,2021-02-03T16:47:00Z,Underway Science seawater impeller,chl discrete,"","",41.343245,-71.214008,"",NESLTER
en661,12,2021-02-03T17:14:45Z,EIMS,start,"","",41.305817,-71.1199,"",NESLTER
en661,13,2021-02-03T17:16:00Z,IFCB continuous,start,"","",41.304283,-71.115593,Two IFCB on underway,NESLTER
en661,14,2021-02-03T17:30:00Z,Attune Flow Cytometer,start,"","",41.28427,-71.069043,"",NESLTER
en661,17,2021-02-03T18:51:00Z,CTD911,deploy,L1,001,41.19947,-70.880957,"",NESLTER
en661,18,2021-02-03T19:12:00Z,CTD911,recover,L1,001,41.194162,-70.875678,"",NESLTER
en661,23,2021-02-03T19:31:00Z,Bongo Net,deploy,L1,001,41.201815,-70.878363,"",NESLTER
en661,24,2021-02-03T19:36:00Z,Bongo Net,recover,L1,001,41.199947,-70.876368,"",NESLTER
en661,19,2021-02-03T19:45:00Z,Incubation C13,start,L1,"",41.196787,-70.872858,"",NESLTER
en661,20,2021-02-03T20:03:28Z,Sting Ray,deploy towed,L1,001,41.185003,-70.869523,"",NESLTER
en661,21,2021-02-03T20:06:00Z,Incubation Grazing Microplastics,start,L1,001,41.183948,-70.869167,"",NESLTER
en661,22,2021-02-03T20:06:00Z,Incubation Grazing,start,L1,001,41.183948,-70.869167,"",NESLTER
en661,25,2021-02-03T20:42:33Z,Echosounder12,other,"","",41.143998,-70.88283,12 KHz echosounder turned itself off and was turned back on 2042-2059z,NESLTER
en661,26,2021-02-04T00:08:47Z,Underway Science seawater impeller,chl discrete,"","",40.857267,-70.883765,"",NESLTER
en661,27,2021-02-04T00:25:45Z,Sting Ray,recover,L3,001,40.861183,-70.878505,"",NESLTER
en661,28,2021-02-04T01:46:27Z,CTD911,deploy,L2,002,41.029613,-70.886898,"",NESLTER
en661,32,2021-02-04T02:05:36Z,Underway Science seawater diaphragm pump,TOI discrete,"","",41.031063,-70.889067,"",NESLTER
en661,29,2021-02-04T02:06:00Z,CTD911,recover,L2,002,41.031108,-70.88911,"",NESLTER
en661,33,2021-02-04T02:07:00Z,Underway Science seawater diaphragm pump,TOI discrete,"","",41.031225,-70.889243,"",NESLTER
en661,34,2021-02-04T02:24:00Z,Bongo Net,deploy,L2,002,41.032967,-70.892822,"",NESLTER
en661,35,2021-02-04T02:36:00Z,Bongo Net,recover,L2,002,41.03565,-70.900757,"",NESLTER
en661,30,2021-02-04T02:38:00Z,Incubation C13,start,L2,002,41.036205,-70.90208,"",NESLTER
en661,31,2021-02-04T02:57:28Z,Incubation Grazing,start,L2,002,41.035798,-70.895962,"",NESLTER
en661,55,2021-02-04T08:06:00Z,Underway Science seawater diaphragm pump,TOI discrete,"","",40.696833,-70.65772,"",NESLTER
en661,56,2021-02-04T08:26:00Z,Underway Science seawater diaphragm pump,TOI discrete,"","",40.696187,-70.723458,"",NESLTER
en661,36,2021-02-04T08:54:00Z,CTD911,deploy,u4a,003,40.697623,-70.77363,"",NESLTER
en661,37,2021-02-04T09:02:00Z,CTD911,recover,u4a,003,40.697603,-70.774368,"",NESLTER
en661,57,2021-02-04T09:38:00Z,Underway Science seawater diaphragm pump,TOI discrete,"","",40.69723,-70.829272,"",NESLTER
en661,58,2021-02-04T09:55:00Z,Underway Science seawater diaphragm pump,TOI discrete,"","",40.696648,-70.88373,"",NESLTER
en661,59,2021-02-04T10:13:00Z,Underway Science seawater diaphragm pump,TOI discrete,"","",40.695858,-70.941668,"",NESLTER
en661,38,2021-02-04T10:37:00Z,CTD911,deploy,d4a,004,40.69722,-70.992787,"",NESLTER
en661,39,2021-02-04T10:46:28Z,CTD911,recover,d4a,004,40.69792,-70.996583,"",NESLTER
en661,40,2021-02-04T11:03:00Z,Underway Science seawater impeller,chl discrete,"","",40.699768,-70.99926,"",NESLTER
en661,60,2021-02-04T11:41:00Z,Underway Science seawater diaphragm pump,TOI discrete,"","",40.696518,-71.100615,"",NESLTER
en661,41,2021-02-04T12:55:00Z,CTD911,deploy,L4,005,40.697355,-70.883132,"",NESLTER
en661,61,2021-02-04T13:12:00Z,Underway Science seawater diaphragm pump,TOI discrete,"","",40.696323,-70.887882,"",NESLTER
en661,62,2021-02-04T13:14:00Z,Underway Science seawater diaphragm pump,TOI discrete,"","",40.696388,-70.88825,"",NESLTER
en661,42,2021-02-04T13:14:12Z,CTD911,recover,L4,005,40.696397,-70.888292,"",NESLTER
en661,46,2021-02-04T13:24:00Z,Bongo Net,deploy,L4,005,40.696898,-70.890548,"",NESLTER
en661,47,2021-02-04T13:42:00Z,Bongo Net,recover,L4,005,40.6984,-70.901422,"",NESLTER
en661,43,2021-02-04T13:48:00Z,Incubation C13,start,L4,"",40.699298,-70.903245,"",NESLTER
en661,44,2021-02-04T13:57:53Z,Incubation Grazing Microplastics,start,L4,"",40.701762,-70.906202,"",NESLTER
en661,45,2021-02-04T13:58:07Z,Incubation Grazing,start,L4,"",40.701795,-70.90625,"",NESLTER
en661,48,2021-02-04T15:47:46Z,CTD911,deploy,L5,006,40.512642,-70.884805,"",NESLTER
en661,49,2021-02-04T16:01:13Z,CTD911,recover,L5,006,40.51383,-70.889763,"",NESLTER
en661,52,2021-02-04T16:10:00Z,Bongo Net,deploy,L5,006,40.514785,-70.893763,"",NESLTER
en661,53,2021-02-04T16:30:00Z,Bongo Net,recover,L5,006,40.520067,-70.904605,"",NESLTER
en661,64,2021-02-04T16:40:00Z,Underway Science seawater diaphragm pump,DO discrete,"","",40.519188,-70.906278,"",NESLTER
en661,65,2021-02-04T16:44:00Z,Underway Science seawater diaphragm pump,TOI discrete,"","",40.517958,-70.901292,"",NESLTER
en661,51,2021-02-04T17:12:30Z,Sting Ray,deploy towed,L5,002,40.517657,-70.890455,"",NESLTER
en661,63,2021-02-04T18:53:00Z,Underway Science seawater diaphragm pump,TOI discrete,"","",40.397113,-70.88363,"",NESLTER
en661,54,2021-02-04T19:17:44Z,Incubation C13,stop,L1,"",40.364048,-70.876577,"",NESLTER
en661,66,2021-02-04T20:03:56Z,Incubation Grazing,stop,L1,"",40.302217,-70.88255,"",NESLTER
en661,67,2021-02-04T20:04:32Z,Incubation Grazing Microplastics,stop,L1,"",40.30139,-70.882598,"",NESLTER
en661,68,2021-02-04T21:07:23Z,Underway Science seawater diaphragm pump,TOI discrete,"","",40.219477,-70.884013,"",NESLTER
en661,192,2021-02-04T23:24:00Z,Underway Science seawater impeller,chl discrete,"","",40.033412,-70.885253,"",NESLTER
en661,69,2021-02-04T23:55:00Z,Sting Ray,recover,L9.5,002,40.00818,-70.893498,"",NESLTER
en661,70,2021-02-05T00:43:00Z,CTD911,deploy,L10,007,39.940543,-70.887758,"",NESLTER
en661,71,2021-02-05T01:28:50Z,CTD911,recover,L10,007,39.941082,-70.909438,"",NESLTER
en661,73,2021-02-05T01:50:00Z,Bongo Net,deploy,L10,007,39.939547,-70.890708,"",NESLTER
en661,72,2021-02-05T01:53:50Z,Incubation C13,stop,L2,"",39.939245,-70.893355,"",NESLTER
en661,75,2021-02-05T02:28:00Z,Bongo Net,recover,L10,007,39.940065,-70.917485,"",NESLTER
en661,74,2021-02-05T02:39:00Z,Incubation Grazing,stop,L2,"",39.939883,-70.916733,"",NESLTER
en661,76,2021-02-05T08:10:33Z,Underway Science seawater diaphragm pump,TOI discrete,"","",39.772473,-70.673927,"",NESLTER
en661,77,2021-02-05T08:24:52Z,Underway Science seawater diaphragm pump,TOI discrete,"","",39.773643,-70.724913,"",NESLTER
en661,78,2021-02-05T08:49:00Z,CTD911,deploy,u11a,008,39.772878,-70.774593,"",NESLTER
en661,80,2021-02-05T09:15:00Z,Fluorometers on underway impeller,other,L11,"",39.768928,-70.772252,clean WETStar Fluorometer on SBE21 impeller pump sci sw system near end of CTD cast EN661_008.. Value seemed high compared to CTD and TSal ECOFluors. It seemed clean though.,NESLTER
en661,79,2021-02-05T09:18:07Z,CTD911,recover,u11a,008,39.76838,-70.772227,"",NESLTER
en661,81,2021-02-05T09:50:49Z,Underway Science seawater diaphragm pump,TOI discrete,"","",39.772648,-70.835818,"",NESLTER
en661,82,2021-02-05T09:51:00Z,Underway Science seawater impeller,chl discrete,"","",39.772622,-70.836407,"",NESLTER
en661,83,2021-02-05T10:21:18Z,Underway Science seawater diaphragm pump,TOI discrete,"","",39.773595,-70.944107,"",NESLTER
en661,111,2021-02-05T10:25:00Z,Underway Science seawater impeller,chl discrete,"","",39.773802,-70.9575,"",NESLTER
en661,106,2021-02-05T10:42:00Z,CTD911,deploy,d11a,009,39.774347,-70.991667,"",NESLTER
en661,107,2021-02-05T11:09:00Z,CTD911,recover,d11a,009,39.77349,-70.989885,"",NESLTER
en661,84,2021-02-05T11:59:17Z,Underway Science seawater diaphragm pump,TOI discrete,"","",39.770745,-71.103852,"",NESLTER
en661,85,2021-02-05T13:08:00Z,CTD911,deploy,L11,010,39.772462,-70.881612,"",NESLTER
en661,105,2021-02-05T13:45:00Z,CTD911,recover,L11,010,39.770482,-70.8728,"",NESLTER
en661,87,2021-02-05T13:46:46Z,Underway Science seawater diaphragm pump,TOI discrete,"","",39.770435,-70.872435,"",NESLTER
en661,88,2021-02-05T13:48:06Z,Underway Science seawater diaphragm pump,TOI discrete,"","",39.770445,-70.872263,"",NESLTER
en661,98,2021-02-05T13:55:00Z,Bongo Net,deploy,L11,010,39.76907,-70.870983,"",NESLTER
en661,86,2021-02-05T14:14:17Z,Incubation C13,start,L11,"",39.76307,-70.869095,"",NESLTER
en661,99,2021-02-05T14:33:00Z,Bongo Net,recover,L11,010,39.757052,-70.867683,The cod end on the 335um mesh net broke as it hit the side of the ship during recovery.,NESLTER
en661,89,2021-02-05T14:43:44Z,Incubation Grazing,start,L11,"",39.754365,-70.867963,"",NESLTER
en661,90,2021-02-05T15:11:04Z,RMT10 Midwater Trawl (Tucker-style),deploy,L11,001,39.76842,-70.885877,"",NESLTER
en661,91,2021-02-05T15:11:23Z,Incubation C13,stop,L4,"",39.76835,-70.886022,"",NESLTER
en661,92,2021-02-05T15:26:33Z,RMT10 Midwater Trawl (Tucker-style),recover,L11,001,39.769322,-70.891502,"",NESLTER
en661,93,2021-02-05T15:27:30Z,RMT10 Midwater Trawl (Tucker-style),deploy,L11,002,39.769318,-70.891893,added bar weights and redeployed after mistake on 001,NESLTER
en661,94,2021-02-05T16:05:35Z,Incubation Grazing Microplastics,stop,L4,"",39.769822,-70.910048,"",NESLTER
en661,95,2021-02-05T16:05:55Z,Incubation Grazing,stop,L4,"",39.76983,-70.910222,"",NESLTER
en661,96,2021-02-05T16:14:20Z,RMT10 Midwater Trawl (Tucker-style),other,L11,002,39.770265,-70.914252,hold at wire 1376 m,NESLTER
en661,97,2021-02-05T16:16:00Z,RMT10 Midwater Trawl (Tucker-style),other,L11,002,39.770385,-70.915103,start hauling back from max depth at 15-20 m/min; ~35 wire angle; 1370m wire out.,NESLTER
en661,100,2021-02-05T16:33:30Z,Underway Science seawater diaphragm pump,DO discrete,"","",39.771188,-70.923327,"",NESLTER
en661,101,2021-02-05T16:35:01Z,Underway Science seawater diaphragm pump,DO discrete,"","",39.771288,-70.924207,"",NESLTER
en661,102,2021-02-05T16:37:24Z,Underway Science seawater diaphragm pump,DO discrete,"","",39.771723,-70.925493,"",NESLTER
en661,112,2021-02-05T17:29:00Z,Underway Science seawater impeller,chl discrete,"","",39.774123,-70.9566,"",NESLTER
en661,103,2021-02-05T17:40:00Z,RMT10 Midwater Trawl (Tucker-style),recover,L11,"",39.77268,-70.9613,"",NESLTER
en661,104,2021-02-05T18:31:05Z,Sting Ray,deploy towed,L11,003,39.765057,-70.966348,"",NESLTER
en661,113,2021-02-05T22:01:00Z,Underway Science seawater impeller,chl discrete,"","",39.877547,-70.883292,"",NESLTER
en661,191,2021-02-05T23:30:00Z,Sting Ray,recover,L10,003,39.945763,-70.900713,Time and station are not correct. Please edit with correct info,NESLTER
en661,108,2021-02-05T23:31:53Z,Underway Science seawater diaphragm pump,TOI discrete,"","",39.946445,-70.902368,"",NESLTER
en661,109,2021-02-06T00:37:56Z,CTD911,deploy,L12,011,39.934732,-70.775367,"",NESLTER
en661,110,2021-02-06T01:09:54Z,CTD911,recover,L12,011,39.9273,-70.773277,"",NESLTER
en661,114,2021-02-06T01:59:00Z,Underway Science seawater impeller,chl discrete,"","",39.93559,-70.839943,"",NESLTER
en661,125,2021-02-06T08:30:46Z,Underway Science seawater diaphragm pump,TOI discrete,"","",40.101413,-70.6449,"",NESLTER
en661,124,2021-02-06T08:56:22Z,Underway Science seawater diaphragm pump,TOI discrete,"","",40.098967,-70.730368,"",NESLTER
en661,123,2021-02-06T09:28:00Z,Underway Science seawater diaphragm pump,TOI discrete,"","",40.100188,-70.791113,"",NESLTER
en661,122,2021-02-06T09:46:00Z,Underway Science seawater diaphragm pump,TOI discrete,"","",40.102665,-70.839092,"",NESLTER
en661,121,2021-02-06T09:59:00Z,Underway Science seawater diaphragm pump,TOI discrete,"","",40.104257,-70.873992,"",NESLTER
en661,120,2021-02-06T10:54:22Z,Underway Science seawater diaphragm pump,TOI discrete,"","",40.223847,-70.892463,"",NESLTER
en661,119,2021-02-06T12:02:48Z,Underway Science seawater diaphragm pump,TOI discrete,"","",40.355517,-70.891975,"",NESLTER
en661,118,2021-02-06T13:09:55Z,Underway Science seawater diaphragm pump,TOI discrete,"","",40.513525,-70.867473,"",NESLTER
en661,115,2021-02-06T14:04:46Z,Incubation C13,stop,L11,"",40.649382,-70.886978,"",NESLTER
en661,116,2021-02-06T14:05:11Z,Incubation Grazing,stop,L11,"",40.65044,-70.887097,"",NESLTER
en661,117,2021-02-06T14:23:54Z,Underway Science seawater diaphragm pump,TOI discrete,"","",40.698498,-70.884017,"",NESLTER
en661,128,2021-02-06T15:36:00Z,Bongo Net,deploy,L3,012,40.861193,-70.885583,"",NESLTER
en661,130,2021-02-06T15:52:00Z,Bongo Net,recover,L3,012,40.853723,-70.888802,"",NESLTER
en661,127,2021-02-06T16:10:00Z,CTD911,deploy,L3,012,40.863548,-70.882533,"",NESLTER
en661,126,2021-02-06T16:26:06Z,CTD911,recover,L3,012,40.859067,-70.883663,"",NESLTER
en661,129,2021-02-06T16:43:55Z,Sting Ray,deploy towed,L3,004,40.856797,-70.887182,"",NESLTER
en661,131,2021-02-06T17:42:08Z,Incubation Grazing,start,L3,12,40.919827,-70.883057,"",NESLTER
en661,193,2021-02-06T18:25:00Z,Underway Science seawater impeller,chl discrete,"","",40.977902,-70.880653,"",NESLTER
en661,132,2021-02-06T19:03:03Z,Underway Science seawater diaphragm pump,TOI discrete,"","",41.02988,-70.88123,"",NESLTER
en661,133,2021-02-06T21:12:12Z,Sting Ray,recover,L1.2,004,41.16462,-70.893248,"",NESLTER
en661,134,2021-02-06T21:17:08Z,CTD911,deploy,L1.2,013,41.164027,-70.893002,"",NESLTER
en661,136,2021-02-06T21:48:00Z,Incubation Grazing,start,L1.2,013,41.159717,-70.8918,"",NESLTER
en661,135,2021-02-06T21:48:00Z,Incubation C13,start,L1.2,13,41.159717,-70.8918,"",NESLTER
en661,137,2021-02-07T00:39:00Z,CTD911,deploy,MVCO,14,41.320718,-70.576323,"",NESLTER
en661,138,2021-02-07T00:47:00Z,CTD911,recover,MVCO,014,41.319208,-70.577027,"",NESLTER
en661,139,2021-02-07T00:59:00Z,Bongo Net,deploy,MVCO,014,41.315255,-70.578883,"",NESLTER
en661,140,2021-02-07T01:04:00Z,Bongo Net,recover,MVCO,014,41.312982,-70.579023,"",NESLTER
en661,194,2021-02-07T03:11:00Z,Underway Science seawater impeller,chl discrete,"","",41.202725,-70.876158,"",NESLTER
en661,141,2021-02-07T05:38:01Z,Underway Science seawater diaphragm pump,TOI discrete,"","",41.03078,-70.656368,"",NESLTER
en661,159,2021-02-07T05:57:00Z,Underway Science seawater diaphragm pump,TOI discrete,"","",41.030742,-70.717413,"",NESLTER
en661,142,2021-02-07T06:17:20Z,CTD911,deploy,u2a,015,41.02996,-70.770177,"",NESLTER
en661,143,2021-02-07T06:32:53Z,CTD911,recover,u2a,015,41.029522,-70.771028,"",NESLTER
en661,161,2021-02-07T07:15:00Z,Underway Science seawater diaphragm pump,TOI discrete,"","",41.0316,-70.87412,"",NESLTER
en661,162,2021-02-07T07:32:00Z,Underway Science seawater diaphragm pump,TOI discrete,"","",41.031412,-70.932915,"",NESLTER
en661,144,2021-02-07T08:05:00Z,CTD911,deploy,d2a,016,41.030622,-70.9921,"",NESLTER
en661,145,2021-02-07T08:12:09Z,CTD911,recover,d2a,016,41.030832,-70.99194,"",NESLTER
en661,163,2021-02-07T08:55:00Z,Underway Science seawater diaphragm pump,TOI discrete,"","",41.029597,-71.10361,"",NESLTER
en661,146,2021-02-07T10:09:51Z,CTD911,deploy,L2,017,41.031782,-70.885045,"",NESLTER
en661,147,2021-02-07T10:23:47Z,CTD911,recover,L2,017,41.034482,-70.881502,"",NESLTER
en661,164,2021-02-07T11:15:00Z,Underway Science seawater diaphragm pump,TOI discrete,"","",40.99401,-70.877585,"",NESLTER
en661,165,2021-02-07T11:27:00Z,Underway Science seawater diaphragm pump,TOI discrete,"","",40.9659,-70.879043,"",NESLTER
en661,166,2021-02-07T11:40:00Z,Underway Science seawater diaphragm pump,TOI discrete,"","",40.932528,-70.880738,"",NESLTER
en661,167,2021-02-07T11:53:00Z,Underway Science seawater diaphragm pump,TOI discrete,"","",40.899465,-70.88288,"",NESLTER
en661,168,2021-02-07T12:07:00Z,Underway Science seawater diaphragm pump,TOI discrete,"","",40.865047,-70.883653,"",NESLTER
en661,148,2021-02-07T13:15:00Z,CTD911,deploy,u3a,019,40.863368,-70.77123,"",NESLTER
en661,169,2021-02-07T13:19:00Z,Underway Science seawater diaphragm pump,TOI discrete,"","",40.86352,-70.770293,"",NESLTER
en661,153,2021-02-07T13:24:12Z,CTD911,recover,u3a,019,40.863907,-70.768695,"",NESLTER
en661,170,2021-02-07T13:45:00Z,Underway Science seawater diaphragm pump,TOI discrete,"","",40.911703,-70.77141,"",NESLTER
en661,171,2021-02-07T14:02:00Z,Underway Science seawater diaphragm pump,TOI discrete,"","",40.956097,-70.771702,"",NESLTER
en661,172,2021-02-07T14:35:00Z,Underway Science seawater diaphragm pump,TOI discrete,"","",41.043225,-70.774222,"",NESLTER
en661,173,2021-02-07T14:57:00Z,Underway Science seawater diaphragm pump,TOI discrete,"","",41.102063,-70.776525,"",NESLTER
en661,195,2021-02-07T15:23:00Z,Underway Science seawater impeller,chl discrete,"","",41.171227,-70.775452,"",NESLTER
en661,174,2021-02-07T15:33:00Z,Underway Science seawater diaphragm pump,TOI discrete,"","",41.197645,-70.775875,"",NESLTER
en661,149,2021-02-07T15:39:29Z,CTD911,deploy,u1a,020,41.202587,-70.773402,"",NESLTER
en661,150,2021-02-07T15:47:56Z,CTD911,recover,u1a,020,41.203812,-70.77477,"",NESLTER
en661,196,2021-02-07T16:22:00Z,Underway Science seawater impeller,chl discrete,"","",41.202573,-70.877855,"",NESLTER
en661,197,2021-02-07T16:38:00Z,Underway Science seawater impeller,chl discrete,"","",41.20273,-70.934693,"",NESLTER
en661,151,2021-02-07T16:58:00Z,CTD911,deploy,d1a,021,41.20312,-70.993888,GoPro mounted on top of CTD frame,NESLTER
en661,152,2021-02-07T17:06:00Z,CTD911,recover,d1a,021,41.204373,-70.99463,"",NESLTER
en661,154,2021-02-07T17:12:04Z,Incubation Grazing,stop,L3,"",41.205367,-70.994892,"",NESLTER
en661,175,2021-02-07T17:16:00Z,Underway Science seawater diaphragm pump,TOI discrete,"","",41.203723,-70.99455,"",NESLTER
en661,176,2021-02-07T17:48:00Z,Underway Science seawater diaphragm pump,TOI discrete,"","",41.122898,-70.995943,"",NESLTER
en661,155,2021-02-07T18:13:15Z,Underway Science seawater diaphragm pump,IFCB discrete,"",UW1,41.059102,-70.99534,"",NESLTER
en661,177,2021-02-07T18:19:00Z,Underway Science seawater diaphragm pump,TOI discrete,"","",41.044743,-70.995365,"",NESLTER
en661,198,2021-02-07T18:38:00Z,Underway Science seawater impeller,chl discrete,"","",41.001327,-70.994807,"",NESLTER
en661,199,2021-02-07T19:00:00Z,Underway Science seawater impeller,chl discrete,"","",40.945612,-70.994897,"",NESLTER
en661,178,2021-02-07T19:01:00Z,Underway Science seawater diaphragm pump,TOI discrete,"","",40.943033,-70.995015,"",NESLTER
en661,179,2021-02-07T19:32:00Z,Underway Science seawater diaphragm pump,TOI discrete,"","",40.864938,-70.996343,"",NESLTER
en661,156,2021-02-07T19:42:15Z,CTD911,deploy,d3a,022,40.86569,-70.99804,"",NESLTER
en661,157,2021-02-07T19:55:00Z,CTD911,recover,d3a,022,40.867962,-71.001832,"",NESLTER
en661,180,2021-02-07T20:45:00Z,Underway Science seawater diaphragm pump,TOI discrete,"","",40.861155,-70.890413,"",NESLTER
en661,181,2021-02-07T21:19:00Z,Underway Science seawater diaphragm pump,TOI discrete,"","",40.938275,-70.888207,"",NESLTER
en661,182,2021-02-07T21:55:00Z,Underway Science seawater diaphragm pump,TOI discrete,"","",41.019972,-70.887725,"",NESLTER
en661,183,2021-02-07T22:06:00Z,Underway Science seawater diaphragm pump,TOI discrete,"","",41.04523,-70.886847,"",NESLTER
en661,200,2021-02-07T22:09:00Z,Underway Science seawater impeller,chl discrete,"","",41.052538,-70.886345,"",NESLTER
en661,184,2021-02-07T22:33:00Z,Underway Science seawater diaphragm pump,TOI discrete,"","",41.110498,-70.884477,"",NESLTER
en661,185,2021-02-07T22:40:00Z,Underway Science seawater diaphragm pump,TOI discrete,"","",41.127565,-70.885743,"",NESLTER
en661,186,2021-02-07T22:52:00Z,Underway Science seawater diaphragm pump,TOI discrete,"","",41.157118,-70.887052,"",NESLTER
en661,158,2021-02-07T22:58:35Z,Underway Science seawater diaphragm pump,IFCB discrete,"",UW2,41.173493,-70.887737,testing different high voltage settings on the discrete IFCBs,NESLTER
en661,187,2021-02-07T23:07:00Z,Underway Science seawater diaphragm pump,TOI discrete,"","",41.19421,-70.88768,"",NESLTER
en661,189,2021-02-07T23:12:29Z,Incubation C13,stop,L1.2,"",41.202192,-70.887568,"",NESLTER
en661,188,2021-02-07T23:12:56Z,Incubation Grazing,stop,L1.2,"",41.202155,-70.88746,"",NESLTER
en661,201,2021-02-07T23:47:00Z,Underway Science seawater impeller,chl discrete,"","",41.229143,-70.931798,"",NESLTER
en661,202,2021-02-08T00:03:00Z,Underway Science seawater impeller,chl discrete,"","",41.247468,-70.96724,"",NESLTER
en661,203,2021-02-08T00:20:00Z,Underway Science seawater impeller,chl discrete,"","",41.265178,-71.007452,"",NESLTER
en661,210,2021-02-08T00:30:00Z,IFCB continuous,stop,"","",41.274523,-71.032638,Stop IFCB102,NESLTER
en661,211,2021-02-08T02:00:00Z,IFCB continuous,stop,"","",41.373752,-71.254163,Stop IFCB115,NESLTER
en661,190,2021-02-08T02:24:21Z,EIMS,stop,"","",41.392172,-71.293778,"",NESLTER
en661,204,2021-02-08T03:33:33Z,Underway Science seawater diaphragm pump,stop,Rhode Island Sound,"",41.39633,-71.301982,Pump (motor-driven diaphragm pump) off and sea valve closed. Other valves remain open to that flow through system.,NESLTER
en661,205,2021-02-08T05:21:51Z,Fluorometers on underway impeller,stop,Rhode Island Sound,"",41.39894,-71.310018,SBE21 thermosalinograph stopped and both WETStar and ECO fluorometers are connected to SBE21,NESLTER
en661,206,2021-02-08T05:22:27Z,Thermosalinographs on underway impeller,stop,Rhode Island Sound,"",41.397727,-71.309497,SBE21 thermosalinograph stopped and both WETStar and ECO fluorometers are connected to SBE21,NESLTER
en661,207,2021-02-08T05:25:00Z,Underway Science seawater impeller,stop,Rhode Island Sound,"",41.392598,-71.306508,Pump (magnetic impeller pump) turned off and flow stopped to flow through system - SBE21 SBE45 and fluorometers stopped.,NESLTER
en661,209,2021-02-08T05:29:00Z,Thermosalinographs on underway impeller,other,Rhode Island Sound,"",41.38449,-71.301743,0529z-0539z SBE21 SBE45 thermosalinographs and WETStar and ECO fluorometers flushed with fresh water,NESLTER
en661,208,2021-02-08T05:30:00Z,Thermosalinographs on underway impeller,stop,Rhode Island Sound,"",41.382505,-71.300387,impeller pump stopped so seawater flow to SBE45 stopped,NESLTER
en661,216,2021-02-08T13:30:30Z,Underway Science seawater diaphragm pump,service,Rhode Island Sound,"",41.407645,-71.316782,Pump (motor-driven diaphragm pump) flushed with seawater,NESLTER
en661,215,2021-02-08T13:40:42Z,Thermosalinographs on underway impeller,stop,Rhode Island Sound,"",41.405435,-71.307672,Power off to SBE45 and SBE21 external voltage sensors,NESLTER
en661,212,2021-02-08T13:51:10Z,UHDAS for both ADCPs,stop,Rhode Island Sound,"",41.406938,-71.312013,uhdas off ADCP 300 and 75 KHz off,NESLTER
en661,213,2021-02-08T13:51:34Z,ADCP300,stop,Rhode Island Sound,"",41.407037,-71.312255,uhdas off ADCP 300 and 75 KHz off,NESLTER
en661,214,2021-02-08T13:51:58Z,ADCP75,stop,Rhode Island Sound,"",41.407143,-71.31249,uhdas off ADCP 300 and 75 KHz off,NESLTER
en661,217,2021-02-08T16:02:42Z,Ship,endCruise,GSO dock URI Narragansett Rhode Island,"",41.492242,-71.41874,Ship at the dock.,NESLTER
en661,218,2021-02-08T16:03:17Z,Echosounder12,stop,GSO dock URI Narragansett Rhode Island,"",41.492268,-71.418758,Stop 12 KHz after arriving at GSO dock,NESLTER
en661,219,2021-02-08T16:03:45Z,MeteorologicalSensor,stop,GSO dock URI Narragansett Rhode Island,"",41.492288,-71.418777,Met sensors remain running and logging as usual,NESLTER
en668,1,2021-06-28T14:26:04Z,MeteorologicalSensor,start,"","",41.492203,-71.418725,Met sensors remain running and logging as usual,NESLTER
en668,3,2021-07-16T13:40:00Z,Echosounder12,start,"","",41.492212,-71.418737,"",NESLTER
en668,2,2021-07-16T13:46:00Z,Ship,startCruise,"","",41.491958,-71.417525,Off the dock,NESLTER
en668,4,2021-07-16T13:59:10Z,Underway Science seawater impeller,start,"","",41.478382,-71.407483,"",NESLTER
en668,7,2021-07-16T14:00:00Z,UHDAS for both ADCPs,start,"","",41.47722,-71.407617,"",NESLTER
en668,5,2021-07-16T14:12:07Z,Underway Science seawater diaphragm pump,start,"","",41.453377,-71.409533,"",NESLTER
en668,6,2021-07-16T14:34:53Z,Thermosalinographs on underway impeller,start,"","",41.401118,-71.418997,"",NESLTER
en668,8,2021-07-16T14:36:03Z,Fluorometers on underway impeller,start,"","",41.397898,-71.41972,"",NESLTER
en668,9,2021-07-16T15:15:53Z,IFCB continuous,start,"","",41.309128,-71.377887,"",NESLTER
en668,10,2021-07-16T15:53:58Z,Attune Flow Cytometer,start,"","",41.280498,-71.243265,"",NESLTER
en668,11,2021-07-16T15:54:00Z,EIMS,start,"","",41.28045,-71.24303,"",NESLTER
en668,12,2021-07-16T18:02:00Z,CTD911,deploy,L1,1,41.196737,-70.885508,"",NESLTER
en668,13,2021-07-16T18:47:00Z,Bongo Net,deploy,L1,B01,41.188795,-70.879115,"",NESLTER
en668,14,2021-07-16T18:51:00Z,Bongo Net,recover,L1,B01,41.187185,-70.87864,"",NESLTER
en668,15,2021-07-16T18:53:00Z,Incubation C13,start,L1,1,41.186165,-70.878293,"",NESLTER
en668,16,2021-07-16T19:31:00Z,Sting Ray,deploy towed,L1,tow 1,41.176093,-70.87078,tow 1,NESLTER
en668,17,2021-07-16T19:42:00Z,Incubation Grazing,start,L1,1,41.171792,-70.874358,"",NESLTER
en668,18,2021-07-16T20:22:30Z,SUNAV2,sync time,"","",41.12748,-70.887045,5sec behind synced after C1 before C2,NESLTER
en668,174,2021-07-16T20:30:00Z,Underway Science seawater impeller,chl discrete,"","",41.117075,-70.885458,"",NESLTER
en668,19,2021-07-16T23:40:18Z,Underway Science seawater diaphragm pump,TOI discrete,"","",40.856113,-70.883512,"",NESLTER
en668,175,2021-07-17T01:05:01Z,Underway Science seawater impeller,chl discrete,"","",40.73774,-70.88372,"",NESLTER
en668,20,2021-07-17T01:43:26Z,Underway Science seawater diaphragm pump,TOI discrete,"","",40.69526,-70.882073,"",NESLTER
en668,21,2021-07-17T01:45:00Z,Sting Ray,recover,L4,tow 1,40.694313,-70.882002,tow 1,NESLTER
en668,22,2021-07-17T04:25:00Z,CTD911,deploy,L2,2,41.031642,-70.881502,"",NESLTER
en668,30,2021-07-17T04:50:00Z,Underway Science seawater diaphragm pump,TOI discrete,"","",41.031233,-70.878707,"",NESLTER
en668,31,2021-07-17T04:52:00Z,Underway Science seawater diaphragm pump,TOI discrete,"","",41.031152,-70.878493,"",NESLTER
en668,26,2021-07-17T05:02:00Z,Bongo Net,deploy,L2,B02,41.027428,-70.879697,"",NESLTER
en668,24,2021-07-17T05:18:29Z,Incubation C13,start,L2,2,41.020995,-70.879908,"",NESLTER
en668,27,2021-07-17T05:21:00Z,Bongo Net,recover,L2,B02,41.019978,-70.880028,"",NESLTER
en668,25,2021-07-17T05:39:52Z,Incubation Grazing,start,L2,2,41.00892,-70.881698,"",NESLTER
en668,32,2021-07-17T08:50:00Z,Underway Science seawater diaphragm pump,TOI discrete,"","",40.696168,-70.67711,"",NESLTER
en668,176,2021-07-17T09:03:23Z,Underway Science seawater impeller,chl discrete,"","",40.696148,-70.719343,"",NESLTER
en668,33,2021-07-17T09:07:00Z,Underway Science seawater diaphragm pump,TOI discrete,"","",40.696197,-70.73148,"",NESLTER
en668,28,2021-07-17T09:26:50Z,CTD911,deploy,u4a,3,40.69579,-70.77131,"",NESLTER
en668,37,2021-07-17T10:09:00Z,Underway Science seawater diaphragm pump,TOI discrete,"","",40.69569,-70.834447,"",NESLTER
en668,34,2021-07-17T10:29:00Z,Underway Science seawater diaphragm pump,TOI discrete,"","",40.696553,-70.899112,"",NESLTER
en668,35,2021-07-17T10:43:00Z,Underway Science seawater diaphragm pump,TOI discrete,"","",40.696073,-70.945413,"",NESLTER
en668,36,2021-07-17T11:02:00Z,Underway Science seawater diaphragm pump,TOI discrete,"","",40.696757,-70.993747,"",NESLTER
en668,29,2021-07-17T11:11:00Z,CTD911,deploy,d4a,4,40.69485,-70.99186,"",NESLTER
en668,88,2021-07-17T12:13:00Z,Underway Science seawater diaphragm pump,TOI discrete,"","",40.695962,-71.069088,"",NESLTER
en668,38,2021-07-17T13:14:00Z,CTD911,deploy,L4,5,40.694607,-70.881115,"",NESLTER
en668,42,2021-07-17T13:36:50Z,Underway Science seawater diaphragm pump,TOI discrete,"","",40.693307,-70.877863,"",NESLTER
en668,43,2021-07-17T13:38:26Z,Underway Science seawater diaphragm pump,TOI discrete,"","",40.693187,-70.877568,"",NESLTER
en668,39,2021-07-17T13:47:00Z,Bongo Net,deploy,L4,B05,40.689938,-70.875772,start time approximate,NESLTER
en668,40,2021-07-17T14:06:56Z,Incubation C13,start,L4,5,40.679117,-70.871293,"",NESLTER
en668,41,2021-07-17T14:12:00Z,Bongo Net,recover,L4,B05,40.676443,-70.870093,"",NESLTER
en668,44,2021-07-17T14:29:22Z,Incubation Grazing,start,L4,5,40.668278,-70.867697,"",NESLTER
en668,45,2021-07-17T14:55:45Z,Underway Science seawater diaphragm pump,DO discrete,"","",40.601763,-70.880818,"",NESLTER
en668,177,2021-07-17T14:56:23Z,Underway Science seawater impeller,chl discrete,"","",40.600462,-70.880902,"",NESLTER
en668,46,2021-07-17T15:00:49Z,Underway Science seawater diaphragm pump,DO discrete,"","",40.588682,-70.880852,"",NESLTER
en668,47,2021-07-17T15:40:48Z,CTD911,deploy,L5,6,40.514052,-70.879848,Bottle sensor malfunctioned recover CTD abort water collection but still collect profile data,NESLTER
en668,178,2021-07-17T16:30:51Z,Underway Science seawater impeller,chl discrete,"","",40.516768,-70.87942,"",NESLTER
en668,49,2021-07-17T18:03:22Z,Sting Ray,deploy towed,L5,tow 2,40.509965,-70.882648,"",NESLTER
en668,50,2021-07-17T18:40:56Z,Incubation C13,stop,L1,1,40.558093,-70.88272,"",NESLTER
en668,51,2021-07-17T19:15:00Z,Underway Science seawater diaphragm pump,IFCB discrete,"",UW1,40.608117,-70.882572,UW1 run on both discrete IFCBs 101 and 115,NESLTER
en668,52,2021-07-17T19:45:22Z,Incubation Grazing,stop,L1,1,40.652502,-70.878305,"",NESLTER
en668,53,2021-07-17T20:20:00Z,Sting Ray,recover,L4,tow 2,40.701337,-70.881552,"",NESLTER
en668,54,2021-07-17T20:32:39Z,SUNAV2,sync time,"","",40.69794,-70.88616,0sec diff prior to C7,NESLTER
en668,179,2021-07-17T20:41:32Z,Underway Science seawater impeller,chl discrete,"","",40.673183,-70.886912,"",NESLTER
en668,56,2021-07-17T21:53:00Z,CTD911,deploy,L5,7,40.514107,-70.881597,"",NESLTER
en668,180,2021-07-17T22:02:04Z,Underway Science seawater impeller,chl discrete,"","",40.515095,-70.880582,"",NESLTER
en668,57,2021-07-17T22:27:00Z,Bongo Net,deploy,L5,B07,40.513562,-70.875513,"",NESLTER
en668,58,2021-07-17T22:44:00Z,Bongo Net,recover,L5,B07,40.505108,-70.870083,"",NESLTER
en668,59,2021-07-17T23:05:24Z,Sting Ray,deploy towed,L5,tow 3,40.504408,-70.87973,"",NESLTER
en668,181,2021-07-18T01:24:32Z,Underway Science seawater impeller,chl discrete,"","",40.31364,-70.8839,"",NESLTER
en668,89,2021-07-18T02:31:00Z,Underway Science seawater diaphragm pump,TOI discrete,"","",40.221518,-70.885995,"",NESLTER
en668,208,2021-07-18T03:04:36Z,Underway Science seawater diaphragm pump,DO discrete,"","",40.175513,-70.883095,"",NESLTER
en668,209,2021-07-18T03:08:45Z,Underway Science seawater diaphragm pump,DO discrete,"","",40.169692,-70.88246,"",NESLTER
en668,90,2021-07-18T03:37:00Z,Underway Science seawater diaphragm pump,TOI discrete,"","",40.130922,-70.878832,"",NESLTER
en668,91,2021-07-18T04:01:00Z,Underway Science seawater diaphragm pump,TOI discrete,"","",40.098915,-70.885225,"",NESLTER
en668,60,2021-07-18T05:19:00Z,Incubation C13,stop,L2,2,39.997277,-70.894637,"",NESLTER
en668,61,2021-07-18T05:56:21Z,Incubation Grazing,stop,L2,2,39.96288,-70.901095,"",NESLTER
en668,92,2021-07-18T06:04:00Z,Underway Science seawater diaphragm pump,TOI discrete,"","",39.957635,-70.902805,"",NESLTER
en668,62,2021-07-18T06:15:00Z,Sting Ray,recover,L10,tow 3,39.952057,-70.905085,"",NESLTER
en668,182,2021-07-18T06:51:04Z,Underway Science seawater impeller,chl discrete,"","",39.93873,-70.90701,"",NESLTER
en668,63,2021-07-18T07:06:10Z,CTD911,deploy,L10,8,39.931298,-70.907857,"",NESLTER
en668,210,2021-07-18T07:24:55Z,Underway Science seawater diaphragm pump,DO discrete,"","",39.92741,-70.904407,"",NESLTER
en668,211,2021-07-18T07:30:22Z,Underway Science seawater diaphragm pump,DO discrete,"","",39.926088,-70.903682,"",NESLTER
en668,65,2021-07-18T08:24:00Z,Bongo Net,deploy,L10,B08,39.907617,-70.895102,"",NESLTER
en668,66,2021-07-18T09:01:30Z,Bongo Net,recover,L10,B08,39.888003,-70.888477,"",NESLTER
en668,67,2021-07-18T09:59:00Z,Underway Science seawater diaphragm pump,DO discrete,"","",39.771088,-70.869635,"",NESLTER
en668,68,2021-07-18T10:02:13Z,Underway Science seawater diaphragm pump,DO discrete,"","",39.770775,-70.857338,"",NESLTER
en668,183,2021-07-18T10:23:41Z,Underway Science seawater impeller,chl discrete,"","",39.77056,-70.776138,"",NESLTER
en668,69,2021-07-18T11:00:12Z,Underway Science seawater diaphragm pump,TOI discrete,"","",39.773408,-70.67493,"",NESLTER
en668,72,2021-07-18T11:14:39Z,Underway Science seawater diaphragm pump,TOI discrete,"","",39.773392,-70.726215,"",NESLTER
en668,70,2021-07-18T11:28:24Z,CTD911,deploy,u11a,9,39.773077,-70.773202,"",NESLTER
en668,73,2021-07-18T12:44:39Z,Underway Science seawater diaphragm pump,TOI discrete,"","",39.773412,-70.839993,"",NESLTER
en668,74,2021-07-18T13:01:04Z,Underway Science seawater diaphragm pump,TOI discrete,"","",39.772968,-70.892997,"",NESLTER
en668,75,2021-07-18T13:16:32Z,Underway Science seawater diaphragm pump,TOI discrete,"","",39.772982,-70.942993,"",NESLTER
en668,77,2021-07-18T13:36:16Z,Underway Science seawater diaphragm pump,TOI discrete,"","",39.771453,-70.992895,"",NESLTER
en668,101,2021-07-18T13:39:00Z,CTD911,deploy,d11a,10,39.770933,-70.993002,"",NESLTER
en668,71,2021-07-18T13:46:00Z,Incubation C13,stop,L4,5,39.768993,-70.993322,"",NESLTER
en668,76,2021-07-18T14:53:17Z,Underway Science seawater diaphragm pump,TOI discrete,"","",39.773198,-71.1044,"",NESLTER
en668,78,2021-07-18T14:56:00Z,Incubation Grazing,stop,L4,5,39.77705,-71.10703,"",NESLTER
en668,79,2021-07-18T16:12:58Z,CTD911,deploy,L11,11,39.773918,-70.88006,"",NESLTER
en668,184,2021-07-18T16:35:18Z,Underway Science seawater impeller,chl discrete,"","",39.771058,-70.87909,"",NESLTER
en668,83,2021-07-18T16:40:15Z,Underway Science seawater diaphragm pump,TOI discrete,"","",39.76991,-70.879237,"",NESLTER
en668,84,2021-07-18T16:42:00Z,Underway Science seawater diaphragm pump,TOI discrete,"","",39.769477,-70.879162,"",NESLTER
en668,80,2021-07-18T17:18:39Z,Bongo Net,deploy,L11,B11,39.76143,-70.878832,"",NESLTER
en668,81,2021-07-18T17:36:05Z,Incubation C13,start,L11,11,39.754208,-70.879393,"",NESLTER
en668,82,2021-07-18T17:45:42Z,Bongo Net,recover,L11,B11,39.750313,-70.879523,"",NESLTER
en668,85,2021-07-18T18:27:00Z,RMT10 Midwater Trawl (Tucker-style),deploy,L11,1,39.735248,-70.886988,"",NESLTER
en668,86,2021-07-18T18:40:05Z,Incubation Grazing,start,L11,11,39.730747,-70.889858,"",NESLTER
en668,93,2021-07-18T19:24:00Z,RMT10 Midwater Trawl (Tucker-style),other,L11,1,39.711905,-70.8953,at depth,NESLTER
en668,185,2021-07-18T19:27:50Z,Underway Science seawater impeller,chl discrete,"","",39.710072,-70.895435,"",NESLTER
en668,87,2021-07-18T20:48:15Z,SUNAV2,sync time,"","",39.67103,-70.901147,approx 1 sec slow during trawl next cast is C12,NESLTER
en668,94,2021-07-18T21:20:32Z,RMT10 Midwater Trawl (Tucker-style),other,L11,1,39.656025,-70.900775,haul back,NESLTER
en668,95,2021-07-18T22:18:11Z,Underway Science seawater diaphragm pump,IFCB discrete,"",UW2,39.628162,-70.896593,UW2 run on both discrete IFCBs 101 and 115,NESLTER
en668,96,2021-07-18T22:55:01Z,RMT10 Midwater Trawl (Tucker-style),recover,L11,1,39.608608,-70.8986,at surface,NESLTER
en668,97,2021-07-19T00:11:43Z,Sting Ray,deploy towed,L11,tow 4,39.761385,-70.881702,"",NESLTER
en668,99,2021-07-19T01:00:00Z,Sting Ray,recover,L11,tow 4,39.78954,-70.883228,aborted deep tow due to comms failure,NESLTER
en668,186,2021-07-19T01:33:28Z,Underway Science seawater impeller,chl discrete,"","",39.799342,-70.890105,"",NESLTER
en668,187,2021-07-19T03:24:55Z,Underway Science seawater impeller,chl discrete,"","",39.766797,-70.917938,"",NESLTER
en668,98,2021-07-19T04:05:50Z,Sting Ray,deploy towed,L11,tow 5,39.783008,-70.884203,"",NESLTER
en668,100,2021-07-19T06:37:07Z,Sting Ray,recover,L10.5,tow 5,39.849302,-70.898727,"",NESLTER
en668,188,2021-07-19T07:06:30Z,Underway Science seawater impeller,chl discrete,"","",39.919645,-70.89507,"",NESLTER
en668,102,2021-07-19T08:10:00Z,Underway Science seawater diaphragm pump,TOI discrete,"","",40.094157,-70.886313,"",NESLTER
en668,212,2021-07-19T08:18:31Z,Underway Science seawater diaphragm pump,DO discrete,"","",40.101473,-70.863045,"",NESLTER
en668,213,2021-07-19T08:21:03Z,Underway Science seawater diaphragm pump,DO discrete,"","",40.101217,-70.853812,"",NESLTER
en668,103,2021-07-19T09:20:00Z,Underway Science seawater diaphragm pump,TOI discrete,"","",40.095707,-70.676957,"",NESLTER
en668,104,2021-07-19T09:35:00Z,Underway Science seawater diaphragm pump,TOI discrete,"","",40.097435,-70.73152,"",NESLTER
en668,105,2021-07-19T09:53:31Z,CTD911,deploy,u9a,12,40.095573,-70.772702,"",NESLTER
en668,106,2021-07-19T10:36:56Z,Underway Science seawater diaphragm pump,TOI discrete,"","",40.097887,-70.836642,"",NESLTER
en668,107,2021-07-19T10:55:04Z,Underway Science seawater diaphragm pump,TOI discrete,"","",40.098277,-70.903315,"",NESLTER
en668,108,2021-07-19T11:08:15Z,Underway Science seawater diaphragm pump,TOI discrete,"","",40.098243,-70.953085,"",NESLTER
en668,109,2021-07-19T11:21:21Z,Underway Science seawater diaphragm pump,TOI discrete,"","",40.097415,-70.996358,"",NESLTER
en668,110,2021-07-19T11:30:24Z,CTD911,deploy,d9a,13,40.092963,-71.004578,"",NESLTER
en668,189,2021-07-19T11:53:58Z,Underway Science seawater impeller,chl discrete,"","",40.090042,-71.01121,"",NESLTER
en668,111,2021-07-19T12:22:20Z,Underway Science seawater diaphragm pump,TOI discrete,"","",40.098515,-71.110152,"",NESLTER
en668,112,2021-07-19T13:45:00Z,CTD911,deploy,L9,14,40.097482,-70.884742,"",NESLTER
en668,127,2021-07-19T13:52:00Z,Other,start,L9,1,40.098113,-70.884472,hand deployed 200 um ring net with 90 ft line.,NESLTER
en668,128,2021-07-19T13:52:00Z,Other,end,L9,1,40.098113,-70.884472,hand plankton net recovered (ring net 200 um mesh; 90 ft line),NESLTER
en668,113,2021-07-19T14:38:00Z,Bongo Net,deploy,L9,B14,40.095352,-70.872982,"",NESLTER
en668,114,2021-07-19T14:56:00Z,Bongo Net,recover,L9,B14,40.087455,-70.872302,"",NESLTER
en668,115,2021-07-19T15:57:00Z,Bongo Net,deploy,L8,B15,40.133902,-70.770672,at surface until 1602 due to software issue,NESLTER
en668,116,2021-07-19T16:25:00Z,Bongo Net,recover,L8,B15,40.124915,-70.760322,"",NESLTER
en668,117,2021-07-19T16:40:49Z,CTD911,deploy,L8,15,40.130475,-70.767967,"",NESLTER
en668,119,2021-07-19T17:19:47Z,Underway Science seawater diaphragm pump,TOI discrete,"","",40.122587,-70.766572,"",NESLTER
en668,120,2021-07-19T17:20:15Z,Underway Science seawater diaphragm pump,TOI discrete,"","",40.12235,-70.766623,"",NESLTER
en668,118,2021-07-19T17:43:45Z,Incubation C13,start,L8,15,40.086727,-70.769338,"",NESLTER
en668,121,2021-07-19T18:19:43Z,Incubation Grazing,start,L8,15,40.016032,-70.77347,"",NESLTER
en668,122,2021-07-19T18:28:50Z,Incubation C13,stop,L11,11,39.990885,-70.77491,"",NESLTER
en668,123,2021-07-19T19:01:00Z,CTD911,deploy,L12,16,39.934128,-70.770583,"",NESLTER
en668,124,2021-07-19T19:06:00Z,Other,start,L12,2,39.932878,-70.771805,hand deployed 200 um ring net with 90 ft line.,NESLTER
en668,125,2021-07-19T19:12:00Z,Other,end,L12,2,39.931705,-70.772818,hand plankton net recovered (ring net 200 um mesh; 90 ft line),NESLTER
en668,126,2021-07-19T19:32:42Z,Incubation Grazing,stop,L11,11,39.927382,-70.77754,"",NESLTER
en668,129,2021-07-19T20:32:45Z,Sting Ray,deploy towed,L10.5,tow 6,39.846203,-70.88835,"",NESLTER
en668,130,2021-07-19T20:49:55Z,SUNAV2,sync time,"","",39.86277,-70.888715,2sec slow after C16 prior to C17,NESLTER
en668,132,2021-07-19T22:57:05Z,Sting Ray,recover,L9.5,tow 6,39.988553,-70.893743,recover to cross fishing gear,NESLTER
en668,133,2021-07-19T22:58:00Z,Underway Science seawater diaphragm pump,IFCB discrete,"",UW3,39.990585,-70.892972,UW3 run on both IFCBs,NESLTER
en668,134,2021-07-19T23:44:00Z,Sting Ray,deploy towed,L9,tow 7,40.088365,-70.88854,"",NESLTER
en668,190,2021-07-20T00:13:21Z,Underway Science seawater impeller,chl discrete,"","",40.115683,-70.882812,"",NESLTER
en668,136,2021-07-20T01:34:00Z,Underway Science seawater diaphragm pump,TOI discrete,"","",40.225427,-70.882797,"",NESLTER
en668,137,2021-07-20T03:25:45Z,Underway Science seawater diaphragm pump,TOI discrete,"","",40.370482,-70.889687,"",NESLTER
en668,138,2021-07-20T04:21:00Z,Sting Ray,recover,L6,tow7,40.427147,-70.895022,"",NESLTER
en668,139,2021-07-20T05:57:00Z,CTD911,deploy,L7,17,40.218442,-70.893788,"",NESLTER
en668,140,2021-07-20T07:12:00Z,Bongo Net,deploy,L7,B17,40.207062,-70.936743,"",NESLTER
en668,141,2021-07-20T07:32:00Z,Bongo Net,recover,L7,B17,40.204395,-70.949907,"",NESLTER
en668,142,2021-07-20T09:13:13Z,CTD911,deploy,L6,18,40.364015,-70.884557,"",NESLTER
en668,143,2021-07-20T10:07:00Z,Bongo Net,deploy,L6,B18,40.3781,-70.893863,"",NESLTER
en668,144,2021-07-20T10:29:00Z,Bongo Net,recover,L6,B18,40.391282,-70.888572,"",NESLTER
en668,145,2021-07-20T10:30:33Z,Incubation C13,start,L6,18,40.392193,-70.888245,"",NESLTER
en668,146,2021-07-20T11:12:56Z,Incubation Grazing,start,L6,18,40.363403,-70.817628,"",NESLTER
en668,147,2021-07-20T12:05:17Z,Underway Science seawater diaphragm pump,TOI discrete,"","",40.363018,-70.66255,"",NESLTER
en668,148,2021-07-20T12:22:09Z,Underway Science seawater diaphragm pump,TOI discrete,"","",40.36398,-70.727095,"",NESLTER
en668,161,2021-07-20T12:51:05Z,Underway Science seawater diaphragm pump,DO discrete,"","",40.363168,-70.773475,"",NESLTER
en668,162,2021-07-20T12:52:37Z,Underway Science seawater diaphragm pump,DO discrete,"","",40.363298,-70.773543,"",NESLTER
en668,149,2021-07-20T13:07:00Z,CTD911,deploy,u6a,19,40.365795,-70.773028,station u6a also considered L13,NESLTER
en668,150,2021-07-20T13:47:52Z,Underway Science seawater diaphragm pump,TOI discrete,"","",40.364245,-70.836013,"",NESLTER
en668,151,2021-07-20T14:02:33Z,Underway Science seawater diaphragm pump,TOI discrete,"","",40.363855,-70.888292,"",NESLTER
en668,152,2021-07-20T14:19:50Z,Underway Science seawater diaphragm pump,TOI discrete,"","",40.363738,-70.949273,"",NESLTER
en668,153,2021-07-20T14:35:27Z,Underway Science seawater diaphragm pump,TOI discrete,"","",40.363568,-70.995937,"",NESLTER
en668,169,2021-07-20T14:46:00Z,CTD911,deploy,d6a,20,40.362253,-70.996502,"",NESLTER
en668,154,2021-07-20T15:36:37Z,Incubation C13,start,d6a,20,40.363682,-71.093302,"",NESLTER
en668,155,2021-07-20T16:46:25Z,Sting Ray,deploy towed,L6,tow 8,40.363917,-70.892857,"",NESLTER
en668,156,2021-07-20T17:38:00Z,Incubation C13,stop,L8,15,40.426628,-70.881032,"",NESLTER
en668,157,2021-07-20T18:24:00Z,Incubation Grazing,stop,L8,15,40.489968,-70.879215,"",NESLTER
en668,158,2021-07-20T18:46:38Z,Underway Science seawater diaphragm pump,TOI discrete,"","",40.514983,-70.88254,"",NESLTER
en668,159,2021-07-20T19:27:34Z,SUNAV2,sync time,"","",40.570467,-70.884373,2sec slow next cast C21,NESLTER
en668,160,2021-07-20T21:06:23Z,Underway Science seawater diaphragm pump,TOI discrete,"","",40.70252,-70.884483,"",NESLTER
en668,164,2021-07-20T22:07:15Z,Underway Science seawater diaphragm pump,DO discrete,"","",40.785822,-70.883628,"",NESLTER
en668,163,2021-07-20T22:09:09Z,Underway Science seawater diaphragm pump,IFCB discrete,"",UW4,40.788395,-70.88351,run on both IFCB101 and IFCB115,NESLTER
en668,165,2021-07-20T22:09:24Z,Underway Science seawater diaphragm pump,DO discrete,"","",40.788933,-70.883473,"",NESLTER
en668,135,2021-07-20T23:59:00Z,Underway Science seawater diaphragm pump,TOI discrete,"","",40.941048,-70.881143,"",NESLTER
en668,191,2021-07-21T00:45:57Z,Underway Science seawater impeller,chl discrete,"","",41.005845,-70.881655,"",NESLTER
en668,167,2021-07-21T01:00:00Z,Sting Ray,recover,L2,tow 8,41.019087,-70.882977,"",NESLTER
en668,192,2021-07-21T01:00:37Z,Underway Science seawater impeller,chl discrete,"","",41.019317,-70.882998,"",NESLTER
en668,166,2021-07-21T01:08:51Z,Underway Science seawater diaphragm pump,TOI discrete,"","",41.012575,-70.884415,"",NESLTER
en668,168,2021-07-21T02:11:00Z,CTD911,deploy,L3,21,40.861473,-70.886012,"",NESLTER
en668,170,2021-07-21T02:38:00Z,Other,start,L3,3,40.859287,-70.883395,Ring net for AT (handline),NESLTER
en668,171,2021-07-21T02:43:00Z,Other,end,L3,3,40.858277,-70.883455,hand deployed 200 um ring net with 90 ft line.,NESLTER
en668,172,2021-07-21T03:20:00Z,Bongo Net,deploy,L3,B21,40.856883,-70.878803,"",NESLTER
en668,173,2021-07-21T03:32:00Z,Bongo Net,recover,L3,B21,40.855687,-70.871297,"",NESLTER
en668,193,2021-07-21T05:46:21Z,CTD911,deploy,u2a,22,41.024303,-70.778105,"",NESLTER
en668,225,2021-07-21T06:43:00Z,CTD911,deploy,L2,23,41.027857,-70.877527,"",NESLTER
en668,194,2021-07-21T07:26:00Z,Underway Science seawater diaphragm pump,TOI discrete,"","",41.030367,-70.95805,"",NESLTER
en668,195,2021-07-21T07:40:22Z,Underway Science seawater diaphragm pump,TOI discrete,"","",41.029833,-70.995682,"",NESLTER
en668,198,2021-07-21T07:42:00Z,CTD911,deploy,d2a,24,41.029937,-70.996127,"",NESLTER
en668,216,2021-07-21T07:56:00Z,Underway Science seawater impeller,chl discrete,"","",41.028682,-70.992363,"",NESLTER
en668,214,2021-07-21T08:57:45Z,Underway Science seawater diaphragm pump,DO discrete,"","",41.12391,-70.884112,"",NESLTER
en668,215,2021-07-21T09:01:11Z,Underway Science seawater diaphragm pump,DO discrete,"","",41.133957,-70.884877,"",NESLTER
en668,196,2021-07-21T09:26:36Z,Underway Science seawater diaphragm pump,IFCB discrete,"",UW5,41.200805,-70.877232,run on both IFCB101 and IFCB115,NESLTER
en668,197,2021-07-21T10:10:00Z,Incubation C13,stop,L6,18,41.244848,-70.737823,"",NESLTER
en668,199,2021-07-21T11:03:00Z,CTD911,deploy,MVCO,25,41.31779,-70.579632,"",NESLTER
en668,203,2021-07-21T11:10:55Z,Underway Science seawater diaphragm pump,TOI discrete,"","",41.317485,-70.578245,"",NESLTER
en668,204,2021-07-21T11:11:00Z,Underway Science seawater diaphragm pump,TOI discrete,"","",41.317485,-70.578245,"",NESLTER
en668,200,2021-07-21T11:20:00Z,Incubation Grazing,stop,L6,18,41.317415,-70.576527,"",NESLTER
en668,217,2021-07-21T11:21:00Z,Underway Science seawater impeller,chl discrete,"","",41.316995,-70.576108,"",NESLTER
en668,201,2021-07-21T11:30:00Z,Bongo Net,deploy,MVCO,B25,41.312038,-70.574978,"",NESLTER
en668,202,2021-07-21T11:36:00Z,Bongo Net,recover,MvCO,B25,41.308757,-70.57409,"",NESLTER
en668,205,2021-07-21T12:32:00Z,Incubation C13,stop,d6a,20,41.237965,-70.719227,"",NESLTER
en668,206,2021-07-21T13:07:18Z,SUNAV2,sync time,"","",41.190845,-70.83081,0sec diff end of cruise,NESLTER
en668,207,2021-07-21T13:26:02Z,Underway Science seawater diaphragm pump,TOI discrete,"","",41.20839,-70.89176,"",NESLTER
en668,218,2021-07-21T14:28:00Z,Underway Science seawater impeller,chl discrete,"","",41.273628,-71.054182,"",NESLTER
en668,219,2021-07-21T15:13:06Z,Attune Flow Cytometer,stop,"","",41.32159,-71.169862,Stopped underway sampling for deep clean,NESLTER
en668,220,2021-07-21T15:15:45Z,EIMS,stop,"","",41.324072,-71.176152,"",NESLTER
en668,221,2021-07-21T15:28:02Z,IFCB continuous,stop,"","",41.333717,-71.198875,"",NESLTER
en668,222,2021-07-21T16:06:58Z,Underway Science seawater diaphragm pump,stop,"","",41.375492,-71.304567,"",NESLTER
en668,223,2021-07-21T16:07:28Z,Underway Science seawater impeller,stop,"","",41.37589,-71.30577,"",NESLTER
en668,224,2021-07-21T16:08:07Z,Thermosalinographs on underway impeller,stop,"","",41.376438,-71.307307,"",NESLTER
en668,226,2021-07-21T18:16:46Z,Ship,endCruise,"","",41.492187,-71.418717,"",NESLTER
ar61a,1,2021-10-23T14:03:13Z,Transmissometer 25cm,other,"","",41.523999,-70.672294,pre-cruise calibration,OOI Pioneer
ar61a,2,2021-10-23T15:32:40Z,Underway Science seawater,other,"","",41.524002,-70.672292,Running for 24h to bleach lines,OOI Pioneer
ar61a,3,2021-10-23T15:34:31Z,PCO2,other,"","",41.524001,-70.672293,Cleaned and freshwater rinsed,OOI Pioneer
ar61a,4,2021-10-29T14:45:00Z,Ship,startCruise,"","",41.523972,-70.672356,Depart WHOI,OOI Pioneer
ar61a,5,2021-10-29T15:05:07Z,Underway Science seawater,start,"","",41.484429,-70.693289,"",OOI Pioneer
ar61a,6,2021-10-29T15:05:19Z,PCO2,start,"","",41.484088,-70.694127,"",OOI Pioneer
ar61a,7,2021-10-29T15:20:27Z,HZG radar,start,"","",41.454236,-70.75342,"",OOI Pioneer
ar61a,8,2021-10-29T15:22:47Z,IFCB continuous,start,"","",41.450017,-70.762116,Started IFCB,OOI Pioneer
ar61a,9,2021-10-29T15:32:00Z,UHDAS,start,"","",41.438408,-70.790874,OS300; OS150 ADCPs started,OOI Pioneer
ar61a,10,2021-10-29T15:37:46Z,Knudsen 3260,start,"","",41.42689,-70.811377,"",OOI Pioneer
ar61a,11,2021-10-29T18:06:04Z,CTD911,deploy,L2,001,41.03077,-70.883172,CTD off the deck,OOI Pioneer
ar61a,12,2021-10-29T18:13:48Z,CTD911,maxDepth,L2,001,41.031002,-70.883222,Max depth 42 m,OOI Pioneer
ar61a,13,2021-10-29T18:20:00Z,CTD911,recover,L2,001,41.030833,-70.883158,CTD on deck  Caps were on the 2 fluorometers and the transmissometer,OOI Pioneer
ar61a,14,2021-10-29T18:23:40Z,CTD911,deploy,L2,002,41.030701,-70.883197,CTD off the deck,OOI Pioneer
ar61a,15,2021-10-29T18:28:47Z,CTD911,maxDepth,L2,002,41.030682,-70.883186,Max depth 41 m,OOI Pioneer
ar61a,16,2021-10-29T18:32:41Z,CTD911,recover,L2,002,41.030573,-70.883162,CTD on deck,OOI Pioneer
ar61a,84,2021-10-29T20:00:00Z,Other,start,"","",40.790057,-70.886408,GPS failed affecting all science data streams (CTD; eLog; ADCP; EK80; nav computer); events logged on paper during outage,OOI Pioneer
ar61a,17,2021-10-29T20:41:00Z,CTD911,deploy,L4,003,40.697054,-70.883599,CTD off deck,OOI Pioneer
ar61a,19,2021-10-29T20:54:00Z,CTD911,maxDepth,L4,003,40.697193,-70.883587,Max depth 61 m,OOI Pioneer
ar61a,20,2021-10-29T20:59:00Z,CTD911,recover,L4,003,40.697177,-70.883603,CTD on deck,OOI Pioneer
ar61a,128,2021-10-29T21:00:00Z,Ship,other,"","",40.696657,-70.883635,test for rtd,OOI Pioneer
ar61a,141,2021-10-29T22:20:00Z,CTD911,deploy,L5,004,40.512698,-70.884908,Late entry after rtd files recreated.  There was only one entry for this cast in the paper log.,OOI Pioneer
ar61a,21,2021-10-29T23:17:00Z,C-NAV 3050 GNSS,other,"","",40.421407,-70.885934,CNAV intermittent gps issues happening today where all strings but ZDA will drop off the feed.,OOI Pioneer
ar61a,22,2021-10-30T02:15:00Z,UHDAS,start,OS,"",39.941372,-70.888081,OS38,OOI Pioneer
ar61a,130,2021-10-30T12:53:00Z,Other,start,"","",39.920749,-70.901392,ZPLC: comparison test with EK80. Alternating data collection.,OOI Pioneer
ar61a,131,2021-10-30T16:16:00Z,Other,end,"","",39.920404,-70.901598,ZPLC on deck,OOI Pioneer
ar61a,126,2021-10-30T20:00:00Z,Other,other,"","",39.940752,-70.878068,test entry for recreated rtd files,OOI Pioneer
ar61a,134,2021-10-30T20:53:00Z,CTD911,deploy,OS,005,39.941817,-70.88423,"",OOI Pioneer
ar61a,135,2021-10-30T21:01:00Z,CTD911,maxDepth,OS,005,39.94182,-70.884242,435 m,OOI Pioneer
ar61a,136,2021-10-30T21:31:00Z,CTD911,recover,OS,005,39.941648,-70.886676,"",OOI Pioneer
ar61a,137,2021-10-30T23:03:00Z,EK80 broadband,start,"","",39.941727,-70.883797,Starting ZPLSC/MGT. 5 minutes passive.,OOI Pioneer
ar61a,138,2021-10-31T01:08:00Z,EK80 broadband,stop,"","",39.93995,-70.883287,Survey complete. Ends with 5 minutes passive.,OOI Pioneer
ar61a,85,2021-10-31T10:45:09Z,Other,end,"","",39.943188,-70.881453,Bridge GPS piped into all science data streams (CTD; ADCP; EK80; Knudsen; eLog; nav computer).  All remaining events in eLog.,OOI Pioneer
ar61a,23,2021-10-31T13:03:00Z,PCO2,abort,"","",39.946226,-70.88337,pco2 had stopped during weather and was restarted but the Hart temp probe was not on - restarted.  Still needs GPS - will have to combine with raw DPS112 data.,OOI Pioneer
ar61a,127,2021-10-31T15:00:00Z,Other,other,"","",39.952531,-70.887442,post test entry for rtd files for 31 October,OOI Pioneer
ar61a,24,2021-10-31T16:15:21Z,CTD911,deploy,UO,006,39.93887,-70.774971,CTD off deck,OOI Pioneer
ar61a,25,2021-10-31T16:31:38Z,CTD911,maxDepth,UO,006,39.939859,-70.774872,Max depth 438 m,OOI Pioneer
ar61a,26,2021-10-31T16:45:00Z,CTD911,recover,UO,006,39.940301,-70.772788,CTD on deck,OOI Pioneer
ar61a,27,2021-10-31T17:26:00Z,CTD911,deploy,CS-4,007,40.00701,-70.774812,CTD off deck,OOI Pioneer
ar61a,28,2021-10-31T17:34:00Z,CTD911,maxDepth,CS-4,007,40.006444,-70.77421,Max depth 263 m,OOI Pioneer
ar61a,29,2021-10-31T17:45:05Z,CTD911,recover,CS-4,007,40.006209,-70.773773,CTD on deck,OOI Pioneer
ar61a,30,2021-10-31T18:24:02Z,CTD911,deploy,CS-3,008,40.072197,-70.774848,CTD off deck,OOI Pioneer
ar61a,31,2021-10-31T18:32:57Z,CTD911,maxDepth,CS-3,008,40.071561,-70.774189,Max depth 135 m,OOI Pioneer
ar61a,32,2021-10-31T18:42:26Z,CTD911,recover,CS-3,008,40.071318,-70.773444,CTD on deck,OOI Pioneer
ar61a,33,2021-10-31T19:21:16Z,CTD911,deploy,CN,009,40.136838,-70.77449,CTD off deck,OOI Pioneer
ar61a,34,2021-10-31T19:31:10Z,CTD911,maxDepth,CN,009,40.136427,-70.774251,Max depth 129 m,OOI Pioneer
ar61a,35,2021-10-31T19:38:56Z,CTD911,recover,CN,009,40.135973,-70.773938,CTD on deck,OOI Pioneer
ar61a,36,2021-10-31T20:22:51Z,CTD911,deploy,CS-2,010,40.220035,-70.776451,CTD off deck,OOI Pioneer
ar61a,37,2021-10-31T20:32:37Z,CTD911,maxDepth,CS-2,010,40.219827,-70.776216,Max depth 123 m,OOI Pioneer
ar61a,38,2021-10-31T20:40:02Z,CTD911,recover,CS-2,010,40.219608,-70.775968,CTD on deck,OOI Pioneer
ar61a,39,2021-10-31T21:22:46Z,CTD911,deploy,CS-1,011,40.29483,-70.777098,CTD off deck,OOI Pioneer
ar61a,40,2021-10-31T21:31:36Z,CTD911,maxDepth,CS-1,011,40.295215,-70.777927,Max depth 112 m,OOI Pioneer
ar61a,41,2021-10-31T21:38:07Z,CTD911,recover,CS-1,011,40.295927,-70.778471,CTD on deck,OOI Pioneer
ar61a,42,2021-10-31T22:16:43Z,CTD911,deploy,UI,012,40.365373,-70.774224,CTD off deck,OOI Pioneer
ar61a,43,2021-10-31T22:24:29Z,CTD911,maxDepth,UI,012,40.365352,-70.774073,Max depth 91 m,OOI Pioneer
ar61a,44,2021-10-31T22:30:52Z,CTD911,recover,UI,012,40.365336,-70.774026,CTD on deck,OOI Pioneer
ar61a,45,2021-10-31T23:05:34Z,UHDAS,stop,"","",40.368431,-70.870691,ADCPs stopped for EK80 at Inshore,OOI Pioneer
ar61a,46,2021-10-31T23:12:00Z,EK80 broadband,start,IS,"",40.367931,-70.87596,Start with 8 minutes passive; ISSM-13 in the water,OOI Pioneer
ar61a,47,2021-11-01T01:00:00Z,EK80 broadband,stop,IS,"",40.372073,-70.879702,Stopped EK-80 with 5 minutes of passive data at the end,OOI Pioneer
ar61a,48,2021-11-01T11:03:08Z,UHDAS,start,"","",40.371211,-70.882425,started logging at bridge's request and chief sci's approval.  no OS38,OOI Pioneer
ar61a,50,2021-11-01T13:25:26Z,C-NAV 3050 GNSS,other,"","",40.361198,-70.863213,Cnav receiver came back in overnight - data started at 00:22 UTC though only GGA and VTG strings.  RMC and ZDA strings added back in at 13:03:46 UTC,OOI Pioneer
ar61a,52,2021-11-01T14:31:34Z,CTD911,deploy,IS,013,40.362852,-70.883351,ISSM-13 & ISSM-14 in the water,OOI Pioneer
ar61a,53,2021-11-01T14:39:00Z,CTD911,maxDepth,IS,013,40.362239,-70.8835,Max depth 89 m,OOI Pioneer
ar61a,55,2021-11-01T14:54:00Z,CTD911,recover,IS,013,40.361149,-70.883768,CTD on deck,OOI Pioneer
ar61a,54,2021-11-01T14:57:28Z,UHDAS,stop,"","",40.360747,-70.883871,stopped for ek80 collection over ROV / anchor recovery site,OOI Pioneer
ar61a,56,2021-11-01T15:12:45Z,UHDAS,service,"","",40.359439,-70.884901,swapped cnav feed back in to UHDAS and plugged the Kongsberg DPS112 feed into port 4 and notified UHDAS so they can log both,OOI Pioneer
ar61a,61,2021-11-01T21:56:45Z,UHDAS,stop,"","",40.362917,-70.880034,Stopping for EK-80 comparison at IS,OOI Pioneer
ar61a,62,2021-11-01T22:00:00Z,EK80 broadband,start,IS,"",40.36288,-70.880061,Start with 30 minutes passive; both ISSM-13 and ISSM-14 in the water,OOI Pioneer
ar61a,63,2021-11-02T00:30:09Z,EK80 broadband,stop,IS,"",40.364002,-70.884031,Stopped EK-80 with 5 minutes of passive data at the end,OOI Pioneer
ar61a,64,2021-11-02T00:31:01Z,UHDAS,start,"","",40.364002,-70.884024,Started after EK80 survey.  OS300; OS150; OS38,OOI Pioneer
ar61a,72,2021-11-02T22:27:17Z,UHDAS,stop,CN,"",40.130716,-70.776441,Stopping for EK-80 comparison at CNSM-14,OOI Pioneer
ar61a,73,2021-11-02T22:30:00Z,EK80 broadband,start,CN,"",40.130701,-70.776448,Start with 10 minutes passive; CNSM-14 in the water,OOI Pioneer
ar61a,74,2021-11-03T00:30:40Z,EK80 broadband,stop,CN,"",40.129998,-70.775125,Stopped EK-80 with 9 minutes of passive data at the end,OOI Pioneer
ar61a,75,2021-11-03T00:31:19Z,UHDAS,start,"","",40.130001,-70.775117,Started after EK80 survey,OOI Pioneer
ar61a,78,2021-11-03T15:19:01Z,CTD911,deploy,CN,014,40.137206,-70.775322,CTD off deck,OOI Pioneer
ar61a,79,2021-11-03T15:28:00Z,CTD911,maxDepth,CN,014,40.137208,-70.775316,Max depth 129 m,OOI Pioneer
ar61a,80,2021-11-03T15:48:09Z,CTD911,recover,CN,014,40.137202,-70.775344,CTD on deck,OOI Pioneer
ar61a,87,2021-11-03T22:09:30Z,UHDAS,stop,CN,"",40.138154,-70.765941,Stopped for EK80 survey,OOI Pioneer
ar61a,88,2021-11-03T22:10:00Z,EK80 broadband,start,CN,"",40.138156,-70.765941,Start with 5 minutes passive; CNSM-15 in the water,OOI Pioneer
ar61a,89,2021-11-04T00:10:19Z,EK80 broadband,stop,CN,"",40.138163,-70.76593,Stopped EK-80 with 5 minutes of passive data at the end,OOI Pioneer
ar61a,90,2021-11-04T00:10:46Z,UHDAS,start,"","",40.138163,-70.765925,Started after EK80 survey,OOI Pioneer
ar61a,96,2021-11-04T19:03:47Z,CTD911,deploy,AC-1,015,39.92155,-70.90159,CTD off the deck,OOI Pioneer
ar61a,97,2021-11-04T19:19:22Z,CTD911,maxDepth,AC-1,015,39.921553,-70.901576,Max depth 482 m,OOI Pioneer
ar61a,98,2021-11-04T19:41:27Z,CTD911,recover,AC-1,015,39.921564,-70.900783,CTD on deck,OOI Pioneer
ar61a,100,2021-11-04T23:05:38Z,CTD911,deploy,AL-1,016,40.204758,-71.094943,CTD off the deck,OOI Pioneer
ar61a,101,2021-11-04T23:15:51Z,CTD911,maxDepth,AL-1,016,40.205366,-71.095426,Max depth 120 m,OOI Pioneer
ar61a,102,2021-11-04T23:30:24Z,CTD911,recover,AL-1,016,40.2062,-71.09607,CTD on deck,OOI Pioneer
ar61a,107,2021-11-05T18:07:51Z,Underway Science seawater,other,"","",40.184714,-70.823597,Cleaning fluorometer,OOI Pioneer
ar61a,108,2021-11-05T18:21:28Z,Underway Science seawater,other,"","",40.145883,-70.811174,Done cleaning sensors,OOI Pioneer
ar61a,110,2021-11-05T20:40:00Z,CTD911,deploy,AC-4,017,39.921844,-70.755931,CTD off the deck,OOI Pioneer
ar61a,111,2021-11-05T20:55:39Z,CTD911,maxDepth,AC-4,017,39.921904,-70.756614,Max depth 465 m,OOI Pioneer
ar61a,112,2021-11-05T21:19:38Z,CTD911,recover,AC-4,017,39.921028,-70.754775,CTD on deck,OOI Pioneer
ar61a,114,2021-11-06T00:58:48Z,CTD911,deploy,AL-4,018,40.333038,-71.095691,CTD off the deck,OOI Pioneer
ar61a,115,2021-11-06T01:07:35Z,CTD911,maxDepth,AL-4,018,40.333026,-71.095699,Max depth 89 m,OOI Pioneer
ar61a,116,2021-11-06T01:19:52Z,CTD911,recover,AL-4,018,40.333068,-71.095721,CTD on deck,OOI Pioneer
ar61a,117,2021-11-06T11:44:18Z,UHDAS,stop,"","",41.472888,-70.740996,slight late entry.  secured at 1054. In the sound waiting for slack tide so haven't moved,OOI Pioneer
ar61a,118,2021-11-06T11:44:55Z,PCO2,stop,"","",41.472885,-70.740998,secured for cruise end,OOI Pioneer
ar61a,119,2021-11-06T11:53:06Z,HZG radar,stop,"","",41.472881,-70.740995,secured for cruise end,OOI Pioneer
ar61a,120,2021-11-06T13:17:43Z,Underway Science seawater,other,"","",41.473116,-70.739868,air caught in system overnight flow data sometimes dropped out even though water was still flowing,OOI Pioneer
ar61a,121,2021-11-06T13:33:21Z,IFCB continuous,stop,"","",41.473119,-70.739875,IFCB stopped at the end of Leg 2,OOI Pioneer
ar61a,122,2021-11-06T15:51:34Z,Underway Science seawater,stop,"","",41.493098,-70.671071,secured for cruise end,OOI Pioneer
ar61a,123,2021-11-06T16:19:17Z,Other,other,"","",41.520597,-70.673025,Raised Valeport SSV,OOI Pioneer
ar61a,124,2021-11-06T16:19:37Z,Transmissometer 25cm,other,"","",41.521175,-70.673305,Post cruise calilbration,OOI Pioneer
ar61a,125,2021-11-06T16:20:00Z,Ship,endCruise,"","",41.521734,-70.673572,"",OOI Pioneer
ar61a,140,2021-11-07T21:41:00Z,Other,other,"","",41.52395,-70.672158,a scan of the science party's events that have been entered but were missing from the elog due to GPS issues,OOI Pioneer
ar61a,139,2021-11-07T21:41:38Z,C-NAV 3050 GNSS,other,"","",41.52395,-70.672159,readme in the text field delineating all CNAV outages and the ramifications,OOI Pioneer
ar61b,186,2021-11-08T08:00:00Z,SUNAV2,onCTD,"","",41.523952,-70.672159,did not do DAC cal for this specific cruise gave poly coeff from another cruise,OOI Pioneer
ar61b,1,2021-11-08T16:15:23Z,Other,start,"","",41.523952,-70.672157,HOBO sensors deployed in incubators,OOI Pioneer
ar61b,2,2021-11-08T17:26:00Z,Ship,startCruise,"","",41.523946,-70.672158,Departed on Pioneer 17 Leg 2,OOI Pioneer
ar61b,3,2021-11-08T18:11:33Z,Underway Science seawater,start,"","",41.446072,-70.772437,"",OOI Pioneer
ar61b,4,2021-11-08T18:11:52Z,Knudsen 3260,start,"","",41.445461,-70.773499,"",OOI Pioneer
ar61b,5,2021-11-08T18:12:23Z,PCO2,start,"","",41.444472,-70.775242,"",OOI Pioneer
ar61b,6,2021-11-08T18:22:32Z,IFCB continuous,start,"","",41.424986,-70.809915,IFCB115 on Trigger on both CHL and SSC,OOI Pioneer
ar61b,7,2021-11-08T18:53:00Z,EIMS,start,"","",41.363799,-70.914876,EIMS underway sampling started,OOI Pioneer
ar61b,191,2021-11-08T18:54:00Z,Attune Flow Cytometer,start,"","",41.360922,-70.916608,"",OOI Pioneer
ar61b,8,2021-11-08T18:56:30Z,Other,start,"","",41.35343,-70.915565,Attune start sampling,OOI Pioneer
ar61b,116,2021-11-08T19:31:00Z,Underway Science seawater diaphragm pump,TOI discrete,"","",41.250495,-70.894616,main lab debubbled,OOI Pioneer
ar61b,117,2021-11-08T19:34:00Z,Underway Science seawater diaphragm pump,TOI discrete,"","",41.241971,-70.893113,main lab pre-debubbler,OOI Pioneer
ar61b,118,2021-11-08T19:40:00Z,Underway Science seawater diaphragm pump,TOI discrete,"","",41.225117,-70.890017,wet lab pre-debubbler,OOI Pioneer
ar61b,119,2021-11-08T19:45:00Z,Underway Science seawater diaphragm pump,TOI discrete,"","",41.211082,-70.887435,main lab pre-debubbler,OOI Pioneer
ar61b,120,2021-11-08T19:48:00Z,Underway Science seawater diaphragm pump,TOI discrete,"","",41.202565,-70.885893,main lab debubbled,OOI Pioneer
ar61b,10,2021-11-08T19:50:00Z,Valeport SVS,deploy,"","",41.197785,-70.884328,lowered at 19:50 UTC before ctd cast 1,OOI Pioneer
ar61b,121,2021-11-08T19:52:00Z,Underway Science seawater diaphragm pump,TOI discrete,"","",41.196373,-70.882745,wet lab pre-debubbler,OOI Pioneer
ar61b,9,2021-11-08T20:10:08Z,CTD911,deploy,LTER1,1,41.196293,-70.883148,"",OOI Pioneer
ar61b,70,2021-11-08T20:15:00Z,CTD911,maxDepth,LTER1,1,41.196249,-70.883359,max depth 19m,OOI Pioneer
ar61b,71,2021-11-08T20:23:00Z,CTD911,recover,LTER1,1,41.196196,-70.883829,"",OOI Pioneer
ar61b,11,2021-11-08T21:42:59Z,CTD911,deploy,LTER2,2,41.028823,-70.88662,"",OOI Pioneer
ar61b,72,2021-11-08T21:51:00Z,CTD911,maxDepth,LTER2,2,41.028497,-70.88772,max depth 42m,OOI Pioneer
ar61b,12,2021-11-08T22:07:43Z,CTD911,recover,LTER2,2,41.027463,-70.890331,"",OOI Pioneer
ar61b,13,2021-11-08T22:30:00Z,Incubation C13,start,LTER2,"",41.022905,-70.896782,"",OOI Pioneer
ar61b,14,2021-11-08T23:17:33Z,sonobuoy,deploy,"","",40.912389,-70.893268,3 nm north of L3,OOI Pioneer
ar61b,73,2021-11-08T23:20:00Z,CTD911,deploy,LTER3,3,40.905539,-70.892938,"",OOI Pioneer
ar61b,74,2021-11-08T23:55:00Z,CTD911,maxDepth,LTER3,3,40.86408,-70.883456,max depth 50m,OOI Pioneer
ar61b,75,2021-11-09T00:06:00Z,CTD911,recover,LTER3,3,40.864238,-70.883532,"",OOI Pioneer
ar61b,96,2021-11-09T00:25:00Z,Ring Net,deploy,LTER3,R03,40.865053,-70.884048,target depth 51m,OOI Pioneer
ar61b,97,2021-11-09T00:29:00Z,Ring Net,recover,LTER3,R03,40.865294,-70.884208,"",OOI Pioneer
ar61b,15,2021-11-09T01:52:53Z,CTD911,deploy,LTER4,4,40.696595,-70.883542,"",OOI Pioneer
ar61b,77,2021-11-09T02:06:00Z,CTD911,maxDepth,LTER4,4,40.696382,-70.883425,max depth 60m,OOI Pioneer
ar61b,242,2021-11-09T02:16:00Z,Underway Science seawater diaphragm pump,TOI discrete,LTER4,"",40.696361,-70.883401,sfc niskin comparison,OOI Pioneer
ar61b,76,2021-11-09T02:18:00Z,CTD911,recover,LTER4,4,40.696344,-70.883396,"",OOI Pioneer
ar61b,123,2021-11-09T02:18:00Z,Underway Science seawater diaphragm pump,TOI discrete,LTER4,"",40.696344,-70.883396,sfc niskin comparison,OOI Pioneer
ar61b,16,2021-11-09T02:53:00Z,Incubation C13,start,LTER4,"",40.696324,-70.883381,"",OOI Pioneer
ar61b,85,2021-11-09T04:12:00Z,CTD911,deploy,LTER5,5,40.513541,-70.883831,"",OOI Pioneer
ar61b,86,2021-11-09T04:20:00Z,CTD911,maxDepth,LTER5,5,40.513509,-70.883789,max depth 71m,OOI Pioneer
ar61b,142,2021-11-09T04:33:00Z,CTD911,recover,LTER5,5,40.51324,-70.883544,niskin vents open during cast Profile still good but need to recast for water sampling,OOI Pioneer
ar61b,98,2021-11-09T04:43:00Z,Ring Net,deploy,LTER5,R05,40.513194,-70.883496,target depth 53m,OOI Pioneer
ar61b,99,2021-11-09T04:55:00Z,Ring Net,recover,LTER5,R05,40.51318,-70.883497,"",OOI Pioneer
ar61b,143,2021-11-09T05:00:00Z,CTD911,deploy,LTER5,6,40.513211,-70.883508,recast due to error on cast 005,OOI Pioneer
ar61b,144,2021-11-09T05:03:00Z,CTD911,maxDepth,LTER5,6,40.513254,-70.883545,max depth 72m,OOI Pioneer
ar61b,145,2021-11-09T05:15:00Z,CTD911,recover,LTER5,6,40.513357,-70.883657,"",OOI Pioneer
ar61b,17,2021-11-09T05:29:00Z,EK80 broadband,start,L5,"",40.502112,-70.883288,Start in passive mode for 5min turn off bridge log fathometer knudsen;  K-sync EK80/ADCP survey,OOI Pioneer
ar61b,18,2021-11-09T09:55:00Z,EK80 broadband,stop,OS,"",39.940139,-70.883702,5 min passive data at the end;  K-sync EK80/ADCP survey,OOI Pioneer
ar61b,19,2021-11-09T09:59:28Z,UHDAS,start,"","",39.940081,-70.883811,Started after K-sync EK80/ADCP survey,OOI Pioneer
ar61b,23,2021-11-09T15:25:10Z,CTD911,deploy,OS,7,39.939834,-70.88343,CTD off the deck; OOI Cast w/ NES-LTER sampling,OOI Pioneer
ar61b,24,2021-11-09T15:41:00Z,CTD911,maxDepth,OS,7,39.939586,-70.883377,Max depth 438 m,OOI Pioneer
ar61b,124,2021-11-09T16:36:00Z,Underway Science seawater diaphragm pump,TOI discrete,LTER10,"",39.939436,-70.883316,underway/sfc niskin comparison,OOI Pioneer
ar61b,241,2021-11-09T16:38:00Z,Underway Science seawater diaphragm pump,TOI discrete,LTER10,"",39.939474,-70.883322,sfc niskin comparison,OOI Pioneer
ar61b,25,2021-11-09T16:43:00Z,CTD911,recover,OS,7,39.939677,-70.883379,CTD on deck with 2 tested releases,OOI Pioneer
ar61b,NaN,2021-11-09T16:49:00Z,Ring Net,deploy,LTER10,R07,39.94,-70.883,target depth 200m,OOI Pioneer
ar61b,101,2021-11-09T17:03:00Z,Ring Net,recover,LTER10,R07,39.939897,-70.883466,"",OOI Pioneer
ar61b,27,2021-11-09T20:21:24Z,UHDAS,stop,"","",39.941538,-70.780785,ADCP stopped for PMUO-18 deployment and EK80/ZPLSC test,OOI Pioneer
ar61b,29,2021-11-09T20:53:00Z,EK80 broadband,start,UO,"",39.93909,-70.775107,EK80-ZPLSC comparison; started with passive data until 21:00,OOI Pioneer
ar61b,30,2021-11-09T21:52:00Z,Incubation C13,stop,LTER2,2,39.939098,-70.775095,"",OOI Pioneer
ar61b,31,2021-11-09T23:24:07Z,EK80 broadband,stop,UO,"",39.939109,-70.775081,EK80/ZPLSC comparison stopped with 10 min passive data,OOI Pioneer
ar61b,32,2021-11-09T23:26:01Z,UHDAS,start,"","",39.939096,-70.775102,Started after EK80/ADCP comparison,OOI Pioneer
ar61b,33,2021-11-09T23:27:20Z,CTD911,deploy,UO,8,39.939104,-70.775096,PMUO-17 and PMUO-18 in water,OOI Pioneer
ar61b,34,2021-11-09T23:43:00Z,CTD911,maxDepth,UO,8,39.939094,-70.775086,max depth 445m,OOI Pioneer
ar61b,35,2021-11-10T00:28:00Z,CTD911,recover,UO,8,39.939094,-70.775086,CTD on deck with 3 tested releases,OOI Pioneer
ar61b,36,2021-11-10T01:26:00Z,Incubation C13,stop,LTER4,"",39.935977,-70.853095,"",OOI Pioneer
ar61b,37,2021-11-10T02:44:06Z,CTD911,deploy,LTER11,9,39.773276,-70.88205,"",OOI Pioneer
ar61b,209,2021-11-10T02:57:00Z,CTD911,maxDepth,LTER11,9,39.773138,-70.876656,max depth 499 m,OOI Pioneer
ar61b,210,2021-11-10T03:23:00Z,CTD911,recover,LTER11,9,39.77263,-70.868227,"",OOI Pioneer
ar61b,94,2021-11-10T03:35:00Z,Ring Net,deploy,LTER11,R09,39.772299,-70.863071,target depth 200m,OOI Pioneer
ar61b,95,2021-11-10T03:50:00Z,Ring Net,recover,LTER11,R09,39.771817,-70.856584,"",OOI Pioneer
ar61b,38,2021-11-10T03:56:00Z,Incubation C13,start,LTER11,9,39.771682,-70.856315,"",OOI Pioneer
ar61b,39,2021-11-10T05:41:00Z,CTD911,deploy,LTERu11a,10,39.773177,-70.773544,"",OOI Pioneer
ar61b,40,2021-11-10T05:52:00Z,CTD911,maxDepth,LTERu11a,10,39.773143,-70.769593,max depth 500m,OOI Pioneer
ar61b,41,2021-11-10T06:08:00Z,CTD911,recover,LTERu11a,10,39.772789,-70.764083,"",OOI Pioneer
ar61b,46,2021-11-10T13:34:35Z,CTD911,deploy,CO,11,40.097999,-70.883022,PMCO-15 and PMCO-16 in the water,OOI Pioneer
ar61b,47,2021-11-10T13:47:00Z,CTD911,maxDepth,CO,11,40.098019,-70.883031,Max depth at 142 m,OOI Pioneer
ar61b,125,2021-11-10T14:07:00Z,Underway Science seawater diaphragm pump,TOI discrete,LTER9,"",40.098022,-70.883039,sfc niskin comparison,OOI Pioneer
ar61b,126,2021-11-10T14:09:00Z,Underway Science seawater diaphragm pump,TOI discrete,LTER9,"",40.098012,-70.883038,sfc niskin comparison,OOI Pioneer
ar61b,48,2021-11-10T14:12:00Z,CTD911,recover,CO,11,40.098013,-70.88303,CTD on deck,OOI Pioneer
ar61b,102,2021-11-10T14:18:00Z,Ring Net,deploy,LTER9,R11,40.09801,-70.883033,target depth 144m,OOI Pioneer
ar61b,103,2021-11-10T14:29:00Z,Ring Net,recover,LTER9,R11,40.09801,-70.883033,"",OOI Pioneer
ar61b,50,2021-11-10T14:54:18Z,Underway Science seawater,other,"","",40.096755,-70.876647,1335 - 1357 UTC stopped flow to the water wall (fluor - xmiss25 - sbe45) ONLY to clean out flowmeter which was having trouble overnight even though water was flowing.,OOI Pioneer
ar61b,127,2021-11-10T18:18:00Z,Underway Science seawater diaphragm pump,TOI discrete,"","",40.130799,-70.762393,"",OOI Pioneer
ar61b,128,2021-11-10T18:19:00Z,Underway Science seawater diaphragm pump,TOI discrete,"","",40.129675,-70.758909,"",OOI Pioneer
ar61b,129,2021-11-10T18:21:00Z,Underway Science seawater diaphragm pump,TOI discrete,"","",40.127291,-70.751877,main lab pre-debubbler,OOI Pioneer
ar61b,130,2021-11-10T18:23:00Z,Underway Science seawater diaphragm pump,TOI discrete,"","",40.124627,-70.744988,main lab pre-debubbler,OOI Pioneer
ar61b,131,2021-11-10T18:24:00Z,Underway Science seawater diaphragm pump,TOI discrete,"","",40.123266,-70.741707,wet lab pre-debubbler,OOI Pioneer
ar61b,132,2021-11-10T18:26:00Z,Underway Science seawater diaphragm pump,TOI discrete,"","",40.122738,-70.738425,wet lab pre-debubbler,OOI Pioneer
ar61b,54,2021-11-10T18:41:00Z,sonobuoy,deploy,CN,"",40.123148,-70.739734,Channel 40,OOI Pioneer
ar61b,57,2021-11-10T20:56:27Z,CTD911,deploy,CN,12,40.136288,-70.775715,CTD off the deck; CNPM-5 in the water,OOI Pioneer
ar61b,58,2021-11-10T21:05:00Z,CTD911,maxDepth,CN,12,40.136293,-70.775701,Max depth 129 m,OOI Pioneer
ar61b,59,2021-11-10T21:39:14Z,CTD911,recover,CN,12,40.136279,-70.775702,CTD on deck,OOI Pioneer
ar61b,61,2021-11-10T22:26:00Z,Incubation C13,start,LTER8,12,40.129991,-70.772359,"",OOI Pioneer
ar61b,181,2021-11-11T00:32:00Z,CTD911,maxDepth,LTER10,13,39.939924,-70.882766,max depth 438m,OOI Pioneer
ar61b,65,2021-11-11T00:40:00Z,CTD911,deploy,LTER10,13,39.939905,-70.882777,Offshore site,OOI Pioneer
ar61b,182,2021-11-11T00:43:00Z,CTD911,recover,LTER10,13,39.939893,-70.882775,"",OOI Pioneer
ar61b,66,2021-11-11T00:51:51Z,EK80 broadband,start,L10,"",39.939912,-70.882752,turn on EK80 passive mode with adcp turn off all other pinging devices,OOI Pioneer
ar61b,67,2021-11-11T02:06:00Z,CTD911,deploy,LTER9.5,14,40.019137,-70.884865,brief period of troubleshooting LARS before deployment,OOI Pioneer
ar61b,69,2021-11-11T02:18:00Z,CTD911,maxDepth,LTER9.5,14,40.019141,-70.88484,max depth 240m,OOI Pioneer
ar61b,68,2021-11-11T02:29:00Z,CTD911,recover,LTER9.5,14,40.019137,-70.884868,winch operated normally during recovery,OOI Pioneer
ar61b,78,2021-11-11T03:26:06Z,CTD911,deploy,LTER9,15,40.098269,-70.883542,Central Offshore,OOI Pioneer
ar61b,184,2021-11-11T03:32:00Z,CTD911,maxDepth,LTER9,15,40.098259,-70.88354,max depth 140m,OOI Pioneer
ar61b,79,2021-11-11T03:36:25Z,Incubation C13,stop,LTER11,"",40.098264,-70.883537,"",OOI Pioneer
ar61b,185,2021-11-11T03:37:56Z,CTD911,recover,LTER9,15,40.098266,-70.883537,"",OOI Pioneer
ar61b,80,2021-11-11T04:28:48Z,CTD911,deploy,LTER7.5,16,40.161437,-70.885992,"",OOI Pioneer
ar61b,81,2021-11-11T04:32:00Z,CTD911,maxDepth,LTER7.5,16,40.16113,-70.887045,max depth 127m,OOI Pioneer
ar61b,82,2021-11-11T04:40:17Z,CTD911,recover,LTER7.5,16,40.160584,-70.889616,"",OOI Pioneer
ar61b,83,2021-11-11T05:31:00Z,CTD911,deploy,LTER7,17,40.226298,-70.883892,Central Inshore,OOI Pioneer
ar61b,133,2021-11-11T05:34:00Z,Underway Science seawater diaphragm pump,TOI discrete,"","",40.226093,-70.884462,"",OOI Pioneer
ar61b,84,2021-11-11T05:35:00Z,CTD911,maxDepth,LTER7,17,40.226013,-70.884663,max depth 120m,OOI Pioneer
ar61b,87,2021-11-11T05:52:49Z,CTD911,recover,LTER7,17,40.226001,-70.887492,"",OOI Pioneer
ar61b,88,2021-11-11T09:57:35Z,EK80 broadband,stop,IS,"",40.363413,-70.882852,EK80/ADCP k-sync stopped w/ 5 min passive at the end (but speedlog on),OOI Pioneer
ar61b,89,2021-11-11T10:00:48Z,UHDAS,start,"","",40.363414,-70.882857,Started after EK80 survey,OOI Pioneer
ar61b,104,2021-11-11T13:52:00Z,CTD911,deploy,IS,18,40.363591,-70.883011,CTD off deck,OOI Pioneer
ar61b,105,2021-11-11T14:03:00Z,CTD911,maxDepth,IS,18,40.363583,-70.883006,Max depth at 90 m,OOI Pioneer
ar61b,179,2021-11-11T14:27:00Z,Ring Net,deploy,LTER6,R18,40.363598,-70.883005,target depth 93m,OOI Pioneer
ar61b,106,2021-11-11T14:34:00Z,CTD911,recover,IS,18,40.3636,-70.882998,CTD on deck,OOI Pioneer
ar61b,180,2021-11-11T14:34:00Z,Ring Net,recover,LTER6,R18,40.3636,-70.882998,"",OOI Pioneer
ar61b,107,2021-11-11T15:00:09Z,Incubation C13,start,LTER6,18,40.367067,-70.880971,"",OOI Pioneer
ar61b,134,2021-11-11T21:41:00Z,Underway Science seawater diaphragm pump,TOI discrete,"","",40.363628,-70.874989,"",OOI Pioneer
ar61b,112,2021-11-11T21:53:19Z,Incubation C13,stop,LTER8,"",40.3633,-70.875105,"",OOI Pioneer
ar61b,113,2021-11-12T00:30:00Z,CTD911,deploy,LTER6,19,40.364322,-70.883495,Inshore site,OOI Pioneer
ar61b,114,2021-11-12T00:33:00Z,CTD911,maxDepth,LTER6,19,40.364322,-70.883501,max depth 88m,OOI Pioneer
ar61b,115,2021-11-12T00:50:38Z,CTD911,recover,LTER6,19,40.364348,-70.866786,"",OOI Pioneer
ar61b,135,2021-11-12T02:27:00Z,CTD911,deploy,LTERu6a,20,40.364039,-70.776266,"",OOI Pioneer
ar61b,136,2021-11-12T02:33:00Z,CTD911,maxDepth,LTERu6a,20,40.363956,-70.7763,max depth 89m,OOI Pioneer
ar61b,137,2021-11-12T02:46:00Z,CTD911,recover,LTERu6a,20,40.363772,-70.776426,"",OOI Pioneer
ar61b,138,2021-11-12T03:54:00Z,CTD911,deploy,LTERd6a,21,40.36256,-70.992937,"",OOI Pioneer
ar61b,139,2021-11-12T04:00:00Z,CTD911,maxDepth,LTERd6a,21,40.362564,-70.992946,max depth 88m,OOI Pioneer
ar61b,140,2021-11-12T04:05:00Z,CTD911,recover,LTERd6a,21,40.362561,-70.992938,"",OOI Pioneer
ar61b,146,2021-11-12T05:45:00Z,EK80 broadband,start,IS,"",40.363624,-70.888978,start in passive mode for 5min Ksync EK80 and adcp Turn off bridge fathometer speedlog knudsen,OOI Pioneer
ar61b,147,2021-11-12T06:44:22Z,IFCB continuous,start,"","",40.261333,-70.888356,IFCB102 typically discrete but started on underway trigger on both chl and ssc,OOI Pioneer
ar61b,148,2021-11-12T07:27:48Z,IFCB continuous,start,"","",40.187954,-70.885817,start discrete2 IFCB109 sampling from underway triggering on both chl and ssc,OOI Pioneer
ar61b,149,2021-11-12T07:28:24Z,Underway Science seawater diaphragm pump,other,"","",40.187087,-70.885773,lots of air in the lines,OOI Pioneer
ar61b,150,2021-11-12T07:37:43Z,EK80 broadband,stop,L7.5,"",40.173779,-70.88507,5min of passive on EK80 before stopping weather became too rough with too much acoustic noise,OOI Pioneer
ar61b,151,2021-11-12T07:37:46Z,EK80 broadband,stop,L7.5,"",40.173723,-70.885083,5min of passive on EK80 before stopping weather became too rough with too much acoustic noise,OOI Pioneer
ar61b,152,2021-11-12T07:40:29Z,ADCP300,start,"","",40.169904,-70.885204,"",OOI Pioneer
ar61b,153,2021-11-12T07:41:20Z,ADCP150,start,"","",40.168529,-70.885128,turned on broadband and independent pinging after ending EK80 survey due to rough weather,OOI Pioneer
ar61b,154,2021-11-12T13:02:25Z,CTD911,deploy,AS-1,22,40.206355,-71.029203,CTD off deck,OOI Pioneer
ar61b,155,2021-11-12T13:12:58Z,CTD911,maxDepth,AS-1,22,40.206534,-71.029082,Max depth at 124 m,OOI Pioneer
ar61b,156,2021-11-12T13:20:23Z,CTD911,recover,AS-1,22,40.206919,-71.028616,CTD on deck,OOI Pioneer
ar61b,157,2021-11-12T13:25:00Z,sonobuoy,deploy,AS-1,"",40.206958,-71.02849,"",OOI Pioneer
ar61b,158,2021-11-12T14:02:15Z,CTD911,deploy,AS-2,23,40.205483,-70.961667,CTD off the deck,OOI Pioneer
ar61b,159,2021-11-12T14:09:42Z,Incubation C13,stop,LTER6,"",40.205653,-70.961478,"",OOI Pioneer
ar61b,160,2021-11-12T14:11:34Z,CTD911,maxDepth,AS-2,23,40.205682,-70.961434,Max depth 124 m,OOI Pioneer
ar61b,161,2021-11-12T14:20:48Z,CTD911,recover,AS-2,23,40.205975,-70.96105,CTD on deck,OOI Pioneer
ar61b,162,2021-11-12T15:02:00Z,CTD911,deploy,AS-3,24,40.20561,-70.893456,CTD off deck,OOI Pioneer
ar61b,163,2021-11-12T15:12:29Z,CTD911,maxDepth,AS-3,24,40.205651,-70.893356,Max depth at 124 m,OOI Pioneer
ar61b,164,2021-11-12T15:21:20Z,CTD911,recover,AS-3,24,40.205797,-70.89323,CTD on deck,OOI Pioneer
ar61b,165,2021-11-12T15:26:00Z,sonobuoy,deploy,AS-3,"",40.20607,-70.892729,"",OOI Pioneer
ar61b,166,2021-11-12T15:59:24Z,CTD911,deploy,AS-4,25,40.206081,-70.825824,CTD off the deck,OOI Pioneer
ar61b,167,2021-11-12T16:08:57Z,CTD911,maxDepth,AS-4,25,40.206419,-70.825222,Max depth 124 m,OOI Pioneer
ar61b,168,2021-11-12T16:17:12Z,CTD911,recover,AS-4,25,40.206869,-70.824331,CTD on deck,OOI Pioneer
ar61b,169,2021-11-12T16:54:00Z,CTD911,deploy,AS-5,26,40.20571,-70.758429,CTD off deck,OOI Pioneer
ar61b,170,2021-11-12T17:02:00Z,CTD911,maxDepth,AS-5,26,40.206316,-70.757428,Max depth 121 m,OOI Pioneer
ar61b,171,2021-11-12T17:08:00Z,CTD911,recover,AS-5,26,40.206566,-70.757127,CTD on deck,OOI Pioneer
ar61b,172,2021-11-12T17:15:39Z,sonobuoy,deploy,AS-5,"",40.205829,-70.754074,"",OOI Pioneer
ar61b,173,2021-11-12T17:46:58Z,CTD911,deploy,AS-6,27,40.205007,-70.689579,CTD off the deck,OOI Pioneer
ar61b,174,2021-11-12T17:54:18Z,CTD911,maxDepth,AS-6,27,40.205176,-70.689029,Max depth 119 m,OOI Pioneer
ar61b,175,2021-11-12T18:00:00Z,CTD911,recover,AS-6,27,40.20541,-70.688587,CTD on deck,OOI Pioneer
ar61b,176,2021-11-12T18:43:01Z,CTD911,deploy,AS-7,28,40.204342,-70.622585,CTD off the deck,OOI Pioneer
ar61b,177,2021-11-12T18:51:18Z,CTD911,maxDepth,AS-7,28,40.204408,-70.622493,Max depth 117 m,OOI Pioneer
ar61b,178,2021-11-12T18:56:32Z,CTD911,recover,AS-7,28,40.204418,-70.622408,CTD on deck,OOI Pioneer
ar61b,183,2021-11-12T19:55:00Z,sonobuoy,deploy,"","",40.312016,-70.722273,4 nm SE of UI,OOI Pioneer
ar61b,187,2021-11-12T20:27:51Z,CTD911,deploy,UI,29,40.367449,-70.776806,CTD off deck,OOI Pioneer
ar61b,188,2021-11-12T20:35:18Z,CTD911,maxDepth,UI,29,40.367561,-70.776222,max depth 89m,OOI Pioneer
ar61b,236,2021-11-12T20:38:00Z,Underway Science seawater diaphragm pump,TOI discrete,"","",40.367514,-70.776261,"",OOI Pioneer
ar61b,237,2021-11-12T20:40:00Z,Underway Science seawater diaphragm pump,TOI discrete,"","",40.367592,-70.776178,main lab pre-debubbler,OOI Pioneer
ar61b,238,2021-11-12T20:41:00Z,Underway Science seawater diaphragm pump,TOI discrete,"","",40.367545,-70.77613,main lab pre-debubbler,OOI Pioneer
ar61b,239,2021-11-12T20:44:00Z,Underway Science seawater diaphragm pump,TOI discrete,"","",40.367615,-70.776058,wet lab pre-debubbler,OOI Pioneer
ar61b,240,2021-11-12T20:46:00Z,Underway Science seawater diaphragm pump,TOI discrete,"","",40.367576,-70.776086,wet lab pre-debubbler,OOI Pioneer
ar61b,189,2021-11-12T20:48:33Z,CTD911,recover,UI,29,40.367544,-70.776272,CTD on deck,OOI Pioneer
ar61b,192,2021-11-12T21:40:04Z,Attune Flow Cytometer,stop,"","",40.362961,-70.778951,lots of air in the lines trouble keeping attune sampling actual water Run extended deep clean and wait until underway supply better,OOI Pioneer
ar61b,190,2021-11-13T00:16:00Z,Underway Science seawater diaphragm pump,other,"","",40.240218,-70.739182,Problem with pump Shut down briefly to troubleshoot Rough weather causing lots of air in system,OOI Pioneer
ar61b,193,2021-11-13T01:29:22Z,Attune Flow Cytometer,start,"","",40.178041,-70.74106,restart sampling after thorough deep clean and flow restored to science seawater main line tap,OOI Pioneer
ar61b,204,2021-11-13T02:02:00Z,IFCB continuous,other,"","",40.146422,-70.740374,switch IFCB102 to trigger on CHL only,OOI Pioneer
ar61b,194,2021-11-13T07:50:00Z,Underway Science seawater diaphragm pump,other,"","",NaN,NaN,oxygen discrete,OOI Pioneer
ar61b,196,2021-11-13T13:11:07Z,PCO2,start,"","",39.941111,-70.766289,2nd attempt at restart after emergency stop in crap weather on 20211112 at 1015 UTC  intervening attemp to turn on system only lasted 1.5 hrs from 1411 to 1540 UTC on 12 Nov,OOI Pioneer
ar61b,197,2021-11-13T13:21:22Z,Underway Science seawater diaphragm pump,other,"","",39.939297,-70.764425,pump had a hard time keeping good flow during weather event.  sssg sampling indicated aerated erratic flow from 11/12/21 at 0600 to 11/13/21 at 0200 with the worst being 11/12/21 21:30 UTC to 11/13/21 00:30 UTC,OOI Pioneer
ar61b,203,2021-11-13T16:00:00Z,SUNAV2,other,"","",39.939157,-70.881126,stop and start over 1.5 hr IFCB109 to troubleshoot bad flow,OOI Pioneer
ar61b,201,2021-11-13T18:41:02Z,Underway Science seawater diaphragm pump,TOI discrete,"","",39.917531,-70.850475,"",OOI Pioneer
ar61b,205,2021-11-14T01:56:54Z,CTD911,deploy,LTERu9a,30,40.09586,-70.773137,"",OOI Pioneer
ar61b,206,2021-11-14T02:05:38Z,CTD911,maxDepth,LTERu9a,30,40.095279,-70.773109,max depth 129m,OOI Pioneer
ar61b,207,2021-11-14T02:08:00Z,Underway Science seawater diaphragm pump,TOI discrete,LTERu9a,"",40.095018,-70.773033,sfc niskin comparison u9a,OOI Pioneer
ar61b,208,2021-11-14T02:11:00Z,CTD911,recover,LTERu9a,30,40.094822,-70.773092,"",OOI Pioneer
ar61b,211,2021-11-14T05:07:37Z,CTD911,deploy,LTERd9a,31,40.098094,-70.991737,"",OOI Pioneer
ar61b,212,2021-11-14T05:12:00Z,CTD911,maxDepth,LTERd9a,31,40.097687,-70.991736,max depth 157m,OOI Pioneer
ar61b,213,2021-11-14T16:10:00Z,PCO2,start,"","",40.2288,-70.88763,restarted after emergency abort earlier in bad weather.  Drip sensor activated at 0409 UTC 20211114 (today),OOI Pioneer
ar61b,214,2021-11-14T17:27:55Z,CTD911,deploy,CI,32,40.227081,-70.883001,CTD off the deck; PMCI-00015 in the water,OOI Pioneer
ar61b,215,2021-11-14T17:36:51Z,CTD911,maxDepth,CI,32,40.227071,-70.88304,Max depth 122 m,OOI Pioneer
ar61b,230,2021-11-14T17:59:00Z,Underway Science seawater diaphragm pump,TOI discrete,LTER7,"",40.227076,-70.883046,sfc niskin comparison L7,OOI Pioneer
ar61b,216,2021-11-14T18:00:46Z,CTD911,recover,CI,32,40.227061,-70.883016,CTD on deck,OOI Pioneer
ar61b,217,2021-11-14T19:10:36Z,ADCP150,start,"","",40.22874,-70.88451,Ksync survey,OOI Pioneer
ar61b,218,2021-11-14T19:11:00Z,EK80 broadband,start,"","",40.228762,-70.88452,5 minutes passive beginning of survey,OOI Pioneer
ar61b,219,2021-11-14T19:38:19Z,EK80 broadband,start,"","",40.230209,-70.88519,Switched passive to active,OOI Pioneer
ar61b,220,2021-11-14T20:29:00Z,CTD911,deploy,LTER6.5,33,40.295455,-70.883374,"",OOI Pioneer
ar61b,222,2021-11-14T20:32:00Z,CTD911,maxDepth,LTER6.5,33,40.295513,-70.883416,max depth 105m,OOI Pioneer
ar61b,221,2021-11-14T20:46:00Z,CTD911,recover,LTER6.5,33,40.296311,-70.88418,"",OOI Pioneer
ar61b,223,2021-11-14T21:31:03Z,CTD911,deploy,LTER6,34,40.362457,-70.883688,"",OOI Pioneer
ar61b,226,2021-11-14T21:33:00Z,CTD911,maxDepth,LTER6,34,40.362379,-70.883639,max depth 89m,OOI Pioneer
ar61b,227,2021-11-14T21:40:00Z,CTD911,recover,LTER6,34,40.362129,-70.883477,"",OOI Pioneer
ar61b,224,2021-11-14T23:14:03Z,CTD911,deploy,LTER5,35,40.512979,-70.884261,"",OOI Pioneer
ar61b,228,2021-11-14T23:15:00Z,CTD911,maxDepth,LTER5,35,40.512961,-70.884236,max depth 68m,OOI Pioneer
ar61b,229,2021-11-14T23:23:00Z,CTD911,recover,LTER5,35,40.5127,-70.884036,"",OOI Pioneer
ar61b,225,2021-11-14T23:30:14Z,sonobuoy,deploy,"","",40.514049,-70.884825,"",OOI Pioneer
ar61b,231,2021-11-15T01:11:28Z,CTD911,deploy,L4,36,40.69702,-70.882498,"",OOI Pioneer
ar61b,232,2021-11-15T01:13:00Z,CTD911,maxDepth,L4,36,40.696985,-70.882478,max depth 57m,OOI Pioneer
ar61b,233,2021-11-15T01:16:00Z,CTD911,recover,L4,36,40.696925,-70.8824,"",OOI Pioneer
ar61b,234,2021-11-15T01:16:00Z,Underway Science seawater diaphragm pump,TOI discrete,LTER4,"",40.696925,-70.8824,sfc niskin comparison L4,OOI Pioneer
ar61b,243,2021-11-15T02:55:19Z,CTD911,deploy,LTER03,37,40.863761,-70.884062,"",OOI Pioneer
ar61b,244,2021-11-15T02:56:07Z,CTD911,maxDepth,LTER03,37,40.863765,-70.88407,max depth 47m,OOI Pioneer
ar61b,245,2021-11-15T03:04:22Z,CTD911,recover,LTER3,37,40.863764,-70.884056,"",OOI Pioneer
ar61b,246,2021-11-15T04:34:39Z,CTD911,deploy,LTER2,38,41.028545,-70.883132,"",OOI Pioneer
ar61b,248,2021-11-15T04:36:00Z,CTD911,maxDepth,LTER2,38,41.028474,-70.883069,max depth 38m,OOI Pioneer
ar61b,249,2021-11-15T04:39:00Z,Underway Science seawater diaphragm pump,TOI discrete,LTER2,"",41.028357,-70.882958,sfc niskin comparison,OOI Pioneer
ar61b,250,2021-11-15T04:41:00Z,Underway Science seawater diaphragm pump,TOI discrete,LTER2,"",41.028239,-70.882852,sfc niskin comparison,OOI Pioneer
ar61b,247,2021-11-15T04:45:15Z,CTD911,recover,LTER2,38,41.028034,-70.882664,"",OOI Pioneer
ar61b,251,2021-11-15T05:59:14Z,CTD911,deploy,LTER1,39,41.197354,-70.883732,"",OOI Pioneer
ar61b,252,2021-11-15T06:12:46Z,EK80 broadband,stop,"","",41.20745,-70.886435,End of passive mode for ek80/adcp survey,OOI Pioneer
ar61b,253,2021-11-15T11:53:19Z,PCO2,stop,"","",41.460377,-70.73346,stop for end cruise,OOI Pioneer
ar61b,254,2021-11-15T12:00:14Z,Underway Science seawater,stop,"","",41.460346,-70.733594,"",OOI Pioneer
ar61b,255,2021-11-15T12:37:59Z,Valeport SVS,recover,"","",41.523575,-70.672584,"",OOI Pioneer
ar61b,256,2021-11-15T12:45:20Z,Ship,endCruise,"","",41.523932,-70.672162,"",OOI Pioneer
ar63,1,2021-11-26T12:05:08Z,Transmissometer 25cm,other,"","",41.524017,-70.672281,pre-cruise cal,JP Student
ar63,2,2021-11-26T13:01:45Z,Ship,startCruise,"","",41.523325,-70.672882,"",JP Student
ar63,3,2021-11-26T13:31:38Z,SVS,start,"","",41.457655,-70.741321,lowered,JP Student
ar63,4,2021-11-26T13:32:57Z,Underway Science seawater,start,"","",41.455122,-70.746494,aft diaphragm pump,JP Student
ar63,5,2021-11-26T13:40:00Z,PCO2,start,"","",41.443595,-70.775047,"",JP Student
ar63,6,2021-11-26T14:03:00Z,Attune Flow Cytometer,start,"","",41.401296,-70.859431,Attune flow cytometer,JP Student
ar63,7,2021-11-26T14:27:12Z,IFCB continuous,start,"","",41.341652,-70.912088,"",JP Student
ar63,8,2021-11-26T14:32:36Z,ADCP150,start,"","",41.325504,-70.910671,started  - kesync with EK80,JP Student
ar63,9,2021-11-26T14:33:08Z,EK80 broadband,start,"","",41.324103,-70.910549,ksync with OS150 adcp,JP Student
ar63,10,2021-11-26T16:14:10Z,IFCB continuous,stop,"","",41.045004,-70.884137,IFCB115 falure; switched to 109 as underway,JP Student
ar63,11,2021-11-26T16:14:55Z,IFCB continuous,start,"","",41.042922,-70.88391,started IFCB109 as underway continuous,JP Student
ar63,12,2021-11-26T17:08:00Z,Attune Flow Cytometer,stop,"","",41.029204,-70.883507,Attune stopped after 50; students watching CTD deployment demo then will run another,JP Student
ar63,13,2021-11-26T17:21:00Z,Attune Flow Cytometer,start,"","",41.029199,-70.883498,manually started experiment number 2 on Attune; hopeful that #3 starts automatically,JP Student
ar63,14,2021-11-26T17:28:23Z,CTD911,deploy,LTER2,001,41.02921,-70.883499,"",JP Student
ar63,15,2021-11-26T17:40:00Z,CTD911,recover,LTER2,001,41.029207,-70.883501,"",JP Student
ar63,17,2021-11-26T18:03:00Z,Bongo Net,deploy,LTER2,001,41.029127,-70.884557,"",JP Student
ar63,16,2021-11-26T18:12:53Z,Bongo Net,recover,LTER2,001,41.028732,-70.889551,"",JP Student
ar63,18,2021-11-26T22:04:11Z,CTD911,deploy,LTER5,002,40.513395,-70.882228,"",JP Student
ar63,19,2021-11-26T22:17:00Z,CTD911,recover,L5,002,40.512504,-70.882465,"",JP Student
ar63,21,2021-11-26T23:05:43Z,EK80 broadband,other,"","",40.480103,-70.891921,swapped from simultaneous pinging to sequential pinging since data is marginal in building weather - still ksynced,JP Student
ar63,22,2021-11-26T23:41:24Z,PCO2,abort,"","",40.384769,-70.883007,emergency stop when drip sensor activated at 22:40,JP Student
ar63,23,2021-11-27T01:50:00Z,CTD911,deploy,L9,003,40.095135,-70.883299,"",JP Student
ar63,24,2021-11-27T02:05:41Z,CTD911,recover,L9,003,40.093757,-70.883945,"",JP Student
ar63,25,2021-11-27T02:42:59Z,EK80 broadband,stop,"","",40.092234,-70.886275,kept pinging stopped recording - crap data and we've called science for the night - not really moving.,JP Student
ar63,26,2021-11-27T11:15:25Z,EK80 broadband,start,"","",40.051147,-71.106224,started recording again,JP Student
ar63,27,2021-11-27T11:36:41Z,Knudsen 3260,stop,"","",40.029464,-71.045334,as bottom got deeper and pusle width longer - started to interfere with the EK80 so secured 12kHz,JP Student
ar63,28,2021-11-27T11:52:22Z,EK80 broadband,other,"","",40.010441,-70.990953,for shelf break data bridge agreed to shut off fathometer and speedlog - this happened now,JP Student
ar63,29,2021-11-27T11:54:33Z,EK80 broadband,start,"","",40.007833,-70.983484,swapped back to simultaneous ping for acoustic survey,JP Student
ar63,30,2021-11-27T11:54:36Z,EK80 broadband,start,"","",40.007776,-70.983297,swapped back to simultaneous ping for acoustic survey,JP Student
ar63,31,2021-11-27T13:26:35Z,EK80 broadband,other,"","",39.879065,-70.703705,turned at 1320 - data considerably influenced by weather/waves again.,JP Student
ar63,32,2021-11-27T14:26:14Z,EK80 broadband,other,"","",39.805699,-70.826532,switched to sequential pinging,JP Student
ar63,33,2021-11-27T14:29:47Z,EK80 broadband,other,"","",39.801586,-70.834035,bridge instrumentation (speedlog) and knudsen resumed,JP Student
ar63,34,2021-11-27T15:11:10Z,CTD911,deploy,LTER11,004,39.771278,-70.883527,"",JP Student
ar63,35,2021-11-27T16:31:41Z,CTD911,recover,LTER11,004,39.765404,-70.885752,"",JP Student
ar63,36,2021-11-27T17:55:27Z,CTD911,deploy,S01,005,39.738272,-70.883588,btm depth 1780 m,JP Student
ar63,37,2021-11-27T18:43:26Z,PCO2,start,"","",39.735497,-70.880745,started again for grins -- see if it will hold,JP Student
ar63,38,2021-11-27T19:50:45Z,CTD911,recover,S01,005,39.70629,-70.882724,late log,JP Student
ar63,39,2021-11-27T20:53:12Z,CTD911,deploy,S02,006,39.706125,-70.883151,"",JP Student
ar63,40,2021-11-27T21:45:29Z,Fluorometer,service,"","",39.701502,-70.879515,noticed it was growing and stopped flow to water wall sensors for a few minutes to clean fluorometer,JP Student
ar63,41,2021-11-27T22:05:13Z,CTD911,recover,S02,006,39.699968,-70.879768,"",JP Student
ar63,42,2021-11-27T23:12:05Z,EK80 broadband,start,"","",39.801558,-70.882893,swapped back to simultaneous ping for acoustic survey asked bridge to shut off speedlog,JP Student
ar63,43,2021-11-28T00:09:00Z,MK21 XBT launcher,start,"","",39.960251,-70.883174,"",JP Student
ar63,44,2021-11-28T01:18:22Z,MK21 XBT launcher,start,"","",40.162597,-70.884492,"",JP Student
ar63,45,2021-11-28T01:39:19Z,EK80 broadband,other,"","",40.220688,-70.883582,bridge turned speedlog back on,JP Student
ar63,46,2021-11-28T02:01:11Z,CTD911,deploy,LTER7,007,40.225618,-70.884501,"",JP Student
ar63,47,2021-11-28T02:16:00Z,CTD911,recover,LTER7,007,40.225113,-70.884922,"",JP Student
ar63,48,2021-11-28T02:20:13Z,Bongo Net,deploy,LTER7,007,40.225701,-70.886537,"",JP Student
ar63,49,2021-11-28T02:36:51Z,Bongo Net,recover,LTER7,007,40.22898,-70.89664,"",JP Student
ar63,50,2021-11-28T04:15:40Z,MK21 XBT launcher,start,"","",40.446258,-70.882897,"",JP Student
ar63,51,2021-11-28T06:09:29Z,CTD911,deploy,L4,8,40.69647,-70.883096,bottom depth 64 m,JP Student
ar63,54,2021-11-28T06:19:00Z,Bongo Net,deploy,LTER4,008,40.696569,-70.88303,5 min at surface while ship came up to speed,JP Student
ar63,53,2021-11-28T06:34:00Z,Bongo Net,recover,LTER4,008,40.696341,-70.884847,dolphins and gulls wire angle 25 @bottom,JP Student
ar63,52,2021-11-28T06:54:14Z,CTD911,recover,L4,8,40.708075,-70.888945,"",JP Student
ar63,55,2021-11-28T12:28:01Z,PCO2,stop,"","",41.470078,-70.737477,end cruise and running standards,JP Student
ar63,56,2021-11-28T12:28:16Z,EK80 broadband,stop,"","",41.470078,-70.737477,"",JP Student
ar63,57,2021-11-28T12:28:30Z,ADCP150,stop,"","",41.470081,-70.737474,"",JP Student
ar63,58,2021-11-28T12:59:56Z,HZG radar,stop,"","",41.469735,-70.737476,secured for arrival,JP Student
ar63,59,2021-11-28T13:13:51Z,IFCB continuous,stop,"","",41.469832,-70.737112,"",JP Student
ar63,60,2021-11-28T13:14:44Z,Underway Science seawater,stop,"","",41.46983,-70.73711,secured for arrival,JP Student
ar63,61,2021-11-28T13:15:05Z,Knudsen 3260,stop,"","",41.469831,-70.737107,"",JP Student
ar63,62,2021-11-28T13:19:27Z,Attune Flow Cytometer,stop,"","",41.46984,-70.737109,stopped and started helmanax standard clean,JP Student
ar63,63,2021-11-28T13:52:10Z,Transmissometer 25cm,other,"","",41.469831,-70.737092,post cruise calibration,JP Student
ar63,64,2021-11-28T14:40:56Z,SVS,stop,"","",41.492463,-70.67566,raise Valeport; close valve,JP Student
ar63,65,2021-11-28T14:57:52Z,Ship,endCruise,"","",41.523638,-70.672682,"",JP Student
at46,1,2022-02-10T18:35:38Z,Ek80 mini,other,"","",41.523402,-70.671809,test new inttrument,NESLTER
at46,79,2022-02-16T06:46:21Z,SUNAV2,onCTD,"","",41.523398,-70.671805,"",NESLTER
at46,1,2022-02-16T14:30:48Z,Ship,startCruise,"","",41.493007,-70.680232,gangway removed,NESLTER
at46,4,2022-02-16T16:23:00Z,EK80 broadband,start,"","",41.401727,-70.858578,start recording EK80s,NESLTER
at46,2,2022-02-16T16:27:39Z,Underway Science seawater diaphragm pump,start,"","",41.393671,-70.87628,Sci seawater diaphragm pump turned on by Robbie after leaving the WHOI dock,NESLTER
at46,8,2022-02-16T16:30:00Z,Echosounder12,stop,"","",41.38958,-70.885297,Turned off to minimize noise on EK80,NESLTER
at46,66,2022-02-16T17:05:00Z,Underway Science seawater diaphragm pump,chl discrete,"","",41.280254,-70.89362,"",NESLTER
at46,5,2022-02-16T17:09:26Z,Attune Flow Cytometer,start,"","",41.265394,-70.891474,"",NESLTER
at46,137,2022-02-16T17:09:30Z,EIMS,start,"","",41.265113,-70.891438,started up EIMS in underway water,NESLTER
at46,6,2022-02-16T17:18:29Z,IFCB continuous,start,"","",41.234648,-70.887151,"",NESLTER
at46,9,2022-02-16T17:25:00Z,Other,end,"","",41.212527,-70.883902,Request to bridge to minimize noise: turn OFF during transit/ON at station,NESLTER
at46,10,2022-02-16T17:36:00Z,EK80 broadband,other,"","",41.194427,-70.882791,Switch from sequential to simultaneous pingning,NESLTER
at46,11,2022-02-16T18:18:27Z,CTD911,deploy,L1,1,41.19715,-70.883589,"",NESLTER
at46,12,2022-02-16T19:15:11Z,Incubation C13,start,L1,1,41.196402,-70.883317,"",NESLTER
at46,16,2022-02-16T19:20:21Z,Incubation Grazing,start,L1,1,41.194625,-70.882761,"",NESLTER
at46,13,2022-02-16T19:21:00Z,Bongo Net,deploy,L1,B01,41.194213,-70.882731,"",NESLTER
at46,14,2022-02-16T19:25:00Z,Bongo Net,recover,L1,B01,41.192158,-70.882125,"",NESLTER
at46,22,2022-02-16T19:30:00Z,Bongo Net,other,L1,B01,41.188753,-70.881182,PlanktonScope (from 20um plankton net),NESLTER
at46,75,2022-02-16T20:25:00Z,Underway Science seawater diaphragm pump,TOI discrete,"","",41.049399,-70.883956,"",NESLTER
at46,76,2022-02-16T20:28:00Z,Underway Science seawater diaphragm pump,TOI discrete,"","",41.042145,-70.884374,"",NESLTER
at46,57,2022-02-16T20:34:08Z,EK80 broadband,other,"","",41.036674,-70.884222,Furuno fathometer OFF to reduce noise on EK80,NESLTER
at46,77,2022-02-16T21:18:00Z,Underway Science seawater diaphragm pump,TOI discrete,"","",41.012464,-70.88375,"",NESLTER
at46,78,2022-02-16T21:20:00Z,Underway Science seawater diaphragm pump,TOI discrete,"","",41.010391,-70.883789,"",NESLTER
at46,17,2022-02-16T21:20:00Z,Sting Ray,deploy towed,L2,"",41.010391,-70.883789,Tow 1,NESLTER
at46,56,2022-02-16T21:21:18Z,EK80 broadband,other,"","",41.009104,-70.883834,turn off ADCP power to reduce noise on EK80,NESLTER
at46,108,2022-02-16T21:41:00Z,Underway Science seawater diaphragm pump,DO discrete,"","",40.989173,-70.884304,"",NESLTER
at46,109,2022-02-16T21:50:00Z,Underway Science seawater diaphragm pump,DO discrete,"","",40.979053,-70.88453,"",NESLTER
at46,110,2022-02-16T21:59:00Z,Underway Science seawater diaphragm pump,DO discrete,"","",40.968216,-70.884651,"",NESLTER
at46,55,2022-02-16T22:34:16Z,EK80 broadband,stop,"","",40.925726,-70.885548,EK80 stop working unexpectedly,NESLTER
at46,67,2022-02-16T23:00:00Z,Underway Science seawater diaphragm pump,chl discrete,"","",40.895001,-70.885247,"",NESLTER
at46,36,2022-02-16T23:00:00Z,ADCP75,start,"","",40.895001,-70.885247,time is approximate,NESLTER
at46,37,2022-02-16T23:00:00Z,ADCP300,start,"","",40.895001,-70.885247,time is approximate,NESLTER
at46,93,2022-02-16T23:17:00Z,Underway Science seawater diaphragm pump,TOI discrete,"","",40.875822,-70.884418,"",NESLTER
at46,94,2022-02-16T23:19:00Z,Underway Science seawater diaphragm pump,TOI discrete,"","",40.873793,-70.884307,"",NESLTER
at46,49,2022-02-16T23:35:09Z,ADCP75,start,"","",40.855985,-70.883515,start ADCP,NESLTER
at46,50,2022-02-16T23:35:44Z,ADCP300,start,"","",40.855459,-70.883493,start ADCP,NESLTER
at46,51,2022-02-16T23:36:22Z,EK80 broadband,stop,"","",40.854916,-70.883468,stopped unexpectedly,NESLTER
at46,53,2022-02-16T23:42:20Z,EK80 broadband,start,"","",40.848448,-70.88319,restart EK80 software using a new eithernet cable,NESLTER
at46,48,2022-02-17T00:05:37Z,EK80 broadband,other,"","",40.822094,-70.882548,Change max recodring range to 150m,NESLTER
at46,46,2022-02-17T00:09:36Z,EK80 broadband,stop,"","",40.817835,-70.882412,stopped working due to ethernet switch died,NESLTER
at46,47,2022-02-17T00:14:48Z,EK80 broadband,start,"","",40.812162,-70.882153,restarting EK80 with new eithernet switch,NESLTER
at46,80,2022-02-17T00:30:00Z,SUNAV2,sync time,"","",40.794248,-70.881274,2sec slow; first time sync of cruise; forgot,NESLTER
at46,18,2022-02-17T02:24:00Z,Sting Ray,recover,L4,"",40.696219,-70.882054,Tow 1,NESLTER
at46,19,2022-02-17T02:24:49Z,CTD911,deploy,L4,2,40.696233,-70.882041,"",NESLTER
at46,95,2022-02-17T02:46:00Z,Underway Science seawater diaphragm pump,TOI discrete,"","",40.697372,-70.881309,"",NESLTER
at46,96,2022-02-17T02:47:00Z,Underway Science seawater diaphragm pump,TOI discrete,"","",40.697375,-70.881276,"",NESLTER
at46,23,2022-02-17T03:12:00Z,Bongo Net,deploy,L4,B2,40.696641,-70.879305,Hit the bottom,NESLTER
at46,21,2022-02-17T03:20:00Z,Incubation Grazing,start,L4,2,40.695425,-70.877059,"",NESLTER
at46,20,2022-02-17T03:24:00Z,Incubation C13,start,L4,2,40.694174,-70.875801,"",NESLTER
at46,24,2022-02-17T03:24:00Z,Bongo Net,recover,L4,B2,40.694174,-70.875801,"",NESLTER
at46,124,2022-02-17T04:50:00Z,Underway Science seawater diaphragm pump,TOI discrete,"","",40.541776,-70.883139,"",NESLTER
at46,125,2022-02-17T04:52:00Z,Underway Science seawater diaphragm pump,TOI discrete,"","",40.53795,-70.88335,"",NESLTER
at46,134,2022-02-17T05:19:00Z,CTD911,deploy,L5,3,40.514396,-70.882225,"",NESLTER
at46,25,2022-02-17T06:10:00Z,Bongo Net,deploy,L5,B3,40.511398,-70.878749,"",NESLTER
at46,68,2022-02-17T06:15:00Z,Underway Science seawater diaphragm pump,chl discrete,"","",40.509559,-70.877171,"",NESLTER
at46,26,2022-02-17T06:23:00Z,Bongo Net,recover,L5,B3,40.506314,-70.874638,"",NESLTER
at46,27,2022-02-17T10:14:36Z,CTD911,deploy,L13,4,40.366508,-70.776471,"",NESLTER
at46,98,2022-02-17T11:32:00Z,Underway Science seawater diaphragm pump,TOI discrete,"","",40.363195,-70.942325,"",NESLTER
at46,97,2022-02-17T11:34:00Z,Underway Science seawater diaphragm pump,TOI discrete,"","",40.363138,-70.951228,"",NESLTER
at46,69,2022-02-17T11:35:00Z,Underway Science seawater diaphragm pump,chl discrete,"","",40.363099,-70.955704,"",NESLTER
at46,28,2022-02-17T11:54:25Z,CTD911,deploy,d6a,5,40.363798,-70.991745,"",NESLTER
at46,29,2022-02-17T13:03:00Z,CTD911,deploy,L6,6,40.363429,-70.881545,"",NESLTER
at46,30,2022-02-17T13:54:00Z,Bongo Net,deploy,L6,B6,40.35721,-70.879894,samples labeled as B4,NESLTER
at46,31,2022-02-17T13:54:54Z,Incubation C13,start,L6,6,40.356781,-70.879719,"",NESLTER
at46,32,2022-02-17T14:15:00Z,Bongo Net,recover,L6,B6,40.354294,-70.881337,samples labeled as B4; elog submitted after bongo secure,NESLTER
at46,33,2022-02-17T14:30:26Z,Incubation Grazing,start,L6,6,40.359002,-70.88289,"",NESLTER
at46,45,2022-02-17T15:36:13Z,EK80 broadband,other,"","",40.299858,-70.878979,change max recording range = 200m,NESLTER
at46,70,2022-02-17T16:08:00Z,Underway Science seawater diaphragm pump,chl discrete,"","",40.262118,-70.880348,"",NESLTER
at46,34,2022-02-17T16:10:44Z,Sting Ray,deploy towed,L6,"",40.259044,-70.880657,Tow 2,NESLTER
at46,65,2022-02-17T16:30:00Z,Bongo Net,other,L4,B6,40.235925,-70.882356,PlanktonScope (from 20um plankton net),NESLTER
at46,99,2022-02-17T16:54:00Z,Underway Science seawater diaphragm pump,TOI discrete,"","",40.20832,-70.881452,"",NESLTER
at46,101,2022-02-17T16:56:00Z,Underway Science seawater diaphragm pump,TOI discrete,"","",40.206062,-70.88138,"",NESLTER
at46,111,2022-02-17T17:19:00Z,Underway Science seawater diaphragm pump,DO discrete,"","",40.178781,-70.882227,"",NESLTER
at46,112,2022-02-17T17:20:00Z,Underway Science seawater diaphragm pump,DO discrete,"","",40.177602,-70.882297,"",NESLTER
at46,113,2022-02-17T17:22:00Z,Underway Science seawater diaphragm pump,DO discrete,"","",40.175158,-70.882206,"",NESLTER
at46,102,2022-02-17T18:28:00Z,Underway Science seawater diaphragm pump,TOI discrete,"","",40.132828,-70.811082,"",NESLTER
at46,103,2022-02-17T18:30:00Z,Underway Science seawater diaphragm pump,TOI discrete,"","",40.129457,-70.806314,"",NESLTER
at46,38,2022-02-17T18:32:14Z,Sting Ray,recover,L8,"",40.125586,-70.800824,Tow 2 (Navy ops within Pioneer Array; required recovery and diverted ship track),NESLTER
at46,44,2022-02-17T18:33:55Z,EK80 broadband,other,"","",40.122501,-70.796491,Change max recording range to 1000m; ping rate = every 2sec,NESLTER
at46,104,2022-02-17T18:55:00Z,Underway Science seawater diaphragm pump,TOI discrete,"","",40.086068,-70.747295,"",NESLTER
at46,105,2022-02-17T18:57:00Z,Underway Science seawater diaphragm pump,TOI discrete,"","",40.081456,-70.745722,"",NESLTER
at46,39,2022-02-17T19:00:00Z,Incubation C13,stop,L1,1,40.07595,-70.740547,"",NESLTER
at46,40,2022-02-17T19:38:05Z,Incubation Grazing,stop,L1,1,39.986168,-70.729741,"",NESLTER
at46,106,2022-02-17T19:57:00Z,Underway Science seawater diaphragm pump,TOI discrete,"","",39.932288,-70.747563,"",NESLTER
at46,107,2022-02-17T19:58:00Z,Underway Science seawater diaphragm pump,TOI discrete,"","",39.929559,-70.749752,"",NESLTER
at46,41,2022-02-17T21:15:46Z,CTD911,deploy,L11,7,39.773053,-70.883313,"",NESLTER
at46,71,2022-02-17T21:30:00Z,Underway Science seawater diaphragm pump,chl discrete,"","",39.772953,-70.882188,"",NESLTER
at46,43,2022-02-17T22:07:43Z,EK80 broadband,stop,"","",39.772621,-70.880617,Stop recording due to no space in the disk,NESLTER
at46,52,2022-02-17T22:43:00Z,Bongo Net,deploy,L11,B7,39.77104,-70.876575,"",NESLTER
at46,42,2022-02-17T23:09:34Z,Incubation C13,start,L11,7,39.764999,-70.863451,"",NESLTER
at46,54,2022-02-17T23:14:00Z,Bongo Net,recover,L11,B7,39.763926,-70.860976,"",NESLTER
at46,58,2022-02-17T23:41:39Z,Sting Ray,deploy towed,L11,"",39.781995,-70.883065,Tow 3,NESLTER
at46,59,2022-02-17T23:53:25Z,Incubation Grazing,start,L11,7,39.796942,-70.883609,"",NESLTER
at46,60,2022-02-17T23:59:16Z,EK80 broadband,start,"","",39.804661,-70.884198,restart EK80 with new hard drive space available: max range=1300m; ping every 3sec,NESLTER
at46,184,2022-02-18T00:29:00Z,EK80 broadband,other,"","",39.845251,-70.88648,change range to 1000m; ping rate = every 2sec,NESLTER
at46,72,2022-02-18T01:10:00Z,Underway Science seawater diaphragm pump,chl discrete,"","",39.902215,-70.884038,"",NESLTER
at46,61,2022-02-18T02:56:22Z,Incubation C13,stop,L4,2,40.051564,-70.880009,"",NESLTER
at46,62,2022-02-18T03:29:49Z,Incubation Grazing,stop,L4,2,40.097288,-70.878141,"",NESLTER
at46,64,2022-02-18T04:00:00Z,Sting Ray,recover,L9,"",40.090929,-70.871609,Tow 3,NESLTER
at46,63,2022-02-18T04:18:00Z,CTD911,deploy,L9,8,40.090844,-70.870567,"",NESLTER
at46,73,2022-02-18T05:13:00Z,Underway Science seawater diaphragm pump,chl discrete,"","",40.081677,-70.867762,"",NESLTER
at46,186,2022-02-18T07:14:12Z,EK80 broadband,other,"","",39.952024,-70.882696,change power at 200khz from 120W to 150W for testing,NESLTER
at46,74,2022-02-18T07:39:00Z,CTD911,deploy,L10,9,39.951812,-70.880491,brief stop at 42m on way down due to radio miscommunication w winch,NESLTER
at46,114,2022-02-18T09:14:00Z,Underway Science seawater diaphragm pump,DO discrete,"","",39.950685,-70.87077,"",NESLTER
at46,115,2022-02-18T09:15:00Z,Underway Science seawater diaphragm pump,DO discrete,"","",39.95074,-70.870653,"",NESLTER
at46,116,2022-02-18T09:17:00Z,Underway Science seawater diaphragm pump,DO discrete,"","",39.950663,-70.870374,"",NESLTER
at46,163,2022-02-18T10:20:00Z,Underway Science seawater diaphragm pump,chl discrete,"","",40.029013,-70.879004,"",NESLTER
at46,81,2022-02-18T14:23:29Z,Underway Science seawater diaphragm pump,FCM discrete,"",UW1,40.067411,-70.857538,"",NESLTER
at46,82,2022-02-18T14:29:04Z,Incubation C13,stop,L6,6,40.066152,-70.856193,"",NESLTER
at46,84,2022-02-18T15:45:00Z,Incubation Grazing,stop,L6,6,40.060155,-70.83546,"",NESLTER
at46,83,2022-02-18T17:10:32Z,Underway Science seawater diaphragm pump,FCM discrete,"",UW2,40.0452,-70.764123,run on both attune and ifcb,NESLTER
at46,89,2022-02-18T17:30:00Z,Incubation Grazing,stop,L11,7,40.037922,-70.745712,"",NESLTER
at46,164,2022-02-18T17:30:00Z,Underway Science seawater diaphragm pump,chl discrete,"","",40.037922,-70.745712,"",NESLTER
at46,90,2022-02-18T18:15:00Z,Incubation C13,stop,L11,7,40.092584,-70.74857,"",NESLTER
at46,85,2022-02-18T19:56:53Z,CTD911,deploy,u9a,10,40.0973,-70.773698,"",NESLTER
at46,185,2022-02-18T20:45:40Z,EK80 broadband,other,"","",40.101002,-70.777075,change max range 200m; ping rate = every 1s; bottom detection OFF,NESLTER
at46,86,2022-02-18T22:42:00Z,CTD911,deploy,d9a,11,40.098098,-70.994044,"",NESLTER
at46,165,2022-02-18T23:55:00Z,Underway Science seawater diaphragm pump,chl discrete,"","",40.096911,-70.886268,"",NESLTER
at46,149,2022-02-19T00:00:00Z,Incubation Grazing,start,L3,16,40.862729,-70.884893,"",NESLTER
at46,87,2022-02-19T00:09:56Z,CTD911,deploy,L9,12,40.095395,-70.886171,"",NESLTER
at46,148,2022-02-19T00:15:00Z,Incubation C13,start,L3,16,40.09387,-70.887249,"",NESLTER
at46,117,2022-02-19T00:43:00Z,Underway Science seawater diaphragm pump,TOI discrete,"","",40.09025,-70.894859,"",NESLTER
at46,118,2022-02-19T00:44:00Z,Underway Science seawater diaphragm pump,DO discrete,"","",40.090277,-70.895155,"",NESLTER
at46,91,2022-02-19T00:45:00Z,Bongo Net,deploy,L9,B12,40.090247,-70.89551,"",NESLTER
at46,92,2022-02-19T01:06:00Z,Bongo Net,recover,L9,B12,40.089521,-70.911851,"",NESLTER
at46,120,2022-02-19T02:16:00Z,Bongo Net,deploy,L8,B13,40.136878,-70.782766,Forgot TDR; depth estimated with wire angle,NESLTER
at46,121,2022-02-19T02:34:00Z,Bongo Net,recover,L8,B13,40.136933,-70.794505,"",NESLTER
at46,119,2022-02-19T03:11:20Z,CTD911,deploy,L8,13,40.135494,-70.78034,"",NESLTER
at46,126,2022-02-19T03:40:00Z,Underway Science seawater diaphragm pump,TOI discrete,"","",40.133271,-70.783275,"",NESLTER
at46,127,2022-02-19T03:41:00Z,Underway Science seawater diaphragm pump,TOI discrete,"","",40.133086,-70.783467,"",NESLTER
at46,122,2022-02-19T04:20:32Z,Incubation Grazing,start,L8,13,40.148882,-70.791085,"",NESLTER
at46,123,2022-02-19T04:20:49Z,Incubation C13,start,L8,13,40.149011,-70.791232,"",NESLTER
at46,135,2022-02-19T05:44:00Z,CTD911,deploy,L7,14,40.225041,-70.885342,"",NESLTER
at46,128,2022-02-19T06:36:00Z,Bongo Net,deploy,L7,B14,40.223584,-70.892616,"",NESLTER
at46,129,2022-02-19T06:54:00Z,Bongo Net,recover,L7,B14,40.225079,-70.907131,150 net ripped off and 20 net cod end ripped off at surface. 335 sample OK. Recovery time approximate,NESLTER
at46,166,2022-02-19T07:15:00Z,Underway Science seawater diaphragm pump,chl discrete,"","",40.22123,-70.91251,"",NESLTER
at46,187,2022-02-19T07:21:42Z,EK80 broadband,other,"","",40.22189,-70.904893,change power at 200khz back to 120W,NESLTER
at46,190,2022-02-19T07:24:23Z,ADCP300,stop,"","",40.221682,-70.897719,stop ADCP for EK80 passive test,NESLTER
at46,189,2022-02-19T07:24:36Z,ADCP75,stop,"","",40.221678,-70.897004,stop ADCP for EK80 passive test,NESLTER
at46,188,2022-02-19T07:24:49Z,EK80 broadband,stop,"","",40.221654,-70.896287,stop EK80 for passive data collection,NESLTER
at46,191,2022-02-19T07:25:57Z,EK80 broadband,start,"","",40.221425,-70.892647,start EK80 passive test,NESLTER
at46,192,2022-02-19T07:46:54Z,EK80 broadband,start,"","",40.176208,-70.883191,start EK80 active mode,NESLTER
at46,193,2022-02-19T07:46:54Z,EK80 broadband,start,"","",40.176208,-70.883191,start EK80 active mode,NESLTER
at46,195,2022-02-19T07:47:23Z,ADCP300,start,"","",40.175576,-70.883158,start ADCP,NESLTER
at46,194,2022-02-19T07:47:42Z,ADCP75,start,"","",40.174318,-70.883167,start ADCP,NESLTER
at46,196,2022-02-19T08:32:14Z,EK80 broadband,stop,"","",40.096989,-70.883236,stop EK80 for Mini/AZFP deployment,NESLTER
at46,198,2022-02-19T08:32:39Z,ADCP300,stop,"","",40.096985,-70.883163,stop ADCP for Mini/AZFP deployment,NESLTER
at46,197,2022-02-19T08:32:58Z,ADCP75,stop,"","",40.097007,-70.88315,stop ADCP for Mini/AZFP deployment,NESLTER
at46,200,2022-02-19T08:52:30Z,ASL AZFP,deploy,L9,"",40.097596,-70.883324,AZFP deployed at 10m depth,NESLTER
at46,199,2022-02-19T08:52:34Z,EK80 broadband,start,"","",40.097596,-70.883324,testing along with AZFP,NESLTER
at46,167,2022-02-19T09:16:00Z,Underway Science seawater diaphragm pump,chl discrete,"","",40.097757,-70.882776,"",NESLTER
at46,201,2022-02-19T10:30:15Z,ASL AZFP,recover,L9,"",40.0978,-70.882496,AZFP recovered,NESLTER
at46,202,2022-02-19T11:10:00Z,Ek80 mini,deploy,L9,"",40.098378,-70.881801,EK80 Mini deployed,NESLTER
at46,203,2022-02-19T13:30:30Z,Ek80 mini,recover,L9,"",40.098756,-70.880248,EK80 mini recovered,NESLTER
at46,130,2022-02-19T13:49:52Z,Sting Ray,deploy towed,L9,"",40.108248,-70.878353,Tow 4,NESLTER
at46,204,2022-02-19T14:15:14Z,EK80 broadband,start,"","",40.137464,-70.878352,start EK80 in active mode,NESLTER
at46,206,2022-02-19T14:15:32Z,ADCP300,start,"","",40.137821,-70.878393,start ADCP,NESLTER
at46,205,2022-02-19T14:15:59Z,ADCP75,start,"","",40.138549,-70.878489,start ADCP,NESLTER
at46,133,2022-02-19T14:46:00Z,SUNAV2,sync time,"","",40.18062,-70.88377,2 sec slow,NESLTER
at46,168,2022-02-19T15:49:00Z,Underway Science seawater diaphragm pump,chl discrete,"","",40.272055,-70.883999,"",NESLTER
at46,138,2022-02-19T18:33:01Z,Underway Science seawater diaphragm pump,TOI discrete,"","",40.515796,-70.872059,underway sample,NESLTER
at46,139,2022-02-19T18:35:40Z,Underway Science seawater diaphragm pump,TOI discrete,"","",40.519715,-70.871876,underway sample dup,NESLTER
at46,136,2022-02-19T18:37:13Z,Other,start,"","",40.521783,-70.871775,test entry to check on time.   Update on the entry later on.   further update number 3,NESLTER
at46,140,2022-02-19T18:37:13Z,Other,start,"","",40.521855,-70.87177,test for entering an old time.   oops  forgtot to fix this entry.   3rd change. 4th change,NESLTER
at46,169,2022-02-19T20:00:00Z,Underway Science seawater diaphragm pump,chl discrete,"","",40.632306,-70.879865,"",NESLTER
at46,141,2022-02-19T20:55:00Z,Underway Science seawater diaphragm pump,IFCB discrete,"",UW3,40.698278,-70.878433,run on both 102 and 115 taken at 19Feb2022 2055,NESLTER
at46,142,2022-02-19T21:08:57Z,Attune Flow Cytometer,stop,L4,"",40.703067,-70.87581,stop for maintenance,NESLTER
at46,143,2022-02-19T21:17:29Z,Sting Ray,recover,L4,"",40.69717,-70.88129,Tow 4,NESLTER
at46,144,2022-02-19T21:25:24Z,CTD911,deploy,L4,15,40.696792,-70.881538,"",NESLTER
at46,145,2022-02-19T21:59:12Z,Incubation C13,start,L4,15,40.695671,-70.881386,"",NESLTER
at46,146,2022-02-19T22:03:27Z,Attune Flow Cytometer,start,"","",40.696688,-70.882071,restarted underway sampling,NESLTER
at46,147,2022-02-19T23:27:43Z,CTD911,deploy,L3,16,40.860981,-70.881106,"",NESLTER
at46,150,2022-02-20T01:01:00Z,CTD911,deploy,L2,17,41.02578,-70.88215,"",NESLTER
at46,170,2022-02-20T01:14:00Z,Underway Science seawater diaphragm pump,chl discrete,"","",41.026836,-70.884032,"",NESLTER
at46,154,2022-02-20T01:25:00Z,Underway Science seawater diaphragm pump,TOI discrete,"","",41.026834,-70.885933,"",NESLTER
at46,155,2022-02-20T01:26:00Z,Underway Science seawater diaphragm pump,TOI discrete,"","",41.02664,-70.885801,"",NESLTER
at46,151,2022-02-20T01:53:56Z,Incubation Grazing,start,L2,17,41.028095,-70.825065,"",NESLTER
at46,152,2022-02-20T01:54:22Z,Incubation C13,start,L2,17,41.028061,-70.823538,"",NESLTER
at46,156,2022-02-20T02:45:00Z,Underway Science seawater diaphragm pump,TOI discrete,"","",41.028368,-70.664249,"",NESLTER
at46,157,2022-02-20T02:46:00Z,Underway Science seawater diaphragm pump,TOI discrete,"","",41.028352,-70.664873,"",NESLTER
at46,153,2022-02-20T04:05:10Z,Incubation C13,stop,L8,13,41.030687,-70.77128,"",NESLTER
at46,160,2022-02-20T04:45:00Z,Incubation Grazing,stop,L8,13,41.029977,-70.808814,"",NESLTER
at46,183,2022-02-20T05:50:00Z,Underway Science seawater diaphragm pump,TOI discrete,"","",41.029946,-70.876014,"",NESLTER
at46,182,2022-02-20T07:22:00Z,Underway Science seawater diaphragm pump,TOI discrete,"","",41.02997,-70.992012,"",NESLTER
at46,181,2022-02-20T07:28:00Z,Underway Science seawater diaphragm pump,TOI discrete,"","",41.029855,-71.000096,"",NESLTER
at46,171,2022-02-20T07:45:00Z,Underway Science seawater diaphragm pump,chl discrete,"","",41.029911,-71.025219,"",NESLTER
at46,180,2022-02-20T08:28:00Z,Underway Science seawater diaphragm pump,TOI discrete,"","",41.029117,-71.10068,"",NESLTER
at46,179,2022-02-20T08:29:00Z,Underway Science seawater diaphragm pump,TOI discrete,"","",41.029102,-71.102654,"",NESLTER
at46,217,2022-02-20T09:46:00Z,Underway Science seawater diaphragm pump,DO discrete,"","",41.027585,-70.879121,"",NESLTER
at46,218,2022-02-20T09:48:00Z,Underway Science seawater diaphragm pump,DO discrete,"","",41.024616,-70.881385,"",NESLTER
at46,219,2022-02-20T09:52:00Z,Underway Science seawater diaphragm pump,DO discrete,"","",41.017617,-70.884088,"",NESLTER
at46,220,2022-02-20T10:11:00Z,Underway Science seawater diaphragm pump,DO discrete,"","",40.969728,-70.883017,"",NESLTER
at46,221,2022-02-20T10:14:00Z,Underway Science seawater diaphragm pump,DO discrete,"","",40.961813,-70.882848,"",NESLTER
at46,222,2022-02-20T10:16:00Z,Underway Science seawater diaphragm pump,DO discrete,"","",40.956508,-70.882751,"",NESLTER
at46,158,2022-02-20T10:44:34Z,Underway Science seawater diaphragm pump,FCM discrete,"",UW4,40.881811,-70.882884,took fcm discrete and ifcb discrete,NESLTER
at46,159,2022-02-20T12:46:00Z,CTD911,deploy,u4a,18,40.696777,-70.773242,bad oxygen data because froze and damaged on deck during extreme cold extended soak at 10m before cast,NESLTER
at46,172,2022-02-20T13:15:00Z,Underway Science seawater diaphragm pump,chl discrete,"","",40.695123,-70.774927,"",NESLTER
at46,162,2022-02-20T13:39:00Z,Attune Flow Cytometer,other,u4a,18,40.696338,-70.831212,underway sampling briefly paused to run CTD N1 N3 discrete,NESLTER
at46,258,2022-02-20T14:48:00Z,CTD911,deploy,d4a,19,40.696407,-70.993217,newly replaced oxygen sensor extended soak at 10m prior to cast due to pumps etc being empty on deck to deal with extreme cold,NESLTER
at46,173,2022-02-20T15:56:00Z,Attune Flow Cytometer,other,d4a,19,40.695625,-70.88287,underway sampling briefly paused to run CTD discretes N1 N2 N4 N6,NESLTER
at46,174,2022-02-20T16:06:29Z,CTD911,deploy,L4,20,40.695671,-70.883365,"",NESLTER
at46,236,2022-02-20T16:33:00Z,Underway Science seawater diaphragm pump,TOI discrete,"","",40.69515,-70.8885,"",NESLTER
at46,178,2022-02-20T16:33:00Z,Underway Science seawater diaphragm pump,TOI discrete,"","",40.69515,-70.8885,"",NESLTER
at46,237,2022-02-20T16:34:00Z,Underway Science seawater diaphragm pump,TOI discrete,"","",40.695152,-70.888678,"",NESLTER
at46,177,2022-02-20T16:34:00Z,Underway Science seawater diaphragm pump,TOI discrete,"","",40.695152,-70.888678,underway sample taken,NESLTER
at46,175,2022-02-20T17:01:00Z,Attune Flow Cytometer,other,L4,20,40.675551,-70.883069,underway sampling briefly paused to run CTD discretes N1 N2 N4 N6,NESLTER
at46,176,2022-02-20T17:54:58Z,Sting Ray,deploy towed,L5,"",40.559416,-70.882595,Tow 6,NESLTER
at46,207,2022-02-20T18:33:37Z,EK80 broadband,stop,"","",40.606684,-70.883563,stop EK80 for passive data collection,NESLTER
at46,209,2022-02-20T18:34:17Z,ADCP75,stop,"","",40.607783,-70.883558,stop ADCP for EK80 passive test,NESLTER
at46,210,2022-02-20T18:34:17Z,ADCP300,stop,"","",40.607783,-70.883558,stop ADCP for EK80 passive test,NESLTER
at46,208,2022-02-20T18:34:35Z,EK80 broadband,start,"","",40.608146,-70.88356,start EK80 passive test,NESLTER
at46,211,2022-02-20T18:45:27Z,EK80 broadband,stop,"","",40.624162,-70.883411,stop EK80 passive test,NESLTER
at46,212,2022-02-20T18:49:08Z,EK80 broadband,start,"","",40.629398,-70.883498,start EK80 active mode: 70khz frequency range sets for 55-90khz,NESLTER
at46,214,2022-02-20T18:54:23Z,EK80 broadband,start,"","",40.637252,-70.88355,change 70khz freq range back to 45-90khz (original setting),NESLTER
at46,213,2022-02-20T18:54:23Z,EK80 broadband,start,"","",40.637252,-70.88355,change 70khz freq range back to 45-90khz (original setting),NESLTER
at46,216,2022-02-20T18:57:02Z,ADCP300,start,"","",40.64131,-70.88355,start ADCP,NESLTER
at46,215,2022-02-20T18:57:26Z,ADCP75,start,"","",40.64205,-70.883528,start ADCP,NESLTER
at46,223,2022-02-20T19:30:00Z,Underway Science seawater diaphragm pump,chl discrete,"","",40.68986,-70.883664,"",NESLTER
at46,226,2022-02-20T20:55:00Z,Underway Science seawater diaphragm pump,TOI discrete,"","",40.817007,-70.883573,"",NESLTER
at46,227,2022-02-20T20:57:00Z,Underway Science seawater diaphragm pump,TOI discrete,"","",40.820026,-70.883612,"",NESLTER
at46,228,2022-02-20T21:27:00Z,Underway Science seawater diaphragm pump,TOI discrete,"","",40.865512,-70.883619,"",NESLTER
at46,229,2022-02-20T21:30:00Z,Underway Science seawater diaphragm pump,TOI discrete,"","",40.870044,-70.883493,"",NESLTER
at46,224,2022-02-20T21:47:27Z,Incubation C13,stop,L4,"",40.897015,-70.883621,"",NESLTER
at46,230,2022-02-20T22:04:00Z,Underway Science seawater diaphragm pump,TOI discrete,"","",40.923147,-70.883886,"",NESLTER
at46,231,2022-02-20T22:07:00Z,Underway Science seawater diaphragm pump,TOI discrete,"","",40.928003,-70.883966,"",NESLTER
at46,225,2022-02-20T23:36:26Z,Sting Ray,recover,L2,"",41.032259,-70.882603,Tow 5,NESLTER
at46,238,2022-02-20T23:49:00Z,CTD911,deploy,L2,21,41.029844,-70.88172,"",NESLTER
at46,239,2022-02-20T23:57:29Z,Incubation C13,stop,L3,16,41.02917,-70.881191,"",NESLTER
at46,240,2022-02-21T00:22:24Z,Incubation Grazing,stop,L3,16,41.026813,-70.879433,"",NESLTER
at46,241,2022-02-21T00:27:00Z,Bongo Net,deploy,L2,B21,41.025493,-70.8798,Tied ends of 150um and 20um; cod end on 335um,NESLTER
at46,242,2022-02-21T00:33:00Z,Bongo Net,recover,L2,B21,41.023304,-70.881068,"",NESLTER
at46,243,2022-02-21T01:35:46Z,Incubation C13,stop,L2,17,40.91364,-70.882588,"",NESLTER
at46,244,2022-02-21T02:09:00Z,Bongo Net,deploy,L3,B22,40.86427,-70.88262,"",NESLTER
at46,245,2022-02-21T02:19:00Z,Bongo Net,recover,L3,B22,40.860957,-70.883165,"",NESLTER
at46,246,2022-02-21T02:31:59Z,CTD911,deploy,L3,22,40.860655,-70.881762,"",NESLTER
at46,247,2022-02-21T02:32:48Z,Incubation Grazing,stop,L2,17,40.860546,-70.881824,"",NESLTER
at46,253,2022-02-21T03:25:51Z,ASL AZFP,deploy,L3,"",40.860346,-70.88319,deploy AZFP,NESLTER
at46,252,2022-02-21T03:27:21Z,ADCP300,stop,"","",40.860314,-70.88321,stop ADCP,NESLTER
at46,251,2022-02-21T03:27:46Z,ADCP75,stop,"","",40.860348,-70.883178,stop ADCP,NESLTER
at46,250,2022-02-21T03:27:53Z,EK80 broadband,stop,"","",40.860348,-70.883178,stop ek80,NESLTER
at46,248,2022-02-21T04:33:01Z,Underway Science seawater diaphragm pump,chl discrete,"","",40.857693,-70.879633,"",NESLTER
at46,249,2022-02-21T06:30:00Z,Underway Science seawater diaphragm pump,IFCB discrete,"",UW5,40.856908,-70.878729,"",NESLTER
at46,254,2022-02-21T07:34:22Z,ASL AZFP,recover,L3,"",40.855485,-70.877517,recovered AZFP,NESLTER
at46,255,2022-02-21T07:55:07Z,EK80 broadband,start,"","",40.859608,-70.883027,"",NESLTER
at46,256,2022-02-21T07:55:35Z,ADCP75,start,"","",40.86057,-70.883071,"",NESLTER
at46,257,2022-02-21T07:55:35Z,ADCP300,start,"","",40.86057,-70.883071,"",NESLTER
at46,265,2022-02-21T09:03:00Z,Underway Science seawater diaphragm pump,TOI discrete,"","",41.032386,-70.884055,"",NESLTER
at46,264,2022-02-21T09:21:00Z,Underway Science seawater diaphragm pump,TOI discrete,"","",41.09062,-70.884379,"",NESLTER
at46,262,2022-02-21T09:22:00Z,Underway Science seawater diaphragm pump,TOI discrete,"","",41.093884,-70.884426,"",NESLTER
at46,261,2022-02-21T09:54:00Z,Underway Science seawater diaphragm pump,TOI discrete,"","",41.196828,-70.883566,"",NESLTER
at46,259,2022-02-21T09:55:00Z,Underway Science seawater diaphragm pump,TOI discrete,"","",41.199984,-70.883408,"",NESLTER
at46,275,2022-02-21T11:38:46Z,CTD911,deploy,MVCO,23,41.323755,-70.563096,"",NESLTER
at46,260,2022-02-21T12:00:00Z,Bongo Net,deploy,MVCO,B23,41.323923,-70.563878,"",NESLTER
at46,263,2022-02-21T12:04:00Z,Bongo Net,recover,MVCO,B23,41.322302,-70.564898,"",NESLTER
at46,273,2022-02-21T13:44:44Z,Attune Flow Cytometer,other,"",C23,41.207736,-70.887712,underway sampling briefly paused to run CTD N2 N3 N7 discrete,NESLTER
at46,283,2022-02-21T14:02:35Z,SUNAV2,offCTD,"","",41.265029,-70.895349,SUNA removed from CTD package,NESLTER
at46,276,2022-02-21T14:06:22Z,Attune Flow Cytometer,stop,"","",41.275191,-70.899318,"",NESLTER
at46,277,2022-02-21T14:07:05Z,IFCB continuous,stop,"","",41.277408,-70.89996,"",NESLTER
at46,278,2022-02-21T14:24:51Z,SUNAV2,sync time,"","",41.325568,-70.901563,0 sec off,NESLTER
at46,279,2022-02-21T14:54:03Z,EK80 broadband,stop,"","",41.39335,-70.876519,"",NESLTER
at46,280,2022-02-21T15:00:10Z,ADCP75,stop,"","",41.402501,-70.856985,Stop Recording and End Cruise AT46 for UHDAS ADCP 75 KHz and 300 KHz after last station and transiting to WHOI dock. Current location si West of Martha's Vineyard.,NESLTER
at46,281,2022-02-21T15:01:56Z,ADCP300,stop,"","",41.404567,-70.85234,Stop Recording and End Cruise AT46 for UHDAS ADCP 75 KHz and 300 KHz after last station and transiting to WHOI dock. Current location si West of Martha's Vineyard.,NESLTER
at46,282,2022-02-21T15:02:23Z,UHDAS,stop,"","",41.405003,-70.851324,Stop Recording and End Cruise AT46 for UHDAS ADCP 75 KHz and 300 KHz after last station and transiting to WHOI dock. Current location si West of Martha's Vineyard.,NESLTER
at46,284,2022-02-21T17:11:06Z,Underway Science seawater diaphragm pump,stop,"","",41.48003,-70.69442,Shut off pump.  End of trip.,NESLTER
at46,285,2022-02-21T18:51:56Z,Ship,endCruise,"","",41.523406,-70.671794,Lines over at WHOI dock.,NESLTER
en685,1,2022-07-13T13:58:59Z,Ship,startCruise,"","",41.61195,-71.405267,Pull gangway; start cruise,NESLTER
en685,2,2022-07-13T13:59:41Z,Echosounder12,start,"","",41.61195,-71.405283,"",NESLTER
en685,3,2022-07-13T14:02:38Z,Fluorometers on underway impeller,other,"","",41.6118,-71.405167,Clean fluorometer prior to starting flowthrough,NESLTER
en685,4,2022-07-13T14:56:06Z,Underway Science seawater diaphragm pump,start,"","",41.484817,-71.40775,Start diaphragm pump for flush prior to starting instruments,NESLTER
en685,5,2022-07-13T15:30:19Z,ADCP300,start,"","",41.407983,-71.359233,"",NESLTER
en685,8,2022-07-13T15:35:09Z,Underway Science seawater impeller,start,"","",41.398617,-71.344867,"",NESLTER
en685,6,2022-07-13T15:40:56Z,ADCP75,start,"","",41.388267,-71.3285,"",NESLTER
en685,7,2022-07-13T15:41:06Z,UHDAS for both ADCPs,start,"","",41.388,-71.327983,"",NESLTER
en685,9,2022-07-13T15:54:42Z,Thermosalinographs on underway impeller,start,"","",41.367733,-71.28415,"",NESLTER
en685,10,2022-07-13T15:55:02Z,Fluorometers on underway impeller,start,"","",NaN,NaN,"",NESLTER
en685,11,2022-07-13T16:48:21Z,IFCB continuous,start,"","",41.298583,-71.10715,"",NESLTER
en685,12,2022-07-13T16:49:00Z,EIMS,start,"","",41.297567,-71.105033,"",NESLTER
en685,13,2022-07-13T17:57:50Z,Attune Flow Cytometer,start,"","",41.201117,-70.881167,"",NESLTER
en685,14,2022-07-13T18:23:33Z,CTD911,deploy,L1,001,41.193183,-70.880117,"",NESLTER
en685,15,2022-07-13T18:43:17Z,CTD911,recover,L1,001,41.190133,-70.88225,"",NESLTER
en685,30,2022-07-13T19:54:00Z,Underway Science seawater diaphragm pump,TOI discrete,L2,"",41.030667,-70.881433,"",NESLTER
en685,16,2022-07-13T20:48:06Z,Ring Net,deploy,"",R01,40.961683,-70.879583,test 1-m 200-um,NESLTER
en685,31,2022-07-13T23:30:00Z,Underway Science seawater diaphragm pump,TOI discrete,L5,"",40.564183,-70.877517,"",NESLTER
en685,32,2022-07-14T01:36:00Z,Underway Science seawater diaphragm pump,TOI discrete,L7,"",40.22755,-70.878183,"",NESLTER
en685,17,2022-07-14T02:38:14Z,CTD911,deploy,L9,002,40.095883,-70.88575,CTD pre Ring Net deployment,NESLTER
en685,18,2022-07-14T03:10:03Z,CTD911,recover,L9,002,40.095333,-70.881267,"",NESLTER
en685,19,2022-07-14T03:12:06Z,Ring Net,deploy,L09,R02,40.0945,-70.88055,1-m 200-um abundance,NESLTER
en685,20,2022-07-14T03:25:08Z,Ring Net,recover,L09,R02,40.0893,-70.878467,first ringnet for abundance,NESLTER
en685,21,2022-07-14T03:38:13Z,CTD911,deploy,L9,003,40.095,-70.887083,TCE 1 Night,NESLTER
en685,22,2022-07-14T04:02:32Z,CTD911,recover,L9,003,40.096267,-70.885083,TCE 1 Night,NESLTER
en685,23,2022-07-14T04:33:01Z,Ring Net,deploy,L09,R03,40.101317,-70.8831,1-m 200-um live,NESLTER
en685,24,2022-07-14T04:43:37Z,Ring Net,deploy,L09,R04,40.102233,-70.87925,1-m 200-um live,NESLTER
en685,25,2022-07-14T05:07:10Z,Lagragian Drifter,deploy,L9,"",40.10355,-70.87295,"",NESLTER
en685,71,2022-07-14T06:00:00Z,Incubation Mixotrophy,start,L9,003,39.96715,-70.890533,"",NESLTER
en685,33,2022-07-14T06:11:00Z,Underway Science seawater diaphragm pump,TOI discrete,L11,"",39.9355,-70.892717,"",NESLTER
en685,26,2022-07-14T06:58:15Z,Incubation Grazing,start,L9,003,39.8024,-70.886833,"",NESLTER
en685,27,2022-07-14T07:39:37Z,CTD911,deploy,L11,004,39.771667,-70.886433,"",NESLTER
en685,28,2022-07-14T07:40:34Z,Incubation Respiration O2,start,L9,004,39.771733,-70.886367,TCE 1 Night,NESLTER
en685,29,2022-07-14T08:20:37Z,CTD911,recover,L11,004,39.7749,-70.883967,"",NESLTER
en685,72,2022-07-14T08:30:00Z,Incubation Mixotrophy,stop,L9,003,39.777883,-70.8822,"",NESLTER
en685,83,2022-07-14T08:30:00Z,CTD911,recover,L5,006,39.777883,-70.8822,"",NESLTER
en685,82,2022-07-14T08:30:00Z,CTD911,recover,L5,006,39.777883,-70.8822,"",NESLTER
en685,34,2022-07-14T08:46:00Z,Thermosalinographs on underway impeller,stop,"","",39.812183,-70.883817,stop data acquisition to troubleshoot scan length errors.  file name was 13July2022a.hex,NESLTER
en685,36,2022-07-14T09:00:00Z,Thermosalinographs on underway impeller,start,"","",39.8504,-70.885567,Restart data acquisition; no more scan length errors.  file 13July2022b.hex,NESLTER
en685,35,2022-07-14T09:05:59Z,Fluorometers on underway impeller,stop,"","",39.86775,-70.886117,stop data acquisition to troubleshoot scan length errors. file name was 13July2022a.hex,NESLTER
en685,37,2022-07-14T09:08:16Z,Fluorometers on underway impeller,start,"","",39.87395,-70.886333,Restart data acquisition; no more scan length errors. file 13July2022b.hex,NESLTER
en685,38,2022-07-14T09:30:00Z,Fluorometers on underway impeller,other,"","",39.934167,-70.887383,Stop flow for 10 minutes to wetstar fluorometer to clean,NESLTER
en685,39,2022-07-14T09:30:00Z,Thermosalinographs on underway impeller,other,"","",39.934167,-70.887383,Stop flow for 10 minutes to SBE45 to clean fluorometers,NESLTER
en685,182,2022-07-14T09:32:00Z,Underway Science seawater diaphragm pump,TOI discrete,L10,"",39.93975,-70.887783,"",NESLTER
en685,64,2022-07-14T12:02:00Z,Underway Science seawater diaphragm pump,TOI discrete,L6,"",40.36625,-70.87805,"",NESLTER
en685,40,2022-07-14T14:17:31Z,Lagragian Drifter,recover,"",L9,40.08915,-70.919083,drifter partially recovered,NESLTER
en685,86,2022-07-14T14:30:00Z,CTD911,recover,L9,005,40.096733,-70.895833,"",NESLTER
en685,84,2022-07-14T14:30:00Z,CTD911,recover,L9,005,40.096733,-70.895833,"",NESLTER
en685,85,2022-07-14T14:30:00Z,CTD911,recover,L5,005,40.096733,-70.895833,"",NESLTER
en685,87,2022-07-14T14:30:00Z,CTD911,recover,L5,005,40.096733,-70.895833,"",NESLTER
en685,41,2022-07-14T14:36:15Z,Ring Net,deploy,L09,R05,40.0961,-70.8929,1-m 200-um abundance,NESLTER
en685,42,2022-07-14T14:51:08Z,Ring Net,recover,L9,R06,40.094517,-70.88675,"",NESLTER
en685,43,2022-07-14T14:57:32Z,CTD911,deploy,L9,"",40.094983,-70.886683,TCE 1 Day,NESLTER
en685,44,2022-07-14T15:30:31Z,CTD911,recover,L9,005,40.0974,-70.88595,"",NESLTER
en685,45,2022-07-14T16:09:34Z,Ring Net,deploy,L09,R06,40.09335,-70.890117,1-m 200-um live,NESLTER
en685,65,2022-07-14T16:34:00Z,Underway Science seawater diaphragm pump,TOI discrete,L9,"",40.099283,-70.885717,"",NESLTER
en685,46,2022-07-14T16:42:01Z,Ring Net,deploy,L09,R07,40.097867,-70.8855,1-m 200-um live,NESLTER
en685,47,2022-07-14T16:50:44Z,Ring Net,deploy,L09,R08,40.095733,-70.884933,1-m 200-um live,NESLTER
en685,73,2022-07-14T17:00:00Z,Incubation Mixotrophy,start,L9,"",40.09365,-70.88485,"",NESLTER
en685,48,2022-07-14T17:01:47Z,Ring Net,deploy,L09,R09,40.093117,-70.884867,1-m 200-um live,NESLTER
en685,49,2022-07-14T17:52:53Z,Incubation Grazing,start,L9,005,40.1855,-70.8878,"",NESLTER
en685,74,2022-07-14T18:30:00Z,Incubation Mixotrophy,stop,L9,"",40.2953,-70.88635,"",NESLTER
en685,50,2022-07-14T19:57:12Z,CTD911,deploy,L5,006,40.512033,-70.881217,"",NESLTER
en685,51,2022-07-14T20:13:06Z,CTD911,abort,L5,006,40.513483,-70.880183,"",NESLTER
en685,52,2022-07-14T20:19:56Z,CTD911,deploy,L5,007,40.514117,-70.879783,"",NESLTER
en685,53,2022-07-14T20:22:05Z,CTD911,abort,L5,006,40.514283,-70.87965,"",NESLTER
en685,54,2022-07-14T20:30:15Z,CTD911,deploy,L5,007,40.514933,-70.879117,"",NESLTER
en685,55,2022-07-14T20:41:38Z,CTD911,recover,L5,006,40.515667,-70.878533,"",NESLTER
en685,66,2022-07-14T23:08:00Z,Underway Science seawater diaphragm pump,TOI discrete,L4,"",40.692633,-70.879033,"",NESLTER
en685,67,2022-07-15T00:02:00Z,Underway Science seawater diaphragm pump,TOI discrete,L3,"",40.853217,-70.883517,"",NESLTER
en685,56,2022-07-15T02:05:43Z,Ring Net,deploy,L02,R10,41.023783,-70.8819,1-m 200-um abundance,NESLTER
en685,57,2022-07-15T02:35:55Z,CTD911,deploy,L2,008,41.028933,-70.882617,"",NESLTER
en685,68,2022-07-15T02:52:00Z,Underway Science seawater diaphragm pump,TOI discrete,L2,"",41.026917,-70.8783,"",NESLTER
en685,69,2022-07-15T02:55:00Z,Underway Science seawater diaphragm pump,TOI discrete,L2,"",41.0265,-70.877433,"",NESLTER
en685,58,2022-07-15T03:03:06Z,CTD911,recover,L2,008,41.0264,-70.874833,"",NESLTER
en685,59,2022-07-15T03:41:07Z,Ring Net,deploy,L02,R11,41.024217,-70.881233,1-m 500-um live,NESLTER
en685,60,2022-07-15T03:56:03Z,Lagragian Drifter,deploy,L2,"",41.019467,-70.879017,"",NESLTER
en685,61,2022-07-15T03:57:13Z,Incubation Mixotrophy,start,L2,008,41.019267,-70.878783,"",NESLTER
en685,75,2022-07-15T04:00:00Z,Incubation Mixotrophy,start,L2,"",41.018917,-70.87825,"",NESLTER
en685,62,2022-07-15T04:01:57Z,Lagragian Drifter,recover,L2,008,41.018717,-70.877833,"",NESLTER
en685,63,2022-07-15T04:02:30Z,Lagragian Drifter,deploy,L2,008,41.01865,-70.877717,"",NESLTER
en685,70,2022-07-15T04:20:16Z,Incubation Grazing,start,L2,"",41.04435,-70.876383,TCE 2 Night L2 with mesozoops,NESLTER
en685,76,2022-07-15T05:05:39Z,Incubation Respiration O2,start,L2,008,41.149083,-70.887333,TCE-2-Night,NESLTER
en685,77,2022-07-15T05:09:15Z,Incubation Respiration O2,stop,L9,004,41.13875,-70.885417,TCE-1-Night,NESLTER
en685,78,2022-07-15T05:37:46Z,Incubation Mesozooplankton Grazing,stop,L9,002,41.056783,-70.8931,"",NESLTER
en685,79,2022-07-15T06:29:59Z,Lagragian Drifter,recover,L2,"",41.007033,-70.861433,requested pickup of drifter,NESLTER
en685,80,2022-07-15T06:31:14Z,Incubation Mixotrophy,stop,L2,"",41.009417,-70.8604,"",NESLTER
en685,81,2022-07-15T07:07:33Z,Incubation Grazing,stop,L9,003,40.921067,-70.880317,TCE-1-Night,NESLTER
en685,201,2022-07-15T07:37:00Z,Underway Science seawater impeller,chl discrete,"","",40.839467,-70.889833,"",NESLTER
en685,202,2022-07-15T08:55:00Z,Underway Science seawater diaphragm pump,chl discrete,"","",40.636017,-70.929667,"",NESLTER
en685,203,2022-07-15T08:55:00Z,Underway Science seawater impeller,chl discrete,"","",40.636017,-70.929667,"",NESLTER
en685,89,2022-07-15T10:37:34Z,Underway Science seawater diaphragm pump,TOI discrete,L5,"",40.548083,-70.88645,"",NESLTER
en685,90,2022-07-15T14:06:45Z,Ring Net,deploy,L02,R12,41.032433,-70.889717,1-m 200-um abundance,NESLTER
en685,91,2022-07-15T14:27:29Z,CTD911,deploy,L2,009,41.034283,-70.893817,TCE-2-Day,NESLTER
en685,92,2022-07-15T14:34:51Z,CTD911,abort,L2,009,41.034483,-70.895133,"",NESLTER
en685,97,2022-07-15T14:42:00Z,Underway Science seawater diaphragm pump,TOI discrete,L2,"",41.035483,-70.894683,"",NESLTER
en685,96,2022-07-15T14:42:00Z,Underway Science seawater diaphragm pump,TOI discrete,L2,"",41.035483,-70.894683,"",NESLTER
en685,93,2022-07-15T14:45:21Z,CTD911,deploy,L2,010,41.033683,-70.893333,"",NESLTER
en685,94,2022-07-15T15:01:45Z,CTD911,recover,L2,0010,41.035,-70.89565,TCE-2-Day,NESLTER
en685,95,2022-07-15T15:50:32Z,Incubation Mixotrophy,start,L2,"",41.02965,-70.880983,"",NESLTER
en685,98,2022-07-15T16:07:52Z,Ring Net,deploy,L02,R13,41.030567,-70.88475,1-m 500-um live,NESLTER
en685,99,2022-07-15T16:38:16Z,Incubation Grazing,start,L2,010,41.012567,-70.887067,"",NESLTER
en685,100,2022-07-15T16:52:59Z,Incubation Mesozooplankton Grazing,stop,L9,"",40.98815,-70.885417,"",NESLTER
en685,101,2022-07-15T16:53:59Z,Incubation Grazing,start,L2,010,40.986517,-70.885333,"",NESLTER
en685,102,2022-07-15T16:54:43Z,Incubation Mesozooplankton Grazing,start,L2,010,40.985317,-70.8853,"",NESLTER
en685,103,2022-07-15T17:01:36Z,Incubation Mesozooplankton Grazing,stop,L9,005,40.97185,-70.8849,"",NESLTER
en685,104,2022-07-15T19:05:04Z,Incubation Grazing,stop,L9,005,40.729533,-70.8885,TCE 1 Day,NESLTER
en685,105,2022-07-15T20:02:29Z,CTD911,deploy,L4,011,40.7011,-70.880117,"",NESLTER
en685,106,2022-07-15T20:18:41Z,CTD911,recover,L4,011,40.702717,-70.87885,"",NESLTER
en685,107,2022-07-15T20:34:14Z,Ring Net,deploy,L04,R14,40.704567,-70.87715,1-m 200-um abundance,NESLTER
en685,204,2022-07-15T20:40:00Z,Underway Science seawater impeller,chl discrete,"","",40.706,-70.876233,"",NESLTER
en685,108,2022-07-16T02:06:44Z,Ring Net,deploy,L04,R15,40.693483,-70.876767,1-m 200-um abundance,NESLTER
en685,205,2022-07-16T02:15:11Z,Underway Science seawater impeller,chl discrete,"","",40.692683,-70.871683,"",NESLTER
en685,109,2022-07-16T02:34:00Z,CTD911,deploy,L4,012,40.696333,-70.879467,TCE-3-N,NESLTER
en685,110,2022-07-16T02:52:10Z,CTD911,recover,L4,012,40.697817,-70.87845,"",NESLTER
en685,111,2022-07-16T03:39:16Z,Ring Net,deploy,L04,R16,40.698283,-70.882917,1-m 500-um live,NESLTER
en685,112,2022-07-16T03:41:00Z,Incubation Mixotrophy,start,L4,"",40.698417,-70.881783,"",NESLTER
en685,113,2022-07-16T03:56:20Z,Ring Net,deploy,L04,R17,40.6996,-70.873467,1-m 500-um live,NESLTER
en685,219,2022-07-16T04:00:00Z,Incubation Respiration O2,stop,L2,008,40.699933,-70.871733,"",NESLTER
en685,114,2022-07-16T04:47:18Z,Ring Net,deploy,L04,R18,40.696467,-70.88125,1-m 200-um live,NESLTER
en685,115,2022-07-16T05:03:51Z,Lagragian Drifter,deploy,"","",40.6977,-70.87485,deploy drifter at L4,NESLTER
en685,116,2022-07-16T05:32:04Z,Incubation Grazing,stop,L2,"",40.644917,-70.880483,"",NESLTER
en685,117,2022-07-16T05:33:15Z,Incubation Grazing,start,L4,012,40.641533,-70.88025,"",NESLTER
en685,118,2022-07-16T05:35:38Z,Incubation Mixotrophy,stop,L4,"",40.634667,-70.880483,"",NESLTER
en685,119,2022-07-16T07:13:58Z,Underway Science seawater diaphragm pump,TOI discrete,L6,"",40.350867,-70.8922,"",NESLTER
en685,206,2022-07-16T07:30:00Z,Underway Science seawater impeller,chl discrete,"","",40.304167,-70.8849,"",NESLTER
en685,120,2022-07-16T07:59:26Z,Underway Science seawater diaphragm pump,TOI discrete,L7,"",40.216717,-70.886317,"",NESLTER
en685,121,2022-07-16T08:42:17Z,Underway Science seawater diaphragm pump,TOI discrete,L9,"",40.093683,-70.886883,"",NESLTER
en685,122,2022-07-16T09:43:25Z,CTD911,deploy,L10,013,39.943017,-70.88085,"",NESLTER
en685,123,2022-07-16T10:11:05Z,CTD911,recover,L10,013,39.947017,-70.881633,"",NESLTER
en685,124,2022-07-16T14:43:09Z,Underway Science seawater diaphragm pump,TOI discrete,L4,"",40.704683,-70.90335,"",NESLTER
en685,125,2022-07-16T15:05:09Z,Incubation Grazing,stop,L2,"",40.70445,-70.92685,TCE-2-Day,NESLTER
en685,126,2022-07-16T15:05:48Z,Incubation Mesozooplankton Grazing,stop,L2,"",40.70445,-70.9268,TCE-2-Day,NESLTER
en685,127,2022-07-16T15:06:27Z,Lagragian Drifter,recover,L4,"",40.70445,-70.92675,New drifter made from plankton net,NESLTER
en685,207,2022-07-16T15:55:00Z,Underway Science seawater impeller,chl discrete,"","",40.698517,-70.885733,"",NESLTER
en685,128,2022-07-16T16:27:34Z,Ring Net,deploy,L04,R19,40.697167,-70.883817,1-m 200-um abundance,NESLTER
en685,129,2022-07-16T16:42:52Z,CTD911,deploy,L4,014,40.7002,-70.8798,"",NESLTER
en685,130,2022-07-16T17:55:30Z,Ring Net,deploy,L04,R20,40.697667,-70.883417,1-m 500-um live,NESLTER
en685,131,2022-07-16T18:15:36Z,Ring Net,abort,L04,R21,40.703517,-70.8747,1-m 500-um live,NESLTER
en685,132,2022-07-16T18:18:08Z,Ring Net,deploy,L04,R21,40.70415,-70.87385,1-m 500-um live,NESLTER
en685,220,2022-07-16T18:30:00Z,Incubation Respiration O2,stop,L4,014,40.707383,-70.869967,"",NESLTER
en685,133,2022-07-16T18:32:56Z,Ring Net,deploy,L04,R22,40.7083,-70.868883,1-m 500-um live,NESLTER
en685,134,2022-07-16T19:18:48Z,Ring Net,deploy,L4,R23,40.695967,-70.88405,1m 200-um live tow,NESLTER
en685,135,2022-07-16T19:47:07Z,Incubation Grazing,start,L4,012,40.743283,-70.882533,TCE-3-D,NESLTER
en685,136,2022-07-16T21:04:03Z,CTD911,deploy,L3,"",40.8676,-70.885817,"",NESLTER
en685,137,2022-07-16T21:04:26Z,CTD911,recover,L3,"",40.867617,-70.885867,"",NESLTER
en685,208,2022-07-16T22:17:00Z,Underway Science seawater impeller,chl discrete,"","",40.717083,-70.887183,"",NESLTER
en685,138,2022-07-17T00:45:05Z,CTD911,deploy,L6,016,40.357817,-70.891317,"",NESLTER
en685,209,2022-07-17T00:51:00Z,Underway Science seawater impeller,chl discrete,"","",40.35985,-70.8927,"",NESLTER
en685,178,2022-07-17T00:59:51Z,CTD911,deploy,L6,"",40.362017,-70.893767,"",NESLTER
en685,139,2022-07-17T01:07:31Z,CTD911,deploy,L6,016,40.363267,-70.894467,"",NESLTER
en685,140,2022-07-17T01:08:20Z,CTD911,recover,L6,016,40.363417,-70.894583,"",NESLTER
en685,141,2022-07-17T01:39:10Z,Ring Net,deploy,L06,R24,40.363867,-70.895533,1-m 500-um surface live,NESLTER
en685,142,2022-07-17T02:04:17Z,Ring Net,deploy,L06,R25,40.3688,-70.898533,1-m 500-um surface live,NESLTER
en685,143,2022-07-17T03:10:31Z,CTD911,deploy,L7,017,40.225733,-70.881983,"",NESLTER
en685,145,2022-07-17T03:33:42Z,Underway Science seawater diaphragm pump,TOI discrete,L7,"",40.2275,-70.8781,"",NESLTER
en685,146,2022-07-17T03:35:58Z,Underway Science seawater diaphragm pump,TOI discrete,L7,"",40.22765,-70.877733,"",NESLTER
en685,144,2022-07-17T04:03:00Z,Ring Net,deploy,L07,R26,40.22785,-70.880583,1-m 200-um abundance,NESLTER
en685,147,2022-07-17T04:20:37Z,Ring Net,deploy,L07,R27,40.228267,-70.874483,1-m 500-um surface live,NESLTER
en685,148,2022-07-17T04:24:35Z,Ring Net,deploy,L07,R28,40.228467,-70.8739,1-m 500-um surface live,NESLTER
en685,149,2022-07-17T04:34:47Z,Ring Net,deploy,L07,R29,40.229,-70.8719,1-m 500-um surface live,NESLTER
en685,150,2022-07-17T04:42:24Z,Incubation Mixotrophy,start,"","",40.229717,-70.870283,"",NESLTER
en685,151,2022-07-17T05:18:05Z,Incubation Grazing,start,L7,017,40.174783,-70.884233,"",NESLTER
en685,152,2022-07-17T05:18:47Z,Incubation Grazing,stop,L4,012,40.172783,-70.8843,"",NESLTER
en685,153,2022-07-17T06:21:55Z,Incubation Mixotrophy,stop,"","",39.999917,-70.8902,"",NESLTER
en685,154,2022-07-17T07:49:54Z,Underway Science seawater diaphragm pump,TOI discrete,L11,"",39.7637,-70.887033,"",NESLTER
en685,155,2022-07-17T08:41:00Z,CTD911,deploy,LX,018,39.645083,-70.884367,"",NESLTER
en685,156,2022-07-17T09:41:53Z,Incubation Mixotrophy,start,"","",39.6961,-70.891767,"",NESLTER
en685,210,2022-07-17T11:01:00Z,Underway Science seawater impeller,chl discrete,"","",39.904933,-70.872783,"",NESLTER
en685,183,2022-07-17T11:11:00Z,Underway Science seawater diaphragm pump,TOI discrete,L10,"",39.932467,-70.875183,"",NESLTER
en685,157,2022-07-17T11:13:00Z,Underway Science seawater diaphragm pump,TOI discrete,L10,"",39.937933,-70.87585,"",NESLTER
en685,158,2022-07-17T13:05:52Z,CTD911,deploy,L7,019,40.228867,-70.882767,TCE-4-D,NESLTER
en685,159,2022-07-17T13:54:24Z,CTD911,recover,L7,019,40.232017,-70.8834,TCE-4-D,NESLTER
en685,161,2022-07-17T14:12:00Z,Underway Science seawater diaphragm pump,TOI discrete,L7,"",40.230567,-70.883267,"",NESLTER
en685,162,2022-07-17T14:14:00Z,Underway Science seawater diaphragm pump,TOI discrete,L7,"",40.226367,-70.88375,"",NESLTER
en685,163,2022-07-17T14:30:00Z,Incubation Mixotrophy,start,"",L7,40.1956,-70.886633,"",NESLTER
en685,160,2022-07-17T14:46:51Z,Incubation Grazing,start,L7,019,40.162183,-70.884217,"",NESLTER
en685,221,2022-07-17T15:24:00Z,Incubation Respiration O2,start,L7,019,40.074717,-70.886717,"",NESLTER
en685,164,2022-07-17T15:31:13Z,Incubation Respiration O2,start,L7,019,40.056233,-70.886467,"",NESLTER
en685,165,2022-07-17T16:38:30Z,Incubation Mixotrophy,stop,L7,"",39.932083,-70.894467,"",NESLTER
en685,166,2022-07-17T17:23:44Z,Ring Net,deploy,L10,R30,39.944767,-70.8792,drift net for salps,NESLTER
en685,167,2022-07-17T17:40:41Z,CTD911,recover,L10,020,39.946,-70.876467,"",NESLTER
en685,168,2022-07-17T17:46:00Z,CTD911,deploy,L10,"",39.945967,-70.87515,"",NESLTER
en685,169,2022-07-17T17:47:06Z,Ring Net,deploy,L10,R31,39.945933,-70.874433,drift net for salps,NESLTER
en685,170,2022-07-17T18:56:46Z,MOCNESS1,deploy,L10,R32,39.965533,-70.882617,200-m day,NESLTER
en685,211,2022-07-17T19:10:00Z,Underway Science seawater impeller,chl discrete,"","",39.973267,-70.88275,"",NESLTER
en685,171,2022-07-17T20:05:07Z,MOCNESS1,recover,L10,"",40.0044,-70.883117,dSteinberg,NESLTER
en685,172,2022-07-17T20:27:05Z,Incubation Grazing,stop,L4,014,40.027383,-70.8835,TCE-3-D,NESLTER
en685,173,2022-07-17T20:27:27Z,Incubation Mesozooplankton Grazing,stop,L4,014,40.0286,-70.883333,TCE-3-D,NESLTER
en685,174,2022-07-17T22:35:53Z,Ring Net,deploy,L9,R33,40.22535,-70.87705,drift net for salps,NESLTER
en685,175,2022-07-17T22:56:07Z,Ring Net,deploy,L9,R34,40.222383,-70.879567,drift net for salps,NESLTER
en685,176,2022-07-17T23:07:28Z,Ring Net,deploy,L9,R35,40.221783,-70.88085,drift net for salps,NESLTER
en685,212,2022-07-18T00:05:00Z,Underway Science seawater impeller,chl discrete,"","",40.257733,-70.8835,"",NESLTER
en685,179,2022-07-18T01:17:02Z,CTD911,recover,L6,021,40.361067,-70.881717,"",NESLTER
en685,180,2022-07-18T02:06:55Z,Incubation Grazing,stop,L7,017,40.28825,-70.88175,"",NESLTER
en685,181,2022-07-18T03:38:00Z,Underway Science seawater diaphragm pump,TOI discrete,L6,"",40.350567,-70.882933,"",NESLTER
en685,184,2022-07-18T04:36:00Z,Underway Science seawater diaphragm pump,TOI discrete,L5,"",40.507467,-70.885933,"",NESLTER
en685,213,2022-07-18T05:22:00Z,Underway Science seawater impeller,chl discrete,"","",40.618883,-70.889433,"",NESLTER
en685,214,2022-07-18T05:42:00Z,Underway Science seawater impeller,chl discrete,"","",40.665717,-70.886067,"",NESLTER
en685,185,2022-07-18T05:54:29Z,Underway Science seawater diaphragm pump,TOI discrete,L4,"",40.69395,-70.8842,"",NESLTER
en685,215,2022-07-18T07:02:00Z,Underway Science seawater impeller,chl discrete,"","",40.84605,-70.885367,"",NESLTER
en685,186,2022-07-18T07:10:10Z,Underway Science seawater diaphragm pump,TOI discrete,L3,"",40.864733,-70.8854,"",NESLTER
en685,187,2022-07-18T08:22:18Z,Underway Science seawater diaphragm pump,TOI discrete,L2,"",41.036183,-70.880933,"",NESLTER
en685,216,2022-07-18T08:42:00Z,Underway Science seawater impeller,chl discrete,"","",41.080833,-70.883233,"",NESLTER
en685,188,2022-07-18T10:24:55Z,CTD911,deploy,L1,022,41.20135,-70.882117,"",NESLTER
en685,189,2022-07-18T10:25:35Z,CTD911,recover,L1,022,41.201417,-70.882217,"",NESLTER
en685,190,2022-07-18T11:04:15Z,Incubation Mixotrophy,start,"","",41.241533,-70.970483,"",NESLTER
en685,191,2022-07-18T11:52:38Z,UHDAS for both ADCPs,stop,"","",41.31025,-71.133483,"",NESLTER
en685,192,2022-07-18T11:53:13Z,ADCP300,stop,"","",41.311333,-71.136067,"",NESLTER
en685,193,2022-07-18T11:54:03Z,ADCP75,stop,"","",41.312517,-71.13865,"",NESLTER
en685,194,2022-07-18T12:10:42Z,EIMS,stop,"","",41.337883,-71.194583,"",NESLTER
en685,200,2022-07-18T12:35:00Z,Underway Science seawater impeller,stop,"","",41.374117,-71.275233,"",NESLTER
en685,195,2022-07-18T12:41:31Z,Incubation Mixotrophy,stop,"","",41.3838,-71.296117,"",NESLTER
en685,197,2022-07-18T12:54:49Z,Fluorometers on underway impeller,stop,"","",41.408433,-71.333033,"",NESLTER
en685,196,2022-07-18T12:55:06Z,IFCB continuous,stop,"","",41.4088,-71.334167,"",NESLTER
en685,198,2022-07-18T12:55:19Z,IFCB continuous,stop,"","",41.408983,-71.335017,"",NESLTER
en685,199,2022-07-18T12:55:37Z,Thermosalinographs on underway impeller,stop,"","",41.409133,-71.33575,"",NESLTER
en685,217,2022-07-18T14:21:35Z,Incubation Grazing,stop,L7,019,41.577583,-71.3911,"",NESLTER
en685,218,2022-07-18T14:47:37Z,Echosounder12,stop,"","",41.61195,-71.405333,"",NESLTER
en685,222,2022-07-18T15:15:00Z,Incubation Respiration O2,stop,L7,019,41.612017,-71.405367,"",NESLTER
en685,177,2022-07-18T23:30:00Z,Other,start,L7,"",NaN,NaN,fecal pellet experiment,NESLTER
en687,1,2022-07-28T19:09:06Z,MeteorologicalSensor,other,"","",41.523483,-70.6718,Met sensors remain running and logging as usual,NESLTER
en687,29,2022-07-29T09:00:00Z,SUNAV2,onCTD,"","",41.5235,-70.671833,"",NESLTER
en687,3,2022-07-29T13:00:31Z,Other,start,"","",41.523483,-70.671783,Orientation by 2nd mate - long pre-cruise,NESLTER
en687,2,2022-07-29T13:14:02Z,Other,other,"","",41.523467,-70.671783,TimeDiff run on SCS. Knudsen. Winch. TSal. CTD. Display. SpareT3500 computers. All good.,NESLTER
en687,5,2022-07-29T15:39:54Z,Ship,other,"","",41.523517,-70.6718,Gangway removed - between ship and WHOI dock,NESLTER
en687,4,2022-07-29T15:42:51Z,Echosounder12,start,"","",41.5235,-70.671783,Start 12khz echosounder before leaving WHOI dock,NESLTER
en687,6,2022-07-29T15:46:52Z,Ship,startCruise,"","",41.523483,-70.671767,Leaving dock. Lines removed from dock at WHOI,NESLTER
en687,7,2022-07-29T16:27:10Z,Other,start,"","",41.455633,-70.7482,HOBOs deployed on deckboard incubators,NESLTER
en687,8,2022-07-29T17:22:39Z,UHDAS for both ADCPs,start,"","",41.356267,-70.90805,Start UHDAS which controls both 75 and 300 KHz data acquisition after leaving Woods Hole.,NESLTER
en687,9,2022-07-29T17:23:06Z,ADCP75,start,"","",41.355283,-70.90915,Start UHDAS which controls both 75 and 300 KHz data acquisition after leaving Woods Hole.,NESLTER
en687,10,2022-07-29T17:23:34Z,ADCP300,start,"","",41.354283,-70.910283,Start UHDAS which controls both 75 and 300 KHz data acquisition after leaving Woods Hole.,NESLTER
en687,11,2022-07-29T17:40:55Z,Underway Science seawater impeller,start,"","",41.313633,-70.940933,Impeller pump started in Vineyard Sound.,NESLTER
en687,15,2022-07-29T17:45:49Z,Underway Science seawater diaphragm pump,start,"","",41.299717,-70.94015,Start diaphragm pump flowthrough seawater system and flush for ~15min. At setting =27 then adjust to 17; 20; 23.,NESLTER
en687,12,2022-07-29T17:52:36Z,Fluorometers on underway impeller,other,"","",41.2816,-70.9296,Cleaned ECO fluorometer and WETStar fluorometer,NESLTER
en687,13,2022-07-29T17:54:13Z,Underway Science seawater diaphragm pump,start,"","",41.277133,-70.926733,"",NESLTER
en687,14,2022-07-29T18:00:31Z,Thermosalinographs on underway impeller,start,"","",41.260167,-70.917483,TSG SBE21 acquisition started in SeaSave after starting impeller pump and opening valves. ECO-Fluor and WETStar Fluor and Cosine Surface PAR are connected to the SBE21.,NESLTER
en687,224,2022-07-29T18:05:00Z,Underway Science seawater impeller,chl discrete,"","",41.24745,-70.9137,"",NESLTER
en687,16,2022-07-29T18:17:10Z,Attune Flow Cytometer,start,"","",41.215083,-70.893917,"",NESLTER
en687,17,2022-07-29T18:23:48Z,EIMS,start,"","",41.198833,-70.884317,EIMS started measuring underway water now,NESLTER
en687,30,2022-07-29T18:30:00Z,IFCB continuous,start,"","",41.194233,-70.883717,"",NESLTER
en687,18,2022-07-29T19:13:12Z,CTD911,deploy,L1,001,41.1901,-70.877733,"",NESLTER
en687,19,2022-07-29T19:51:25Z,Bongo Net,deploy,L1,B01,41.1833,-70.871317,1st Bongo. After CTD EN687_001.,NESLTER
en687,20,2022-07-29T19:58:47Z,Bongo Net,recover,L1,B01,41.180117,-70.871683,1st Bongo. After CTD EN687_001.,NESLTER
en687,21,2022-07-29T20:00:25Z,Incubation C13,start,L1,001,41.1794,-70.871733,"",NESLTER
en687,22,2022-07-29T20:12:59Z,Incubation Grazing,start,L1,001,41.168883,-70.872333,"",NESLTER
en687,23,2022-07-29T20:40:46Z,Sting Ray,SUNAV2,"","",41.1361,-70.878333,sync time now which is prior to first tow,NESLTER
en687,24,2022-07-29T20:41:01Z,Incubation Mixotrophy,start,L1,001,41.136033,-70.878333,"",NESLTER
en687,25,2022-07-29T20:52:16Z,Incubation Mixotrophy,stop,L1,001,41.132233,-70.878017,"",NESLTER
en687,26,2022-07-29T20:54:16Z,Sting Ray,deploy towed,L1,tow001,41.13145,-70.877867,"",NESLTER
en687,27,2022-07-29T21:05:54Z,Incubation Respiration O2,start,L1,001,41.124267,-70.877967,"",NESLTER
en687,249,2022-07-29T21:27:23Z,Underway Science seawater diaphragm pump,DO discrete,"","",41.105983,-70.8788,O2 bottle 32,NESLTER
en687,250,2022-07-29T21:29:01Z,Underway Science seawater diaphragm pump,DO discrete,"","",41.104533,-70.878917,O2 bottle 14,NESLTER
en687,225,2022-07-29T22:19:00Z,Underway Science seawater impeller,chl discrete,"","",41.052583,-70.8803,"",NESLTER
en687,53,2022-07-29T22:40:00Z,Underway Science seawater diaphragm pump,TOI discrete,"","",41.029617,-70.880833,toi bottle 829,NESLTER
en687,28,2022-07-29T23:16:48Z,SUNAV2,sync time,"","",40.99125,-70.87955,36s FAST OOPS big deal for CTD data matchup for C1. synced correctly for cast 2,NESLTER
en687,54,2022-07-30T00:15:00Z,Underway Science seawater diaphragm pump,TOI discrete,"","",40.929933,-70.878167,toi bottle 216,NESLTER
en687,254,2022-07-30T00:20:49Z,Underway Science seawater diaphragm pump,DO discrete,"","",40.924117,-70.878217,O2 bottle 29,NESLTER
en687,255,2022-07-30T00:25:36Z,Underway Science seawater diaphragm pump,DO discrete,"","",40.91935,-70.878333,O2 bottle 33,NESLTER
en687,31,2022-07-30T01:35:23Z,Sting Ray,recover,L3,tow001,40.849617,-70.881717,"",NESLTER
en687,32,2022-07-30T02:28:18Z,Underway Science seawater diaphragm pump,IFCB discrete,"",UW1,40.984567,-70.880333,IFCB115 analyze,NESLTER
en687,33,2022-07-30T02:57:20Z,CTD911,deploy,L2,002,41.028033,-70.88365,"",NESLTER
en687,55,2022-07-30T03:09:00Z,Underway Science seawater diaphragm pump,TOI discrete,"","",41.026433,-70.882867,botle 567,NESLTER
en687,56,2022-07-30T03:10:00Z,Underway Science seawater diaphragm pump,TOI discrete,"","",41.02635,-70.882733,toi bottle 753,NESLTER
en687,34,2022-07-30T03:36:26Z,Incubation C13,start,L2,002,41.023983,-70.8797,"",NESLTER
en687,38,2022-07-30T03:50:30Z,Bongo Net,deploy,L2,B02,41.029067,-70.884167,2nd Bongo. After CTD EN687_002.,NESLTER
en687,35,2022-07-30T03:51:17Z,Incubation Grazing,start,L2,002,41.028817,-70.884083,"",NESLTER
en687,39,2022-07-30T04:08:00Z,Bongo Net,recover,L2,B02,41.020433,-70.884317,2nd Bongo. After CTD EN687_002.,NESLTER
en687,36,2022-07-30T04:15:21Z,Incubation Mixotrophy,start,L2,02,41.01035,-70.884517,"",NESLTER
en687,37,2022-07-30T04:23:41Z,Incubation Mixotrophy,stop,L2,02,40.987167,-70.88455,"",NESLTER
en687,57,2022-07-30T07:14:00Z,Underway Science seawater diaphragm pump,TOI discrete,"","",40.696533,-70.65775,toi bottle 507,NESLTER
en687,58,2022-07-30T07:38:00Z,Underway Science seawater diaphragm pump,TOI discrete,"","",40.6965,-70.721583,toi bottle 619,NESLTER
en687,40,2022-07-30T08:06:12Z,CTD911,deploy,u4a,003,40.6946,-70.773133,"",NESLTER
en687,59,2022-07-30T08:43:00Z,Underway Science seawater diaphragm pump,TOI discrete,"","",40.693133,-70.8322,toi bottle 664,NESLTER
en687,226,2022-07-30T08:43:00Z,Underway Science seawater impeller,chl discrete,"","",40.693133,-70.8322,"",NESLTER
en687,60,2022-07-30T08:58:00Z,Underway Science seawater diaphragm pump,TOI discrete,"","",40.695167,-70.887517,toi bottle 813,NESLTER
en687,61,2022-07-30T09:14:00Z,Underway Science seawater diaphragm pump,TOI discrete,"","",40.696983,-70.946617,toi bottle 230,NESLTER
en687,41,2022-07-30T09:37:23Z,CTD911,deploy,d4a,004,40.695267,-70.99285,"",NESLTER
en687,62,2022-07-30T10:23:00Z,Underway Science seawater diaphragm pump,TOI discrete,"","",40.695817,-71.089417,toi bottle 350,NESLTER
en687,251,2022-07-30T11:04:47Z,Underway Science seawater diaphragm pump,DO discrete,"","",40.697533,-70.99095,O2 bottle 23,NESLTER
en687,252,2022-07-30T11:06:24Z,Underway Science seawater diaphragm pump,DO discrete,"","",40.697683,-70.984717,O2 bottle 19,NESLTER
en687,42,2022-07-30T11:37:44Z,CTD911,deploy,L4,005,40.697783,-70.883017,"",NESLTER
en687,63,2022-07-30T12:00:00Z,Underway Science seawater diaphragm pump,TOI discrete,"","",40.703417,-70.885417,Toi bottle 817,NESLTER
en687,64,2022-07-30T12:03:00Z,Underway Science seawater diaphragm pump,TOI discrete,"","",40.70405,-70.885567,toi bottle 667,NESLTER
en687,43,2022-07-30T12:15:54Z,Bongo Net,deploy,L4,B05,40.7069,-70.887767,3rd Bongo. After CTD EN687_005.,NESLTER
en687,204,2022-07-30T12:29:00Z,Bongo Net,recover,L4,B05,40.710533,-70.88525,3rd Bongo. After CTD EN687_005.,NESLTER
en687,44,2022-07-30T12:32:44Z,Incubation C13,start,L4,005,40.709767,-70.884333,"",NESLTER
en687,147,2022-07-30T13:00:00Z,Incubation Respiration O2,stop,L1,001,40.65995,-70.88175,"",NESLTER
en687,45,2022-07-30T13:02:52Z,Incubation Grazing,start,L4,005,40.65155,-70.879783,"",NESLTER
en687,46,2022-07-30T13:35:47Z,Incubation Mixotrophy,start,L4,005,40.560317,-70.88475,"",NESLTER
en687,47,2022-07-30T13:51:49Z,Incubation Respiration O2,start,L4,005,40.515967,-70.885017,"",NESLTER
en687,202,2022-07-30T14:00:00Z,Incubation Mixotrophy,stop,L4,05,40.514317,-70.884817,"",NESLTER
en687,48,2022-07-30T14:03:43Z,CTD911,deploy,L5,006,40.514317,-70.88655,"",NESLTER
en687,49,2022-07-30T14:38:00Z,Bongo Net,deploy,L5,B06,40.52055,-70.900933,4th Bongo. After CTD EN687_006.,NESLTER
en687,205,2022-07-30T14:53:00Z,Bongo Net,recover,L5,B06,40.526167,-70.906183,4th Bongo. After CTD EN687_006.,NESLTER
en687,50,2022-07-30T15:18:20Z,Sting Ray,deploy towed,L5,tow002,40.519417,-70.9053,"",NESLTER
en687,51,2022-07-30T15:36:45Z,Incubation Mixotrophy,start,L5,06,40.5029,-70.895233,"",NESLTER
en687,52,2022-07-30T15:51:01Z,Incubation Mixotrophy,stop,L5,06,40.488667,-70.888117,"",NESLTER
en687,65,2022-07-30T16:58:00Z,Echosounder12,stop,"","",40.41535,-70.883283,Turn off Knudsen 12KHz echosounder to see if interfers with 38kHz on Sting Ray,NESLTER
en687,67,2022-07-30T17:09:00Z,Echosounder12,start,"","",40.403017,-70.88345,Knudsen didnt appear to cause 38kHz ducer noise so turn back on,NESLTER
en687,66,2022-07-30T17:10:58Z,UHDAS for both ADCPs,stop,"","",40.400733,-70.883467,Turn off both ship's ADCP 75KHz and 300 KHz to troubleshoot acoustic noise on Sting Ray 38kHz transducer,NESLTER
en687,68,2022-07-30T17:16:49Z,UHDAS for both ADCPs,start,"","",40.394283,-70.88255,"",NESLTER
en687,69,2022-07-30T17:45:00Z,Underway Science seawater diaphragm pump,TOI discrete,"","",40.3633,-70.87795,toi bottle 440,NESLTER
en687,70,2022-07-30T18:21:21Z,Echosounder12,other,"","",40.324333,-70.883617,increase range from 100 to 200 m on Knudsen software. Depth increasing - going offshore. Incorrect values exist for a few minutes.,NESLTER
en687,71,2022-07-30T19:00:00Z,Other,other,"","",40.283983,-70.883283,microtops measurement 1 took many just learning how,NESLTER
en687,77,2022-07-30T19:40:00Z,Incubation C13,stop,L1,001,40.241533,-70.88245,"",NESLTER
en687,90,2022-07-30T19:55:00Z,Underway Science seawater diaphragm pump,TOI discrete,"","",40.2255,-70.88305,toi bottle 471,NESLTER
en687,75,2022-07-30T20:10:22Z,SUNAV2,sync time,"","",40.208883,-70.882883,approx half sec slow,NESLTER
en687,74,2022-07-30T20:25:52Z,Other,other,"","",40.192183,-70.88325,microtops measurement took 8 readings,NESLTER
en687,72,2022-07-30T20:31:32Z,Other,other,"","",40.18615,-70.8832,"reterminate winch 1 0.322"" cable",NESLTER
en687,73,2022-07-30T20:32:00Z,Incubation Grazing,stop,L1,001,40.185633,-70.883183,"",NESLTER
en687,76,2022-07-30T20:42:37Z,Incubation Mixotrophy,start,L1,001,40.174367,-70.8829,incubation TF,NESLTER
en687,253,2022-07-30T20:54:59Z,Underway Science seawater diaphragm pump,DO discrete,"","",40.16175,-70.8826,O2 bottle 20,NESLTER
en687,78,2022-07-30T21:00:00Z,Incubation Mixotrophy,stop,L1,001,40.15685,-70.882517,incubation TF,NESLTER
en687,91,2022-07-30T21:54:00Z,Underway Science seawater diaphragm pump,TOI discrete,"","",40.100117,-70.883233,toi bottle 371,NESLTER
en687,227,2022-07-30T22:41:00Z,Underway Science seawater impeller,chl discrete,"","",40.04805,-70.881717,"",NESLTER
en687,79,2022-07-30T23:05:28Z,Other,other,"","",40.020417,-70.8823,"pour arconium winch 1B 0.322"" cable retermination",NESLTER
en687,282,2022-07-31T03:04:41Z,Other,other,"","",39.77445,-70.881817,"Finished mechanical and electrical termination. Resistance tested cable = 284 Ohms each = good. Start pull test new winch 1B 0.322"" cable termination to ~3200 lb on rated 25000 lb Dillon Dynamometer. Ready for use.",NESLTER
en687,92,2022-07-31T03:39:00Z,Underway Science seawater diaphragm pump,TOI discrete,"","",39.762467,-70.88085,toi bottle 549,NESLTER
en687,80,2022-07-31T03:55:07Z,Incubation C13,stop,L2,002,39.756183,-70.880867,"",NESLTER
en687,81,2022-07-31T04:18:57Z,Incubation Grazing,stop,L2,002,39.745617,-70.88205,"",NESLTER
en687,82,2022-07-31T04:26:42Z,Incubation Mixotrophy,start,L2,002,39.741883,-70.882867,incubation TF,NESLTER
en687,83,2022-07-31T04:35:35Z,Incubation Mixotrophy,stop,L2,002,39.740533,-70.886567,incubation TF,NESLTER
en687,228,2022-07-31T04:49:00Z,Underway Science seawater impeller,chl discrete,"","",39.751367,-70.89215,"",NESLTER
en687,84,2022-07-31T04:54:12Z,Sting Ray,recover,L11,tow002,39.763733,-70.88805,"",NESLTER
en687,85,2022-07-31T06:16:42Z,CTD911,deploy,L10,007,39.925317,-70.886067,"",NESLTER
en687,86,2022-07-31T07:25:29Z,Bongo Net,deploy,L10,B07,39.920483,-70.913983,5th Bongo. After CTD EN687_007.,NESLTER
en687,102,2022-07-31T07:55:01Z,Bongo Net,recover,L10,B07,39.926433,-70.934717,5th Bongo. After CTD EN687_007.,NESLTER
en687,87,2022-07-31T07:59:21Z,Incubation Mixotrophy,start,L10,07,39.92775,-70.937983,"",NESLTER
en687,88,2022-07-31T08:03:47Z,Incubation Grazing,start,L10,007,39.92895,-70.940567,"",NESLTER
en687,89,2022-07-31T08:05:24Z,Incubation Mixotrophy,stop,L10,07,39.929267,-70.940617,"",NESLTER
en687,93,2022-07-31T10:19:42Z,SUNAV2,sync time,"","",39.772783,-70.699083,zero sec off,NESLTER
en687,119,2022-07-31T10:30:00Z,Underway Science seawater diaphragm pump,TOI discrete,"","",39.774433,-70.665817,toi bottle 844,NESLTER
en687,94,2022-07-31T10:30:23Z,Sting Ray,SUNAV2,"","",39.775133,-70.665233,sync time approx 1.75sec behind,NESLTER
en687,120,2022-07-31T10:34:00Z,Underway Science seawater diaphragm pump,TOI discrete,"","",39.770633,-70.665267,toi bottle 669,NESLTER
en687,121,2022-07-31T10:48:00Z,Underway Science seawater diaphragm pump,TOI discrete,"","",39.7728,-70.718317,toi bottle  713,NESLTER
en687,95,2022-07-31T11:12:14Z,CTD911,deploy,u11a,008,39.773517,-70.777583,"",NESLTER
en687,96,2022-07-31T12:08:26Z,Incubation C13,stop,L4,005,39.772417,-70.8352,"",NESLTER
en687,122,2022-07-31T12:10:00Z,Underway Science seawater diaphragm pump,TOI discrete,"","",39.77235,-70.84145,toi bottle 265,NESLTER
en687,123,2022-07-31T12:17:00Z,Underway Science seawater diaphragm pump,TOI discrete,"","",39.772517,-70.868917,toi bottle 811,NESLTER
en687,124,2022-07-31T12:23:00Z,Underway Science seawater diaphragm pump,TOI discrete,"","",39.772717,-70.89255,toi bottle 533,NESLTER
en687,125,2022-07-31T12:40:00Z,Underway Science seawater diaphragm pump,TOI discrete,"","",39.773317,-70.959567,toi bottle 659,NESLTER
en687,140,2022-07-31T12:59:32Z,CTD911,deploy,d11a,009,39.77375,-70.994317,"",NESLTER
en687,100,2022-07-31T13:22:39Z,Ship,other,"","",39.7766,-71.003183,"WInch 1B 0.322"" cable fresh water rinsed during CTD cast 008 & 009 and other deep and later casts",NESLTER
en687,97,2022-07-31T13:23:43Z,Incubation Grazing,stop,L4,005,39.776717,-71.003567,"",NESLTER
en687,126,2022-07-31T14:05:00Z,Underway Science seawater diaphragm pump,TOI discrete,"","",39.7739,-71.0928,toi bottle 568,NESLTER
en687,98,2022-07-31T14:19:06Z,Incubation Respiration O2,stop,L4,005,39.773667,-71.089817,"",NESLTER
en687,99,2022-07-31T14:21:06Z,Other,other,"","",39.773817,-71.083317,Emergency Steering Drill,NESLTER
en687,101,2022-07-31T15:49:10Z,CTD911,deploy,L11,010,39.773817,-70.884667,"",NESLTER
en687,127,2022-07-31T16:30:00Z,Underway Science seawater diaphragm pump,TOI discrete,"","",39.782533,-70.892383,toi bottle 475,NESLTER
en687,128,2022-07-31T16:32:00Z,Underway Science seawater diaphragm pump,TOI discrete,"","",39.782933,-70.8927,toi bottle 803,NESLTER
en687,103,2022-07-31T16:53:19Z,Bongo Net,deploy,L11,B10,39.783967,-70.892183,6th Bongo. After CTD EN687_010.,NESLTER
en687,104,2022-07-31T17:09:13Z,Incubation C13,start,L11,010,39.778733,-70.887967,"",NESLTER
en687,110,2022-07-31T17:25:00Z,Bongo Net,recover,L11,B10,39.774133,-70.8836,6th Bongo. After CTD EN687_010.,NESLTER
en687,105,2022-07-31T17:27:35Z,Incubation Mixotrophy,start,L11,10,39.77325,-70.88365,"",NESLTER
en687,106,2022-07-31T17:30:45Z,Incubation Grazing,start,L11,10,39.771933,-70.883583,"",NESLTER
en687,107,2022-07-31T17:35:59Z,Incubation Mixotrophy,stop,L11,10,39.76985,-70.883383,"",NESLTER
en687,108,2022-07-31T18:04:15Z,RMT10 Midwater Trawl (Tucker-style),deploy,L11,MWT1,39.758733,-70.883117,Target depth 1000 m,NESLTER
en687,109,2022-07-31T18:23:14Z,Incubation Respiration O2,start,L11,010,39.750883,-70.883017,"",NESLTER
en687,229,2022-07-31T18:58:00Z,Underway Science seawater impeller,chl discrete,"","",39.738167,-70.88345,"",NESLTER
en687,256,2022-07-31T19:16:23Z,Underway Science seawater diaphragm pump,DO discrete,"","",39.731117,-70.883383,O2 bottle 16,NESLTER
en687,257,2022-07-31T19:19:13Z,Underway Science seawater diaphragm pump,DO discrete,"","",39.729883,-70.883383,O2 bottle 1,NESLTER
en687,258,2022-07-31T19:22:55Z,Underway Science seawater diaphragm pump,DO discrete,"","",39.728317,-70.88335,O2 bottle 12,NESLTER
en687,111,2022-07-31T19:45:33Z,Other,start,L11,"",39.72115,-70.878967,took 8 measurements from microtops; sun appeared unobscured but some wispy clouds nearby,NESLTER
en687,269,2022-07-31T20:04:00Z,RMT10 Midwater Trawl (Tucker-style),recover,L11,MWT1,39.72685,-70.870083,"",NESLTER
en687,113,2022-07-31T20:24:14Z,Other,other,L11,"",39.736183,-70.862583,Miniboat RoweRIda deployed,NESLTER
en687,112,2022-07-31T20:36:15Z,Sting Ray,deploy towed,L11,tow003,39.743317,-70.864017,"",NESLTER
en687,129,2022-08-01T00:10:00Z,Underway Science seawater diaphragm pump,TOI discrete,"","",39.9445,-70.892683,toi bottle 555,NESLTER
en687,114,2022-08-01T00:38:56Z,Other,other,"","",39.9774,-70.88575,Lobster fishing gear and boats at the shelf break. Up and down lines with traps on the bottom between them. Another boat further out is fishing for red crab.,NESLTER
en687,115,2022-08-01T01:06:36Z,Sting Ray,recover,L10,tow003,40.00995,-70.8811,Max payout was 1311m. Bad wraps are on the drum which start at the very first wrap. It is better than previously though.,NESLTER
en687,186,2022-08-01T01:15:00Z,Underway Science seawater diaphragm pump,TOI discrete,"","",40.033067,-70.8831,toi bottle 461,NESLTER
en687,130,2022-08-01T02:01:00Z,Underway Science seawater diaphragm pump,TOI discrete,"","",40.09855,-70.875317,toi bottle 808,NESLTER
en687,131,2022-08-01T02:56:00Z,Underway Science seawater diaphragm pump,TOI discrete,"","",40.098,-70.666383,toi bottle 352,NESLTER
en687,132,2022-08-01T03:20:00Z,Underway Science seawater diaphragm pump,TOI discrete,"","",40.0985,-70.717917,toi bottle 552,NESLTER
en687,116,2022-08-01T03:49:55Z,CTD911,deploy,u9a,011,40.095417,-70.773733,"",NESLTER
en687,133,2022-08-01T04:35:00Z,Underway Science seawater diaphragm pump,TOI discrete,"","",40.099283,-70.8303,toi bottle 596,NESLTER
en687,134,2022-08-01T04:49:00Z,Underway Science seawater diaphragm pump,TOI discrete,"","",40.099367,-70.881233,toi bottle 419,NESLTER
en687,135,2022-08-01T05:03:00Z,Underway Science seawater diaphragm pump,TOI discrete,"","",40.0988,-70.93205,toi bottle 655,NESLTER
en687,118,2022-08-01T05:31:18Z,CTD911,deploy,d9a,012,40.097733,-70.992483,"",NESLTER
en687,136,2022-08-01T06:28:00Z,Underway Science seawater diaphragm pump,TOI discrete,"","",40.099633,-71.110467,toi bottle 217,NESLTER
en687,137,2022-08-01T07:43:56Z,CTD911,deploy,L9,013,40.093667,-70.88275,"",NESLTER
en687,138,2022-08-01T08:07:03Z,Incubation Grazing,stop,L10,007,40.089283,-70.8791,"",NESLTER
en687,139,2022-08-01T08:26:47Z,Bongo Net,deploy,L9,B13,40.092383,-70.874983,7th Bongo. After CTD EN687_013.,NESLTER
en687,142,2022-08-01T08:41:09Z,Bongo Net,recover,L9,B13,40.090733,-70.8654,7th Bongo. After CTD EN687_013.,NESLTER
en687,141,2022-08-01T08:55:51Z,Incubation Mixotrophy,start,L9,13,40.090033,-70.859483,"",NESLTER
en687,230,2022-08-01T09:04:00Z,Underway Science seawater impeller,chl discrete,"","",40.0723,-70.848233,"",NESLTER
en687,143,2022-08-01T09:05:19Z,Incubation Mixotrophy,stop,L9,13,40.069083,-70.8464,"",NESLTER
en687,144,2022-08-01T10:03:25Z,CTD911,deploy,L12,014,39.944883,-70.7751,"",NESLTER
en687,145,2022-08-01T10:15:38Z,CTD911,abort,L12,014,39.945083,-70.774033,wind direction changed; abort and redo cast,NESLTER
en687,146,2022-08-01T10:28:06Z,CTD911,deploy,L12,015,39.9456,-70.765233,"",NESLTER
en687,262,2022-08-01T12:46:19Z,Underway Science seawater diaphragm pump,DO discrete,"","",40.114667,-70.838467,O2 bottle 2,NESLTER
en687,263,2022-08-01T12:48:31Z,Underway Science seawater diaphragm pump,DO discrete,"","",40.117383,-70.831433,O2 bottle 35,NESLTER
en687,264,2022-08-01T12:50:07Z,Underway Science seawater diaphragm pump,DO discrete,"","",40.119217,-70.826683,O2 bottle 17,NESLTER
en687,148,2022-08-01T12:51:05Z,Incubation Respiration O2,stop,L11,010,40.1205,-70.8234,"",NESLTER
en687,149,2022-08-01T13:16:35Z,CTD911,deploy,L8,016,40.140383,-70.772883,"",NESLTER
en687,181,2022-08-01T13:48:00Z,Underway Science seawater diaphragm pump,TOI discrete,"","",40.144967,-70.773667,toi bottle 420,NESLTER
en687,182,2022-08-01T13:50:00Z,Underway Science seawater diaphragm pump,TOI discrete,"","",40.145217,-70.7738,toi bottle 386,NESLTER
en687,150,2022-08-01T13:59:37Z,Bongo Net,deploy,L8,B16,40.14725,-70.774867,8th Bongo. After CTD EN687_016.,NESLTER
en687,155,2022-08-01T14:14:45Z,Bongo Net,recover,L8,B16,40.152333,-70.777,8th Bongo. After CTD EN687_016. Hit bottom. Processed as usual.,NESLTER
en687,151,2022-08-01T14:21:20Z,Incubation C13,start,L8,016,40.1551,-70.778283,"",NESLTER
en687,152,2022-08-01T14:37:02Z,Incubation Grazing,start,L8,16,40.147483,-70.798067,"",NESLTER
en687,153,2022-08-01T15:18:59Z,Incubation Respiration O2,start,L8,016,40.089367,-70.8873,"",NESLTER
en687,154,2022-08-01T15:23:06Z,Sting Ray,deploy towed,L9,tow004,40.09195,-70.8875,"",NESLTER
en687,231,2022-08-01T15:26:00Z,Underway Science seawater impeller,chl discrete,"","",40.093967,-70.887833,"",NESLTER
en687,156,2022-08-01T16:55:24Z,Incubation C13,stop,L11,010,40.18835,-70.886533,"",NESLTER
en687,183,2022-08-01T17:29:05Z,Underway Science seawater diaphragm pump,TOI discrete,"","",40.2249,-70.88295,toi bottle 613,NESLTER
en687,157,2022-08-01T17:41:04Z,Incubation Grazing,stop,L11,010,40.238167,-70.881333,"",NESLTER
en687,184,2022-08-01T19:23:00Z,Underway Science seawater diaphragm pump,TOI discrete,"","",40.3549,-70.877567,toi bottle 294,NESLTER
en687,185,2022-08-01T21:42:09Z,Underway Science seawater diaphragm pump,TOI discrete,"","",40.5126,-70.882233,toi bottle 845,NESLTER
en687,158,2022-08-01T22:01:54Z,Echosounder12,other,"","",40.530617,-70.881833,12KHz depth values recorded deeper than actual for a while. Tx blanking was set at 80. Depth was shallower than 80 - towing Stingray up the shelf break from deeper to shallower depths.,NESLTER
en687,159,2022-08-02T00:35:52Z,Sting Ray,recover,L4,tow004,40.695817,-70.88205,"",NESLTER
en687,160,2022-08-02T00:48:49Z,CTD911,deploy,L4,017,40.697883,-70.880233,Extra CTD for Tatiana to look for Hemiaulus,NESLTER
en687,232,2022-08-02T02:08:00Z,Underway Science seawater impeller,chl discrete,"","",40.545417,-70.883667,"",NESLTER
en687,161,2022-08-02T03:20:10Z,CTD911,deploy,L6,018,40.360917,-70.884233,"",NESLTER
en687,162,2022-08-02T03:59:31Z,Bongo Net,deploy,L6,B18,40.35605,-70.8748,9th Bongo. After CTD EN687_018.,NESLTER
en687,265,2022-08-02T04:10:50Z,Underway Science seawater diaphragm pump,DO discrete,"","",40.350917,-70.876767,O2 bottle 11,NESLTER
en687,266,2022-08-02T04:12:58Z,Underway Science seawater diaphragm pump,DO discrete,"","",40.349867,-70.87715,O2 bottle 26,NESLTER
en687,163,2022-08-02T04:13:29Z,Bongo Net,recover,L6,B18,40.349633,-70.877267,9th Bongo. After CTD EN687_018.,NESLTER
en687,267,2022-08-02T04:14:52Z,Underway Science seawater diaphragm pump,DO discrete,"","",40.349033,-70.8775,O2 bottle 22,NESLTER
en687,164,2022-08-02T04:31:25Z,Incubation C13,start,L6,018,40.361717,-70.872483,"",NESLTER
en687,165,2022-08-02T04:39:27Z,Incubation Mixotrophy,start,L6,18,40.363883,-70.846983,"",NESLTER
en687,166,2022-08-02T04:47:32Z,Incubation Mixotrophy,stop,L6,18,40.363083,-70.817667,"",NESLTER
en687,167,2022-08-02T04:51:12Z,Incubation Grazing,start,L6,18,40.36285,-70.804433,"",NESLTER
en687,187,2022-08-02T05:30:13Z,Underway Science seawater diaphragm pump,TOI discrete,"","",40.362817,-70.663217,toi bottle 205,NESLTER
en687,188,2022-08-02T05:54:22Z,Underway Science seawater diaphragm pump,TOI discrete,"","",40.36305,-70.720217,toi bottle 500,NESLTER
en687,168,2022-08-02T06:17:47Z,CTD911,deploy,u6a,019,40.360317,-70.774733,"",NESLTER
en687,189,2022-08-02T06:58:27Z,Underway Science seawater diaphragm pump,TOI discrete,"","",40.362683,-70.832033,toi bottle 580,NESLTER
en687,190,2022-08-02T07:12:46Z,Underway Science seawater diaphragm pump,TOI discrete,"","",40.360683,-70.883817,toi bottle 439,NESLTER
en687,191,2022-08-02T07:32:39Z,Underway Science seawater diaphragm pump,TOI discrete,"","",40.363433,-70.9568,toi bottle 575,NESLTER
en687,169,2022-08-02T07:51:28Z,CTD911,deploy,d6a,020,40.361,-70.99515,"",NESLTER
en687,192,2022-08-02T08:42:34Z,Underway Science seawater diaphragm pump,TOI discrete,"","",40.362667,-71.094067,toi bottle 242,NESLTER
en687,170,2022-08-02T10:56:13Z,CTD911,deploy,L7,021,40.228817,-70.8783,"",NESLTER
en687,171,2022-08-02T11:22:54Z,Sting Ray,SUNAV2,"","",40.226933,-70.870233,download Tow3and4 data - time sync 0sec off,NESLTER
en687,172,2022-08-02T11:35:47Z,Bongo Net,deploy,L7,B21,40.227383,-70.869233,10th Bongo. After CTD EN687_021.,NESLTER
en687,176,2022-08-02T11:49:18Z,Bongo Net,recover,L7,B21,40.226767,-70.862467,10th Bongo. After CTD EN687_021.,NESLTER
en687,173,2022-08-02T11:53:58Z,Incubation Mixotrophy,start,L7,21,40.226733,-70.86095,"",NESLTER
en687,179,2022-08-02T12:00:00Z,Incubation Respiration O2,stop,L8,016,40.2272,-70.860867,"",NESLTER
en687,174,2022-08-02T12:02:05Z,Incubation Mixotrophy,stop,L7,21,40.227583,-70.860933,"",NESLTER
en687,175,2022-08-02T12:18:48Z,Sting Ray,deploy towed,L7,tow005,40.222983,-70.875917,"",NESLTER
en687,178,2022-08-02T12:37:00Z,Incubation Respiration O2,start,L7,021,40.232183,-70.883367,"",NESLTER
en687,177,2022-08-02T13:56:54Z,Incubation C13,stop,L8,016,40.328683,-70.884083,"",NESLTER
en687,180,2022-08-02T14:49:43Z,Incubation Grazing,stop,L8,016,40.39065,-70.88355,"",NESLTER
en687,259,2022-08-02T16:12:38Z,Underway Science seawater diaphragm pump,DO discrete,"","",40.489683,-70.882633,O2 bottle 18,NESLTER
en687,260,2022-08-02T16:14:41Z,Underway Science seawater diaphragm pump,DO discrete,"","",40.492383,-70.8825,O2 bottle 36,NESLTER
en687,261,2022-08-02T16:17:25Z,Underway Science seawater diaphragm pump,DO discrete,"","",40.49575,-70.88245,O2 bottle 34,NESLTER
en687,214,2022-08-02T17:42:00Z,Underway Science seawater diaphragm pump,TOI discrete,"","",40.598833,-70.885233,toi bottle 367,NESLTER
en687,194,2022-08-02T17:44:00Z,SUNAV2,sync time,"","",40.601367,-70.885933,approx 2 sec slow,NESLTER
en687,193,2022-08-02T18:17:28Z,Other,other,"","",40.64505,-70.880667,microtops measurement 8 times,NESLTER
en687,215,2022-08-02T18:55:00Z,Underway Science seawater diaphragm pump,TOI discrete,"","",40.6932,-70.8831,toi bottle 586,NESLTER
en687,217,2022-08-02T20:02:00Z,Underway Science seawater diaphragm pump,TOI discrete,"","",40.784667,-70.883067,toi bottle 809,NESLTER
en687,233,2022-08-02T20:27:00Z,Underway Science seawater impeller,chl discrete,"","",40.81755,-70.882967,"",NESLTER
en687,195,2022-08-02T20:54:25Z,Sting Ray,recover,L3,tow005,40.8532,-70.884167,"",NESLTER
en687,196,2022-08-02T21:11:38Z,CTD911,deploy,L3,022,40.862233,-70.880967,"",NESLTER
en687,197,2022-08-02T21:42:11Z,Bongo Net,deploy,L3,B22,40.8578,-70.871067,11th Bongo. After CTD EN687_022.,NESLTER
en687,200,2022-08-02T21:48:29Z,Bongo Net,recover,L3,B22,40.854883,-70.869583,11th Bongo. After CTD EN687_022.,NESLTER
en687,198,2022-08-02T22:01:23Z,Sting Ray,deploy towed,L3,tow006,NaN,-70.867233,"",NESLTER
en687,199,2022-08-02T22:37:20Z,Incubation Mixotrophy,start,L3,22,40.865483,-70.88335,"",NESLTER
en687,201,2022-08-02T22:47:38Z,Incubation Mixotrophy,stop,L3,22,40.879217,-70.883167,"",NESLTER
en687,234,2022-08-02T23:32:00Z,Underway Science seawater impeller,chl discrete,"","",40.934667,-70.882817,"",NESLTER
en687,218,2022-08-02T23:40:14Z,Underway Science seawater diaphragm pump,TOI discrete,"","",40.94465,-70.883267,toi bottle 136,NESLTER
en687,203,2022-08-03T01:03:50Z,Sting Ray,recover,L2,tow006,41.034617,-70.88415,"",NESLTER
en687,235,2022-08-03T01:05:00Z,Underway Science seawater impeller,chl discrete,"","",41.03535,-70.884633,"",NESLTER
en687,207,2022-08-03T01:57:45Z,CTD911,deploy,L2,023,41.02965,-70.84815,"",NESLTER
en687,209,2022-08-03T02:27:13Z,CTD911,deploy,u2a,024,41.028467,-70.772017,"",NESLTER
en687,236,2022-08-03T02:52:00Z,Underway Science seawater impeller,chl discrete,"","",41.029967,-70.788167,"",NESLTER
en687,219,2022-08-03T03:03:43Z,Underway Science seawater diaphragm pump,TOI discrete,"","",41.030233,-70.832033,toi bottle 179,NESLTER
en687,220,2022-08-03T03:19:14Z,Underway Science seawater diaphragm pump,TOI discrete,"","",41.029567,-70.890317,toi bottle 312,NESLTER
en687,221,2022-08-03T03:33:49Z,Underway Science seawater diaphragm pump,TOI discrete,"","",41.029167,-70.94495,toi bottle 424,NESLTER
en687,210,2022-08-03T03:34:26Z,Incubation C13,stop,L6,18,41.029167,-70.947467,"",NESLTER
en687,211,2022-08-03T03:59:21Z,CTD911,deploy,d2a,025,41.02865,-70.99335,"",NESLTER
en687,213,2022-08-03T04:26:50Z,Incubation Grazing,stop,L6,018,41.030133,-71.027,"",NESLTER
en687,216,2022-08-03T04:39:31Z,Incubation Mixotrophy,start,L6,18,41.0248,-71.052617,incubation TF,NESLTER
en687,222,2022-08-03T04:47:47Z,Incubation Mixotrophy,stop,L6,18,41.027483,-71.0219,incubation TF,NESLTER
en687,237,2022-08-03T05:13:00Z,Underway Science seawater impeller,chl discrete,"","",41.0307,-70.922817,"",NESLTER
en687,246,2022-08-03T05:46:00Z,Underway Science seawater diaphragm pump,TOI discrete,"","",41.0944,-70.88285,toi bottle 492,NESLTER
en687,247,2022-08-03T06:21:00Z,Underway Science seawater diaphragm pump,TOI discrete,"","",41.19105,-70.875283,toi bottle 600,NESLTER
en687,223,2022-08-03T06:22:20Z,Ship,other,L1,"",41.1944,-70.873083,Traffic at L1 so ship cut the corner and didn't go through L1 waypoint.,NESLTER
en687,238,2022-08-03T06:24:00Z,Underway Science seawater impeller,chl discrete,"","",41.195467,-70.867033,"",NESLTER
en687,239,2022-08-03T07:58:23Z,CTD911,deploy,MVCO,026,41.318533,-70.575917,"",NESLTER
en687,248,2022-08-03T08:05:00Z,Underway Science seawater diaphragm pump,TOI discrete,"","",41.318317,-70.57565,toi bottle 542,NESLTER
en687,240,2022-08-03T08:16:33Z,Bongo Net,deploy,MVCO,B26,41.316667,-70.57715,12th Bongo. After CTD EN687_026.,NESLTER
en687,241,2022-08-03T08:19:33Z,Bongo Net,recover,MVCO,B26,41.31555,-70.5786,12th Bongo. After CTD EN687_026.,NESLTER
en687,242,2022-08-03T10:36:38Z,EIMS,stop,"","",41.339733,-70.90295,"",NESLTER
en687,243,2022-08-03T10:36:56Z,Attune Flow Cytometer,stop,"","",41.340667,-70.902917,"",NESLTER
en687,244,2022-08-03T10:37:18Z,IFCB continuous,stop,"","",41.3418,-70.90285,"",NESLTER
en687,245,2022-08-03T10:43:43Z,Underway Science seawater diaphragm pump,stop,"","",41.360367,-70.895633,Stop diaphragm pump flowthrough seawater system and fresh water flush for ~5min.,NESLTER
en687,275,2022-08-03T11:05:24Z,ADCP300,stop,"","",41.405483,-70.836667,Stopped UHDAS which controls both 75 and 300 KHz data acquisition before arriving at Woods Hole MA. In Vineyard Sound.,NESLTER
en687,276,2022-08-03T11:05:24Z,ADCP75,stop,"","",41.405483,-70.836667,Stopped UHDAS which controls both 75 and 300 KHz data acquisition before arriving at Woods Hole MA. In Vineyard Sound.,NESLTER
en687,277,2022-08-03T11:05:24Z,UHDAS for both ADCPs,stop,"","",41.405483,-70.836667,Stopped UHDAS which controls both 75 and 300 KHz data acquisition before arriving at Woods Hole MA. In Vineyard Sound.,NESLTER
en687,278,2022-08-03T11:15:24Z,Thermosalinographs on underway impeller,stop,"","",41.422867,-70.803633,TSG SBE21 acquisition stopped in SeaSave before stopping impeller pump in Vinyard Sound. ECO-Fluor and WETStar Fluor and Cosine Surface PAR are connected to the SBE21.,NESLTER
en687,279,2022-08-03T11:16:14Z,Underway Science seawater impeller,stop,"","",41.424017,-70.801083,Impeller pump stopped in Vineyard Sound. Seawater flow stopped to SBE45 and SBE21 and associated sensors.,NESLTER
en687,268,2022-08-03T11:32:24Z,Underway Science seawater impeller,other,"","",41.446267,-70.74535,Science Seawater Impeller pump system flow-through instruments back-flushed with fresh water.,NESLTER
en687,280,2022-08-03T12:17:54Z,Thermosalinographs on underway impeller,stop,"","",41.492883,-70.6684,Fresh water flush of seawater system complete. Power turned off to the SBE45 and SBE21 external sensors: ECO Fluor. WETStar Fluor. and cosine Surface PAR. In Vineyard Sound.,NESLTER
en687,281,2022-08-03T13:05:31Z,Ship,endCruise,"","",41.5229,-70.673033,Lines over to dock at Woods Hole Oceanographic Institution; Massachusetts.,NESLTER
en687,274,2022-08-03T13:21:00Z,Incubation Respiration O2,stop,"","",41.523483,-70.671783,"",NESLTER
en687,270,2022-08-03T13:36:48Z,Echosounder12,stop,"","",41.5235,-70.67175,Stop 12khz echosounder after arriving at the WHOI dock,NESLTER
en687,271,2022-08-03T14:41:18Z,Sting Ray,SUNAV2,"","",41.5235,-70.671783,sync time 1sec behind,NESLTER
en687,272,2022-08-03T15:19:04Z,MeteorologicalSensor,other,"","",41.523483,-70.671817,Met sensors remain running and logging as usual,NESLTER
en687,273,2022-08-03T15:20:53Z,SUNAV2,sync time,"","",41.523467,-70.671783,possibly quarter sec slow,NESLTER
ar70b,143,2022-11-16T17:00:00Z,SUNAV2,onCTD,"","",41.52402,-70.672274,"",OOI Pioneer
ar70b,144,2022-11-16T17:30:00Z,SUNAV2,Sync time,"","",41.524019,-70.672274,time approximate,OOI Pioneer
ar70b,1,2022-11-17T14:55:15Z,Ship,startCruise,"","",41.52402,-70.672274,left WHOI dock,OOI Pioneer
ar70b,2,2022-11-17T15:13:38Z,UHDAS,start,"","",41.490507,-70.672853,"",OOI Pioneer
ar70b,3,2022-11-17T15:15:52Z,Knudsen 3260,start,"","",41.486329,-70.680863,"",OOI Pioneer
ar70b,4,2022-11-17T15:19:16Z,Valeport SVS,start,"","",41.480123,-70.693724,"",OOI Pioneer
ar70b,5,2022-11-17T15:25:31Z,EM710,start,"","",41.468797,-70.717404,"",OOI Pioneer
ar70b,6,2022-11-17T15:40:53Z,Transmissometer 25cm,calibrate,"","",41.441782,-70.773563,"",OOI Pioneer
ar70b,7,2022-11-17T15:41:06Z,Transmissometer 10cm,calibrate,"","",41.4415,-70.774219,"",OOI Pioneer
ar70b,8,2022-11-17T16:21:08Z,Underway Science seawater,start,"","",41.367467,-70.901146,Diaphragm pump turned on,OOI Pioneer
ar70b,9,2022-11-17T16:21:24Z,PCO2,start,"","",41.366614,-70.901282,"",OOI Pioneer
ar70b,10,2022-11-17T16:49:44Z,IFCB,start,"","",41.288142,-70.893737,Start continuous sampling on underway,OOI Pioneer
ar70b,11,2022-11-17T16:50:20Z,EIMS,start,"","",41.286571,-70.893581,underway start,OOI Pioneer
ar70b,12,2022-11-17T16:56:46Z,Attune Flow Cytometer,start,"","",41.270099,-70.891825,underway start,OOI Pioneer
ar70b,13,2022-11-17T18:49:06Z,CTD911,deploy,L2,001,41.029227,-70.88247,CTD in water; NES-LTER cast,OOI Pioneer
ar70b,14,2022-11-17T18:55:59Z,CTD911,maxDepth,L2,001,41.02807,-70.882072,max depth 39 m,OOI Pioneer
ar70b,15,2022-11-17T19:05:51Z,CTD911,recover,L2,001,41.026831,-70.880029,CTD on deck,OOI Pioneer
ar70b,16,2022-11-17T22:12:05Z,CTD911,deploy,L4,002,40.69565,-70.882214,CTD in water; NES-LTER cast,OOI Pioneer
ar70b,17,2022-11-17T22:17:07Z,CTD911,maxDepth,L4,002,40.695397,-70.882276,max depth 62 m,OOI Pioneer
ar70b,53,2022-11-17T22:28:31Z,Underway Science seawater diaphragm pump,TOI Discrete,L4,"",40.695257,-70.882283,TOI bottle 831,OOI Pioneer
ar70b,54,2022-11-17T22:30:10Z,Underway Science seawater diaphragm pump,TOI Discrete,L4,"",40.695203,-70.882252,TOI bottle 702,OOI Pioneer
ar70b,18,2022-11-17T22:31:38Z,CTD911,recover,L4,002,40.695177,-70.882325,CTD on deck,OOI Pioneer
ar70b,19,2022-11-18T01:36:45Z,CTD911,deploy,L6,003,40.363743,-70.882337,CTD in water; NES-LTER cast,OOI Pioneer
ar70b,20,2022-11-18T01:43:59Z,CTD911,maxDepth,L6,003,40.364,-70.882182,max depth 85 m,OOI Pioneer
ar70b,21,2022-11-18T01:58:44Z,CTD911,recover,L6,003,40.363469,-70.882457,CTD on deck,OOI Pioneer
ar70b,22,2022-11-18T03:44:48Z,PCO2,start,"","",40.217177,-70.881516,pCO2 emergency stopped for some period of time. Possibly due to low flow rate. It is now running.,OOI Pioneer
ar70b,23,2022-11-18T06:32:24Z,UHDAS,stop,"","",39.769447,-70.883092,Stopped for EK80 survey,OOI Pioneer
ar70b,24,2022-11-18T06:32:38Z,EM710,stop,"","",39.769831,-70.883094,Stopped for EK80 survey,OOI Pioneer
ar70b,25,2022-11-18T06:32:53Z,Knudsen 3260,stop,"","",39.770254,-70.883049,Stopped for EK80 survey,OOI Pioneer
ar70b,26,2022-11-18T06:33:37Z,EK80 broadband,start,"","",39.771622,-70.882962,EK80 survey started,OOI Pioneer
ar70b,27,2022-11-18T10:32:15Z,CTD911,deploy,UO,004,39.937132,-70.764512,CTD in water,OOI Pioneer
ar70b,28,2022-11-18T10:48:56Z,CTD911,maxDepth,UO,004,39.936861,-70.764649,max depth 438 m,OOI Pioneer
ar70b,29,2022-11-18T11:03:05Z,EK80 broadband,stop,"","",39.936151,-70.764969,"",OOI Pioneer
ar70b,30,2022-11-18T11:16:15Z,CTD911,recover,UO,004,39.935831,-70.765126,CTD on deck,OOI Pioneer
ar70b,31,2022-11-18T11:22:53Z,UHDAS,start,"","",39.936409,-70.764593,"",OOI Pioneer
ar70b,32,2022-11-18T11:28:41Z,Knudsen 3260,stop,"","",39.937503,-70.76647,"",OOI Pioneer
ar70b,38,2022-11-18T17:10:49Z,CTD911,deploy,CO,005,40.097325,-70.874121,CTD in water,OOI Pioneer
ar70b,39,2022-11-18T17:18:05Z,CTD911,maxDepth,CO,005,40.097336,-70.874119,max depth 141 m,OOI Pioneer
ar70b,55,2022-11-18T17:44:37Z,Underway Science seawater diaphragm pump,TOI Discrete,L9,"",40.097323,-70.874121,TOI bottle 727,OOI Pioneer
ar70b,56,2022-11-18T17:46:13Z,Underway Science seawater diaphragm pump,TOI Discrete,L9,"",40.097321,-70.874064,TOI bottle 264,OOI Pioneer
ar70b,40,2022-11-18T17:46:15Z,CTD911,recover,CO,005,40.097321,-70.874064,CTD on deck,OOI Pioneer
ar70b,57,2022-11-18T19:29:32Z,Underway Science seawater diaphragm pump,DO Discrete,"","",40.226055,-70.89008,Bottle A26 temp 17.08,OOI Pioneer
ar70b,58,2022-11-18T19:31:36Z,Underway Science seawater diaphragm pump,DO Discrete,"","",40.225975,-70.890364,Bottle A27 temp 17.08,OOI Pioneer
ar70b,59,2022-11-18T19:33:21Z,Underway Science seawater diaphragm pump,DO Discrete,"","",40.225925,-70.890528,Bottle A28 temp 17.08,OOI Pioneer
ar70b,43,2022-11-18T20:13:15Z,CTD911,deploy,CI,006,40.225294,-70.893359,CTD in water,OOI Pioneer
ar70b,44,2022-11-18T20:22:55Z,CTD911,maxDepth,CI,006,40.225632,-70.893509,max depth 123 m,OOI Pioneer
ar70b,45,2022-11-18T20:47:15Z,CTD911,recover,CI,006,40.224405,-70.892878,CTD on deck,OOI Pioneer
ar70b,46,2022-11-18T22:32:29Z,CTD911,deploy,UI,007,40.366327,-70.768856,CTD in water,OOI Pioneer
ar70b,47,2022-11-18T22:37:07Z,CTD911,maxDepth,UI,007,40.366149,-70.768849,max depth 89 m,OOI Pioneer
ar70b,48,2022-11-18T22:51:22Z,CTD911,recover,UI,007,40.36652,-70.768896,CTD on deck,OOI Pioneer
ar70b,49,2022-11-19T01:29:50Z,PCO2,start,"","",40.361396,-70.79153,Restarted after it emergency stopped due to flow rate.,OOI Pioneer
ar70b,50,2022-11-19T03:15:39Z,CTD911,deploy,d6a,008,40.363191,-70.99118,"",OOI Pioneer
ar70b,51,2022-11-19T03:24:16Z,CTD911,maxDepth,d6a,008,40.363605,-70.991041,max depth 83m,OOI Pioneer
ar70b,52,2022-11-19T03:32:00Z,CTD911,recover,d6a,008,40.3636,-70.991016,"",OOI Pioneer
ar70b,60,2022-11-19T06:30:30Z,CTD911,deploy,L5,009,40.513375,-70.882911,"",OOI Pioneer
ar70b,114,2022-11-19T06:36:08Z,CTD911,maxDepth,L5,009,40.51327,-70.8829,max depth 68m,OOI Pioneer
ar70b,61,2022-11-19T06:48:11Z,CTD911,recover,L5,009,40.512753,-70.883011,"",OOI Pioneer
ar70b,62,2022-11-19T10:43:32Z,PCO2,start,"","",40.364196,-70.774863,fixed after an emergency stop from loss of flow,OOI Pioneer
ar70b,69,2022-11-19T17:47:26Z,Knudsen 3260,stop,"","",40.096731,-70.87489,Stopped for anchor recovery,OOI Pioneer
ar70b,71,2022-11-19T18:09:38Z,PCO2,service,"","",40.097445,-70.875014,Replaced drip sensor,OOI Pioneer
ar70b,72,2022-11-19T18:09:48Z,PCO2,start,"","",40.097448,-70.87501,"",OOI Pioneer
ar70b,121,2022-11-19T21:05:08Z,Underway Science seawater diaphragm pump,DO Discrete,"","",39.944299,-70.760415,Bottle A23 temp 20.29,OOI Pioneer
ar70b,122,2022-11-19T21:07:08Z,Underway Science seawater diaphragm pump,DO Discrete,"","",39.944103,-70.761159,Bottle A24 temp 20.35,OOI Pioneer
ar70b,123,2022-11-19T21:09:41Z,Underway Science seawater diaphragm pump,DO Discrete,"","",39.943912,-70.762069,Bottle A25 temp 20.39,OOI Pioneer
ar70b,74,2022-11-19T21:20:47Z,EK80 broadband,start,"","",39.941025,-70.766455,EK80 survey start,OOI Pioneer
ar70b,75,2022-11-19T21:21:09Z,UHDAS,stop,"","",39.940932,-70.766625,Secured for EK80 survey,OOI Pioneer
ar70b,76,2022-11-19T21:21:23Z,EM710,stop,"","",39.940874,-70.76675,Secured for EK80 survey,OOI Pioneer
ar70b,77,2022-11-19T21:28:57Z,EK80 broadband,stop,"","",39.938125,-70.772108,EK80 survey stop,OOI Pioneer
ar70b,78,2022-11-19T21:29:09Z,UHDAS,start,"","",39.938074,-70.772196,"",OOI Pioneer
ar70b,79,2022-11-19T21:29:20Z,EM710,start,"","",39.938026,-70.772285,"",OOI Pioneer
ar70b,80,2022-11-19T21:29:30Z,Knudsen 3260,start,"","",39.937983,-70.772363,"",OOI Pioneer
ar70b,81,2022-11-19T22:57:53Z,CTD911,deploy,L11,010,39.774075,-70.882168,"",OOI Pioneer
ar70b,124,2022-11-19T23:15:06Z,CTD911,maxDepth,L11,010,39.774363,-70.882513,max depth 498m,OOI Pioneer
ar70b,116,2022-11-19T23:32:09Z,Underway Science seawater diaphragm pump,TOI Discrete,L11,"",39.774757,-70.882839,TOI bottle 273,OOI Pioneer
ar70b,125,2022-11-19T23:33:44Z,CTD911,recover,L11,010,39.774725,-70.882849,"",OOI Pioneer
ar70b,118,2022-11-19T23:34:55Z,Underway Science seawater diaphragm pump,TOI Discrete,L11,"",39.774743,-70.882849,TOI bottle 689,OOI Pioneer
ar70b,82,2022-11-20T00:53:21Z,CTD911,deploy,L10,011,39.941093,-70.88129,"",OOI Pioneer
ar70b,126,2022-11-20T01:09:57Z,CTD911,maxDepth,L10,011,39.940793,-70.881142,max depth 444m,OOI Pioneer
ar70b,83,2022-11-20T01:32:49Z,CTD911,recover,L10,011,39.940811,-70.881123,"",OOI Pioneer
ar70b,84,2022-11-20T04:12:24Z,CTD911,deploy,u9a,012,40.098544,-70.756311,"",OOI Pioneer
ar70b,85,2022-11-20T04:24:34Z,CTD911,maxDepth,u9a,012,40.098269,-70.756294,max depth 129m,OOI Pioneer
ar70b,86,2022-11-20T04:31:00Z,CTD911,recover,u9a,012,40.097953,-70.75627,"",OOI Pioneer
ar70b,87,2022-11-20T05:50:59Z,CTD911,deploy,d9a,013,40.098273,-70.991847,"",OOI Pioneer
ar70b,88,2022-11-20T06:01:57Z,CTD911,maxDepth,d9a,013,40.09797,-70.99183,max depth 157m,OOI Pioneer
ar70b,89,2022-11-20T06:08:57Z,CTD911,recover,d9a,013,40.097836,-70.991814,"",OOI Pioneer
ar70b,90,2022-11-20T13:25:15Z,CTD911,deploy,AL-11,014,40.204849,-70.336578,CTD in water,OOI Pioneer
ar70b,91,2022-11-20T13:32:01Z,CTD911,maxDepth,AL-11,014,40.204516,-70.336749,max depth 102 m,OOI Pioneer
ar70b,92,2022-11-20T13:39:15Z,CTD911,recover,AL-11,014,40.204581,-70.336669,CTD on deck,OOI Pioneer
ar70b,93,2022-11-20T14:55:15Z,CTD911,deploy,AL-12,015,40.204311,-70.446357,CTD in water,OOI Pioneer
ar70b,94,2022-11-20T15:05:11Z,CTD911,maxDepth,AL-12,015,40.203856,-70.446631,max depth 109 m,OOI Pioneer
ar70b,95,2022-11-20T15:13:15Z,CTD911,recover,AL-12,015,40.203685,-70.44666,CTD on deck,OOI Pioneer
ar70b,96,2022-11-20T16:19:15Z,CTD911,deploy,AL-13,016,40.205256,-70.558479,CTD in water,OOI Pioneer
ar70b,97,2022-11-20T16:25:25Z,CTD911,maxDepth,AL-13,016,40.205036,-70.558589,max depth 112 m,OOI Pioneer
ar70b,98,2022-11-20T16:33:15Z,CTD911,recover,AL-13,016,40.20526,-70.558497,CTD on deck,OOI Pioneer
ar70b,99,2022-11-20T17:41:15Z,CTD911,deploy,AL-14,017,40.204991,-70.664696,CTD in water,OOI Pioneer
ar70b,100,2022-11-20T17:48:58Z,CTD911,maxDepth,AL-14,017,40.204088,-70.664903,max depth 115 m,OOI Pioneer
ar70b,101,2022-11-20T17:56:15Z,CTD911,recover,AL-14,017,40.203661,-70.665009,CTD on deck,OOI Pioneer
ar70b,102,2022-11-20T19:06:28Z,CTD911,deploy,AL-15,018,40.204095,-70.77413,CTD in water,OOI Pioneer
ar70b,103,2022-11-20T19:12:34Z,CTD911,maxDepth,AL-15,018,40.203482,-70.774309,max depth 119 m,OOI Pioneer
ar70b,104,2022-11-20T19:19:15Z,CTD911,recover,AL-15,018,40.202914,-70.77446,CTD on deck,OOI Pioneer
ar70b,105,2022-11-20T20:22:15Z,CTD911,deploy,AL-16,019,40.204659,-70.884165,CTD in water,OOI Pioneer
ar70b,106,2022-11-20T20:30:29Z,CTD911,maxDepth,AL-16,019,40.203587,-70.884554,max depth 122 m,OOI Pioneer
ar70b,119,2022-11-20T20:33:06Z,Underway Science seawater diaphragm pump,TOI Discrete,"","",40.203364,-70.884635,TOI bottle 624,OOI Pioneer
ar70b,107,2022-11-20T20:38:15Z,CTD911,recover,AL-16,019,40.202622,-70.884946,CTD on deck,OOI Pioneer
ar70b,108,2022-11-20T21:34:56Z,CTD911,deploy,AL-17,020,40.205233,-70.98889,CTD in water,OOI Pioneer
ar70b,109,2022-11-20T21:39:49Z,CTD911,maxDepth,AL-17,020,40.204869,-70.989095,max depth 124 m,OOI Pioneer
ar70b,110,2022-11-20T21:45:15Z,CTD911,recover,AL-17,020,40.204972,-70.989015,CTD on deck,OOI Pioneer
ar70b,111,2022-11-20T22:46:02Z,CTD911,deploy,AL-18,021,40.203837,-71.09442,CTD in water,OOI Pioneer
ar70b,112,2022-11-20T22:49:39Z,CTD911,maxDepth,AL-18,021,40.203604,-71.094596,max depth 118 m,OOI Pioneer
ar70b,113,2022-11-20T22:56:15Z,CTD911,recover,AL-18,021,40.203617,-71.094585,CTD on deck,OOI Pioneer
ar70b,115,2022-11-20T23:52:05Z,CTD911,deploy,AL-19,022,40.204517,-71.203692,CTD in water,OOI Pioneer
ar70b,117,2022-11-20T23:56:18Z,CTD911,maxDepth,AL-19,022,40.204398,-71.203738,max depth 104 m,OOI Pioneer
ar70b,120,2022-11-21T00:02:05Z,CTD911,recover,AL-19,022,40.204089,-71.203957,CTD on deck,OOI Pioneer
ar70b,127,2022-11-21T00:54:15Z,CTD911,deploy,AL-20,023,40.204877,-71.30958,CTD in water,OOI Pioneer
ar70b,128,2022-11-21T01:00:29Z,CTD911,maxDepth,AL-20,023,40.204881,-71.309655,max depth 86 m,OOI Pioneer
ar70b,129,2022-11-21T01:06:15Z,CTD911,recover,AL-20,023,40.205169,-71.309226,CTD on deck,OOI Pioneer
ar70b,130,2022-11-21T03:45:50Z,CTD911,deploy,L8,024,40.136339,-70.775686,"",OOI Pioneer
ar70b,131,2022-11-21T03:55:23Z,CTD911,maxDepth,L8,024,40.136484,-70.775603,max depth 127m,OOI Pioneer
ar70b,132,2022-11-21T04:08:46Z,CTD911,recover,L8,024,40.136948,-70.775197,"",OOI Pioneer
ar70b,133,2022-11-21T10:50:16Z,Knudsen 3260,stop,"","",39.938218,-70.885312,"",OOI Pioneer
ar70b,167,2022-11-21T16:22:01Z,Underway Science seawater diaphragm pump,DO Discrete,"","",39.937683,-70.887657,Bottle A20 temp 20.18,OOI Pioneer
ar70b,168,2022-11-21T16:24:06Z,Underway Science seawater diaphragm pump,DO Discrete,"","",39.937731,-70.887797,Bottle A21 Temp 20.17,OOI Pioneer
ar70b,169,2022-11-21T16:27:11Z,Underway Science seawater diaphragm pump,DO Discrete,"","",39.937788,-70.888006,Bottle A22 Temp 16:27,OOI Pioneer
ar70b,140,2022-11-21T17:05:44Z,Knudsen 3260,start,"","",39.942894,-70.856785,"",OOI Pioneer
ar70b,150,2022-11-21T22:51:35Z,UHDAS,stop,"","",39.93825,-70.775579,Secured for EK80 survey,OOI Pioneer
ar70b,151,2022-11-21T22:51:48Z,EM710,stop,"","",39.938347,-70.775857,Secured for EK80 survey,OOI Pioneer
ar70b,152,2022-11-21T22:52:00Z,Knudsen 3260,stop,"","",39.938432,-70.776145,Secured for EK80 survey,OOI Pioneer
ar70b,153,2022-11-21T22:52:19Z,EK80 broadband,start,"","",39.93858,-70.776678,EK80 Survey started,OOI Pioneer
ar70b,154,2022-11-21T23:28:58Z,CTD911,deploy,L10,025,39.939338,-70.88165,CTD acquisition started at 32m on downcast,OOI Pioneer
ar70b,155,2022-11-21T23:41:53Z,CTD911,maxDepth,L10,025,39.938939,-70.88118,max depth 440m,OOI Pioneer
ar70b,156,2022-11-21T23:53:34Z,CTD911,recover,L10,025,39.938898,-70.881114,"",OOI Pioneer
ar70b,157,2022-11-22T00:29:57Z,CTD911,deploy,L9.5,026,40.019293,-70.882991,"",OOI Pioneer
ar70b,158,2022-11-22T00:43:38Z,CTD911,maxDepth,L9.5,026,40.019376,-70.883011,max depth 244m,OOI Pioneer
ar70b,159,2022-11-22T00:48:56Z,CTD911,recover,L9.5,026,40.019001,-70.882588,"",OOI Pioneer
ar70b,160,2022-11-22T01:25:29Z,CTD911,deploy,L9,027,40.098056,-70.882738,"",OOI Pioneer
ar70b,161,2022-11-22T01:36:40Z,CTD911,maxDepth,L9,027,40.097666,-70.88232,max depth 139m,OOI Pioneer
ar70b,162,2022-11-22T01:40:27Z,CTD911,recover,L9,027,40.097388,-70.882051,"",OOI Pioneer
ar70b,163,2022-11-22T02:14:52Z,CTD911,deploy,L7.5,028,40.16253,-70.882683,"",OOI Pioneer
ar70b,164,2022-11-22T02:28:24Z,CTD911,maxDepth,L7.5,028,40.162247,-70.882539,"",OOI Pioneer
ar70b,165,2022-11-22T02:37:11Z,CTD911,recover,L7.5,028,40.161994,-70.882271,"",OOI Pioneer
ar70b,166,2022-11-22T10:21:58Z,Underway Science seawater diaphragm pump,TOI Discrete,"","",41.253112,-70.980218,TOI Bottle 711,OOI Pioneer
ar70b,170,2022-11-22T10:44:12Z,Underway Science seawater diaphragm pump,TOI Discrete,"","",41.314752,-70.939163,TOI Bottle 693,OOI Pioneer
ar70b,171,2022-11-22T10:46:08Z,Underway Science seawater diaphragm pump,DO Discrete,"","",41.320446,-70.935353,TOI Bottle 658,OOI Pioneer
ar70b,172,2022-11-22T10:52:18Z,PCO2,service,"","",41.337977,-70.923853,Running standards,OOI Pioneer
ar70b,173,2022-11-22T11:04:56Z,HZG Wave Radar,stop,"","",41.372363,-70.897417,"",OOI Pioneer
ar70b,174,2022-11-22T11:15:47Z,PCO2,service,"","",41.394964,-70.857724,Freshwater flush,OOI Pioneer
ar70b,175,2022-11-22T11:27:03Z,Underway Science seawater,stop,"","",41.417447,-70.814549,"",OOI Pioneer
ar70b,176,2022-11-22T11:27:17Z,Underway Science seawater,service,"","",41.417906,-70.813632,Freshwater flush,OOI Pioneer
ar70b,177,2022-11-22T11:36:16Z,EK80 broadband,stop,"","",41.436222,-70.777828,"",OOI Pioneer
ar70b,178,2022-11-22T11:37:36Z,EIMS,stop,"","",41.438969,-70.772434,"",OOI Pioneer
ar70b,179,2022-11-22T11:38:02Z,IFCB,stop,"","",41.439879,-70.770683,"",OOI Pioneer
ar70b,180,2022-11-22T11:38:24Z,Attune Flow Cytometer,stop,"","",41.440651,-70.769195,"",OOI Pioneer
ar70b,181,2022-11-22T12:06:33Z,Transmissometer 25cm,calibrate,"","",41.459177,-70.739946,"",OOI Pioneer
ar70b,182,2022-11-22T12:06:45Z,Transmissometer 10cm,calibrate,"","",41.459207,-70.739965,"",OOI Pioneer
ar70b,183,2022-11-22T13:24:22Z,Valeport SVS,stop,"","",41.478711,-70.696708,"",OOI Pioneer
ar70b,184,2022-11-22T13:55:15Z,Ship,endCruise,"","",41.524012,-70.672299,arrive WHOI dock; 1st line across 13:53 UTC,OOI Pioneer
ar70b,185,2022-11-22T14:08:48Z,Ship,endCruise,"","",41.524017,-70.672276,"",OOI Pioneer
en695,1,2023-01-09T15:58:18Z,MeteorologicalSensor,other,"","",41.586817,-71.41125,met sensors remain running and logging as usual,NESLTER
en695,21,2023-01-11T03:00:03Z,MeteorologicalSensor,other,"","",41.586867,-71.411217,RMY Air Temperature and Relative Humidity sensors on the pilot house roof started outputting incorrect and variable values. Before cruise. At Senesco dock.,NESLTER
en695,114,2023-01-11T13:00:00Z,SUNAV2,onCTD,"","",41.58685,-71.41125,"",NESLTER
en695,2,2023-01-11T14:00:42Z,Other,other,"","",41.586833,-71.4112,UNOLS video,NESLTER
en695,3,2023-01-11T14:44:03Z,Other,other,"","",41.58685,-71.4112,Science orientation in Main Lab,NESLTER
en695,4,2023-01-11T14:46:35Z,Echosounder12,start,"","",41.586817,-71.411217,12KHz echosounder started at the dock at Senesco,NESLTER
en695,5,2023-01-11T14:53:04Z,Ship,other,"","",41.58685,-71.411267,Gangway removed to Senesco dock,NESLTER
en695,6,2023-01-11T15:00:27Z,Ship,startCruise,"","",41.586733,-71.411233,Lines removed.  Leaving Senesco dock,NESLTER
en695,7,2023-01-11T15:34:03Z,BucketSample,other,NPTS1,"",41.569983,-71.391717,sampling for incubation for long term plankton time series; SMD GiG experiment,NESLTER
en695,8,2023-01-11T17:05:49Z,Underway Science seawater impeller,start,"","",41.39325,-71.323733,"",NESLTER
en695,9,2023-01-11T17:07:19Z,Thermosalinographs on underway impeller,start,"","",41.391183,-71.31905,11Jan2023a.* files. Start flow-through impeller pump system Seasave data acquisition of SBE21 and Fluorometers and SPAR.,NESLTER
en695,10,2023-01-11T17:08:23Z,Fluorometers on underway impeller,start,"","",41.389817,-71.315917,"",NESLTER
en695,13,2023-01-11T17:15:06Z,ADCP300,start,"","",41.3806,-71.2948,Turned on both 300 and 75 kHz ADCPs,NESLTER
en695,11,2023-01-11T17:15:54Z,UHDAS for both ADCPs,start,"","",41.37955,-71.29245,"",NESLTER
en695,12,2023-01-11T17:22:03Z,ADCP75,start,"","",41.371067,-71.27285,Turned on both 300 and 75 kHz ADCPs,NESLTER
en695,14,2023-01-11T18:38:02Z,SUNAV2,sync time,"","",41.265583,-71.036133,synced for start of the cruise prior to C1,NESLTER
en695,16,2023-01-11T18:40:39Z,Other,start,"","",41.262133,-71.028517,CTD training,NESLTER
en695,15,2023-01-11T18:47:22Z,Incubation Grazing,start,NPTS1,"",41.252783,-71.0079,Sample from Narragansett Plankton Time Series sampling site. Sampled from bucket.,NESLTER
en695,53,2023-01-11T18:47:44Z,Incubation C13,start,NPTS1,"",41.252183,-71.00665,TAR GIG Incubation Experiment at Fox Island from Bucket Sample,NESLTER
en695,79,2023-01-11T19:00:46Z,Underway Science seawater diaphragm pump,start,"","",41.234333,-70.967333,time approximate. Diaphragm pump turned on during transit to the 1st station L1.,NESLTER
en695,17,2023-01-11T19:52:12Z,CTD911,deploy,L1,001,41.197583,-70.88355,"",NESLTER
en695,22,2023-01-11T19:57:00Z,EIMS,start,"","",41.197717,-70.884383,"",NESLTER
en695,102,2023-01-11T20:07:00Z,IFCB continuous,start,"","",41.19815,-70.8862,"",NESLTER
en695,103,2023-01-11T20:07:31Z,Attune Flow Cytometer,start,"","",41.1982,-70.8863,"",NESLTER
en695,19,2023-01-11T20:35:44Z,Bongo Net,deploy,L1,B01,41.194767,-70.884133,"",NESLTER
en695,158,2023-01-11T20:42:27Z,Bongo Net,recover,L1,B01,41.191733,-70.883983,"",NESLTER
en695,23,2023-01-11T20:53:00Z,Incubation C13,start,L1,001,41.183617,-70.884017,"",NESLTER
en695,18,2023-01-11T20:53:48Z,Incubation Grazing,start,L1,001,41.182167,-70.88405,"",NESLTER
en695,20,2023-01-11T21:14:37Z,Sting Ray,deploy towed,L1.3,001,41.142317,-70.8839,Stingray in the water,NESLTER
en695,25,2023-01-11T21:30:00Z,Incubation Mixotrophy,start,L1,001,41.134767,-70.884567,"",NESLTER
en695,26,2023-01-11T21:45:00Z,Incubation Mixotrophy,stop,L1,001,41.122167,-70.8849,"",NESLTER
en695,142,2023-01-11T21:58:00Z,Underway Science seawater impeller,chl discrete,"","",41.108,-70.8843,"",NESLTER
en695,39,2023-01-11T22:00:39Z,MeteorologicalSensor,other,"","",41.104833,-70.884517,Time is to be checked!!!   RMY Air Temperature and Relative Humidity sensors on the pilot house roof disconnected and checked. Reconnected and still outputting incorrect high value of ~14C.,NESLTER
en695,29,2023-01-11T22:57:00Z,Underway Science seawater diaphragm pump,TOI discrete,"","",41.028283,-70.884017,646,NESLTER
en695,24,2023-01-11T23:20:12Z,Sting Ray,recover,L2,001,41.008033,-70.886383,"",NESLTER
en695,30,2023-01-12T00:18:00Z,Underway Science seawater diaphragm pump,TOI discrete,"","",40.857117,-70.8864,395,NESLTER
en695,101,2023-01-12T00:35:00Z,microDPI Prototype 1,start,"","",40.812983,-70.887183,sampling from underway diaphragm pump,NESLTER
en695,31,2023-01-12T02:24:00Z,Underway Science seawater diaphragm pump,TOI discrete,"","",40.511483,-70.886883,775,NESLTER
en695,27,2023-01-12T03:28:26Z,CTD911,deploy,L6,002,40.363717,-70.884017,"",NESLTER
en695,62,2023-01-12T03:30:00Z,Incubation C13,start,L6,002,40.36395,-70.883867,"",NESLTER
en695,28,2023-01-12T04:04:56Z,Bongo Net,deploy,L6,B02,40.372517,-70.8879,"",NESLTER
en695,159,2023-01-12T04:35:00Z,Bongo Net,recover,L6,B02,40.360517,-70.883367,"",NESLTER
en695,32,2023-01-12T05:17:47Z,Incubation Grazing,start,L6,002,40.243917,-70.884433,"",NESLTER
en695,129,2023-01-12T05:18:00Z,Underway Science seawater diaphragm pump,TOI discrete,"","",40.243233,-70.884433,Bottle 782 L7,NESLTER
en695,143,2023-01-12T05:47:00Z,Underway Science seawater impeller,chl discrete,"","",40.165167,-70.884333,"",NESLTER
en695,33,2023-01-12T05:50:00Z,Incubation Mixotrophy,start,L6,002,40.15705,-70.883833,"",NESLTER
en695,34,2023-01-12T06:00:23Z,Incubation Mixotrophy,stop,L6,002,40.129583,-70.883483,"",NESLTER
en695,130,2023-01-12T06:42:00Z,Underway Science seawater diaphragm pump,TOI discrete,"","",40.046483,-70.8812,Bottle 659 L9,NESLTER
en695,35,2023-01-12T06:42:38Z,CTD911,deploy,L9,003,40.046517,-70.881117,"",NESLTER
en695,144,2023-01-12T06:43:00Z,Underway Science seawater impeller,chl discrete,"","",40.046567,-70.881033,"",NESLTER
en695,36,2023-01-12T07:33:54Z,Bongo Net,deploy,L9,B03,40.050083,-70.879033,"",NESLTER
en695,160,2023-01-12T07:46:12Z,Bongo Net,recover,L9,B03,40.045783,-70.880267,"",NESLTER
en695,145,2023-01-12T08:17:00Z,Underway Science seawater impeller,chl discrete,"","",40.031533,-70.887767,"",NESLTER
en695,131,2023-01-12T09:02:00Z,Underway Science seawater diaphragm pump,TOI discrete,"","",39.940167,-70.882417,Bottle 124 L10,NESLTER
en695,37,2023-01-12T09:17:43Z,CTD911,deploy,L10,004,39.942483,-70.879533,"",NESLTER
en695,38,2023-01-12T09:36:56Z,Echosounder12,other,"","",39.94575,-70.877283,Change sound velocity from 1488 m/s back to the standard nominal value that we usually use of 1500 m/s. Average SV from CTD cast 004 is 1503m/s.,NESLTER
en695,41,2023-01-12T10:07:41Z,CTD911,other,L10,004,39.951133,-70.872467,Bottle 22 bottom cap had rotated into the bottle end so did not close. No sample.,NESLTER
en695,40,2023-01-12T10:20:16Z,Bongo Net,deploy,L10,B04,39.944067,-70.8827,"",NESLTER
en695,161,2023-01-12T10:35:30Z,Bongo Net,recover,L10,B04,39.9506,-70.885183,"",NESLTER
en695,42,2023-01-12T11:22:51Z,MeteorologicalSensor,other,"","",39.8782,-70.888217,Air Temperature / Relative Humidity - disconnect PWR+ cable in Young 26800 translator.,NESLTER
en695,43,2023-01-12T12:23:27Z,CTD911,deploy,L11,005,39.776417,-70.887283,"",NESLTER
en695,132,2023-01-12T12:55:00Z,Underway Science seawater diaphragm pump,TOI discrete,"","",39.781817,-70.884883,Bottle 794 L11,NESLTER
en695,133,2023-01-12T12:58:00Z,Underway Science seawater diaphragm pump,TOI discrete,"","",39.782317,-70.884683,Bottle 276 L11 duplicate,NESLTER
en695,44,2023-01-12T13:12:01Z,Bongo Net,deploy,L11,B05,39.784817,-70.882883,"",NESLTER
en695,162,2023-01-12T13:16:06Z,Bongo Net,recover,L11,B05,39.784983,-70.881367,"",NESLTER
en695,45,2023-01-12T13:30:00Z,Incubation C13,start,L11,005,39.78505,-70.875883,"",NESLTER
en695,46,2023-01-12T13:58:24Z,Sting Ray,deploy towed,L11,002,39.78555,-70.866083,"",NESLTER
en695,47,2023-01-12T13:59:16Z,Incubation Grazing,start,L11,005,39.785567,-70.865667,"",NESLTER
en695,146,2023-01-12T14:07:00Z,Underway Science seawater impeller,chl discrete,"","",39.785767,-70.863333,"",NESLTER
en695,49,2023-01-12T14:34:06Z,Echosounder12,stop,"","",39.798267,-70.85915,Echosounder 12KHz transmission turned off. Not getting good data since 1357z with the 12KHz pinger on the sled which is in the water being towed.,NESLTER
en695,138,2023-01-12T14:54:00Z,Incubation Mixotrophy,start,L11,005,39.810517,-70.86355,"",NESLTER
en695,139,2023-01-12T15:04:00Z,Incubation Mixotrophy,stop,L11,005,39.8173,-70.866117,"",NESLTER
en695,147,2023-01-12T16:04:00Z,Underway Science seawater impeller,chl discrete,"","",39.882733,-70.8814,"",NESLTER
en695,50,2023-01-12T16:56:21Z,Echosounder12,start,"","",39.945133,-70.8833,Echosounder 12KHz transmission turned on. Getting good data in shallower water even with the 12KHz pinger on the sled which is still in the water being towed.,NESLTER
en695,52,2023-01-12T17:30:00Z,Incubation C13,stop,NPTS1,"",39.987133,-70.88295,"",NESLTER
en695,51,2023-01-12T18:00:00Z,Incubation Grazing,stop,NPTS1,"",40.02355,-70.8831,"",NESLTER
en695,148,2023-01-12T18:55:00Z,Underway Science seawater impeller,chl discrete,"","",40.093817,-70.883967,"",NESLTER
en695,54,2023-01-12T19:54:42Z,Sting Ray,recover,L7.5,002,40.160583,-70.87805,"",NESLTER
en695,55,2023-01-12T20:21:42Z,CTD911,deploy,L8,006,40.151833,-70.882883,"",NESLTER
en695,70,2023-01-12T20:31:00Z,Underway Science seawater diaphragm pump,TOI discrete,"","",40.152233,-70.880683,Bottle 361 L8,NESLTER
en695,71,2023-01-12T20:33:00Z,Underway Science seawater diaphragm pump,TOI discrete,"","",40.152283,-70.879783,Bottle 176,NESLTER
en695,56,2023-01-12T20:59:57Z,Bongo Net,deploy,L8,B06,40.151167,-70.868717,"",NESLTER
en695,163,2023-01-12T21:14:58Z,Bongo Net,recover,L8,B06,40.14925,-70.859717,"",NESLTER
en695,63,2023-01-12T21:20:00Z,Incubation C13,start,L8,006,40.148583,-70.856633,"",NESLTER
en695,61,2023-01-12T21:20:05Z,Incubation C13,stop,L1,001,40.148583,-70.856633,"",NESLTER
en695,57,2023-01-12T22:03:48Z,Incubation Grazing,start,L8,006,40.2041,-70.876983,"",NESLTER
en695,58,2023-01-12T22:04:29Z,Incubation Grazing,stop,L1,001,40.205567,-70.877367,"",NESLTER
en695,59,2023-01-12T22:43:38Z,CTD911,deploy,L7,007,40.25895,-70.8833,"",NESLTER
en695,60,2023-01-12T23:19:52Z,Bongo Net,deploy,L7,B07,40.259133,-70.873283,"",NESLTER
en695,164,2023-01-12T23:27:47Z,Bongo Net,recover,L7,B07,40.258533,-70.87005,"",NESLTER
en695,64,2023-01-13T01:56:06Z,CTD911,deploy,L5,008,40.5144,-70.88675,"",NESLTER
en695,65,2023-01-13T02:22:47Z,Bongo Net,deploy,L5,B08,40.512783,-70.884033,"",NESLTER
en695,165,2023-01-13T02:31:31Z,Bongo Net,recover,L5,B08,40.51215,-70.881467,"",NESLTER
en695,66,2023-01-13T04:19:07Z,CTD911,deploy,L4,009,40.69675,-70.883933,"",NESLTER
en695,68,2023-01-13T04:29:00Z,Underway Science seawater diaphragm pump,TOI discrete,"","",40.697167,-70.882067,Bottle 552 L4,NESLTER
en695,69,2023-01-13T04:34:00Z,Underway Science seawater diaphragm pump,TOI discrete,"","",40.697083,-70.880883,Bottle 698 L4,NESLTER
en695,67,2023-01-13T04:44:21Z,Bongo Net,deploy,L4,B09,40.695517,-70.879967,"",NESLTER
en695,166,2023-01-13T04:49:13Z,Bongo Net,recover,L4,B09,40.694217,-70.87815,TDR not started before deployment,NESLTER
en695,82,2023-01-13T05:00:00Z,Incubation C13,start,L4,009,40.691933,-70.8769,"",NESLTER
en695,83,2023-01-13T05:05:00Z,Incubation C13,stop,L6,002,40.69075,-70.877883,"",NESLTER
en695,72,2023-01-13T05:41:06Z,Incubation Grazing,start,L4,009,40.690933,-70.884533,"",NESLTER
en695,73,2023-01-13T05:49:20Z,Incubation Grazing,stop,L6,002,40.706233,-70.88445,"",NESLTER
en695,78,2023-01-13T07:06:10Z,CTD911,deploy,L3,010,40.862783,-70.88315,"",NESLTER
en695,76,2023-01-13T07:25:00Z,Bongo Net,deploy,L3,B10,40.8608,-70.878617,"",NESLTER
en695,167,2023-01-13T07:29:44Z,Bongo Net,recover,L3,B10,40.85945,-70.8778,"",NESLTER
en695,74,2023-01-13T08:00:00Z,Incubation Mixotrophy,start,L4,009,40.851,-70.881,"",NESLTER
en695,75,2023-01-13T08:10:00Z,Incubation Mixotrophy,stop,L4,009,40.848733,-70.88255,"",NESLTER
en695,77,2023-01-13T10:15:07Z,CTD911,deploy,L2,011,41.02325,-70.882967,"",NESLTER
en695,134,2023-01-13T10:28:00Z,Underway Science seawater diaphragm pump,TOI discrete,"","",41.0206,-70.882783,Bottle 532 L2,NESLTER
en695,135,2023-01-13T10:31:00Z,Underway Science seawater diaphragm pump,TOI discrete,"","",41.019633,-70.883167,Bottle 813 L11 duplicate,NESLTER
en695,92,2023-01-13T10:46:29Z,Bongo Net,deploy,L2,B11,41.014267,-70.882333,"",NESLTER
en695,168,2023-01-13T10:51:10Z,Bongo Net,recover,L2,B11,41.0129,-70.883883,"",NESLTER
en695,81,2023-01-13T11:35:00Z,Incubation C13,start,L2,011,40.996033,-70.900117,"",NESLTER
en695,156,2023-01-13T11:47:00Z,microDPI Prototype 1,end,"","",40.99125,-70.904633,sampling from underway diaphragm pump,NESLTER
en695,122,2023-01-13T11:51:00Z,EIMS,stop,"","",40.9904,-70.905967,Shelter - turned off EIMS,NESLTER
en695,80,2023-01-13T11:59:31Z,Underway Science seawater diaphragm pump,stop,L2,"",41.0067,-70.908833,"Diaphragm pump turned off. Heading to a heave to location due to rough weather. The water there is ""dirty"" and will not be sampled.",NESLTER
en695,84,2023-01-13T12:12:08Z,IFCB continuous,stop,"","",41.0391,-70.910417,turning off underway while sheltering at Menemsha,NESLTER
en695,85,2023-01-13T12:12:24Z,Attune Flow Cytometer,stop,"","",41.03975,-70.910417,turning off underway while sheltering at Menemsha,NESLTER
en695,87,2023-01-13T12:14:37Z,Thermosalinographs on underway impeller,stop,"","",41.045667,-70.910283,"11Jan2023a.* files. Impeller pump turned off. Heading to a heave-to location due to rough weather. The water there is ""dirty"" and will not be sampled.",NESLTER
en695,86,2023-01-13T12:14:47Z,Underway Science seawater impeller,stop,"","",41.046283,-70.910317,"Impeller pump turned off. Heading to a heave-to location due to rough weather. The water there is ""dirty"" and will not be sampled.",NESLTER
en695,88,2023-01-13T12:17:04Z,Fluorometers on underway impeller,stop,"","",41.052133,-70.910417,"Impeller pump turned off. Heading to a heave-to location due to rough weather. The water there is ""dirty"" and will not be sampled.",NESLTER
en695,89,2023-01-13T12:28:25Z,Thermosalinographs on underway impeller,start,"","",41.081767,-70.91045,13Jan2023a.* files. SeaSave for SBE21 started to acquire SPAR data. Temp Cond Fluor data is incorrect because the impeller pump is turned off. However the Cosine Surface PAR is connected to this system.,NESLTER
en695,91,2023-01-13T13:05:00Z,Incubation C13,stop,L11,005,41.14635,-70.933267,"",NESLTER
en695,90,2023-01-13T14:09:43Z,Incubation Grazing,stop,L11,005,41.279317,-70.94075,"",NESLTER
en695,116,2023-01-13T15:53:27Z,Ship,other,"","",41.3901,-70.7949,shelter behind Menemsha,NESLTER
en695,93,2023-01-13T21:15:00Z,Incubation C13,stop,L8,006,41.389417,-70.7857,"",NESLTER
en695,109,2023-01-13T21:17:51Z,MeteorologicalSensor,other,"","",41.3888,-70.78705,Disconnect then reconnect power Young 26800 translator a number of times to some and/or all RMY-Trans-PMET sensors while troubleshooting Air Temperature / Relative Humidity sensor. Duration = ~40 minutes.,NESLTER
en695,94,2023-01-13T22:14:33Z,SUNAV2,sync time,"","",41.380367,-70.799367,1 sec slow a while afer C11,NESLTER
en695,95,2023-01-13T22:47:07Z,Incubation Grazing,stop,L8,006,41.386733,-70.83115,"",NESLTER
en695,157,2023-01-13T23:00:00Z,microDPI Prototype 1,service,"","",41.386733,-70.849383,clean with 2% micro,NESLTER
en695,123,2023-01-13T23:15:00Z,EIMS,start,"","",41.387217,-70.871017,Departed shelter - turned back on,NESLTER
en695,115,2023-01-13T23:30:00Z,Ship,other,"","",41.383933,-70.88995,depart Menemsha to continue operations after storm passed. time approx,NESLTER
en695,111,2023-01-13T23:46:57Z,Thermosalinographs on underway impeller,other,"","",41.362417,-70.91825,13Jan2023a.* files remain running. Start flow-through impeller pump system and open valve to SBE21 and Fluorometers and SBE45,NESLTER
en695,112,2023-01-13T23:55:37Z,Fluorometers on underway impeller,start,"","",41.347,-70.937017,Start flow-through impeller pump system and open valve to SBE21 and Fluorometers and SBE45,NESLTER
en695,96,2023-01-13T23:59:46Z,Underway Science seawater impeller,start,"","",41.338717,-70.9445,Start flow-through impeller pump system after it had been off while heaving to nearshore as weather front passed,NESLTER
en695,97,2023-01-14T00:05:05Z,Underway Science seawater diaphragm pump,start,"","",41.327267,-70.9498,Start flow-through diaphragm pump system after it had been off while heaving to nearshore as weather front passed,NESLTER
en695,149,2023-01-14T00:15:00Z,Underway Science seawater impeller,chl discrete,"","",41.305033,-70.960233,"",NESLTER
en695,98,2023-01-14T00:21:04Z,Attune Flow Cytometer,start,"","",41.292383,-70.966133,"",NESLTER
en695,99,2023-01-14T00:21:40Z,IFCB continuous,start,"","",41.291067,-70.96675,"",NESLTER
en695,100,2023-01-14T00:25:50Z,microDPI Prototype 1,start,"","",41.282083,-70.970983,sampling from underway diaphragm pump,NESLTER
en695,104,2023-01-14T00:43:19Z,Underway Science seawater diaphragm pump,IFCB discrete,"",UW1,41.24765,-70.970367,run on both IFCB109 and IFCB102,NESLTER
en695,105,2023-01-14T04:35:00Z,Incubation C13,stop,L4,009,40.854583,-70.883717,"",NESLTER
en695,150,2023-01-14T05:30:00Z,Underway Science seawater impeller,chl discrete,"","",40.751217,-70.815617,"",NESLTER
en695,106,2023-01-14T05:52:41Z,Incubation Grazing,stop,L4,009,40.704783,-70.780033,"",NESLTER
en695,107,2023-01-14T06:14:48Z,CTD911,deploy,u4a,012,40.69325,-70.77585,no water samples taken,NESLTER
en695,151,2023-01-14T06:47:00Z,Underway Science seawater impeller,chl discrete,"","",40.6936,-70.8076,"",NESLTER
en695,124,2023-01-14T06:52:00Z,Underway Science seawater diaphragm pump,TOI discrete,"","",40.694167,-70.822617,Bottle 540 U4half,NESLTER
en695,125,2023-01-14T07:12:00Z,Underway Science seawater diaphragm pump,TOI discrete,"","",40.695417,-70.882083,Bottle 529 L4,NESLTER
en695,126,2023-01-14T07:32:00Z,Underway Science seawater diaphragm pump,TOI discrete,"","",40.695117,-70.940833,Bottle 275 D4half,NESLTER
en695,127,2023-01-14T07:52:00Z,Underway Science seawater diaphragm pump,TOI discrete,"","",40.694117,-70.995583,Bottle 449 D4a,NESLTER
en695,108,2023-01-14T08:07:52Z,CTD911,deploy,d4a,013,40.696433,-70.996983,no water samples taken,NESLTER
en695,110,2023-01-14T09:34:16Z,CTD911,deploy,L4,014,40.699033,-70.88575,60m. single surface bottle for discrete IFCB,NESLTER
en695,113,2023-01-14T11:20:00Z,Incubation C13,stop,L2,011,40.81335,-70.88345,"",NESLTER
en695,128,2023-01-14T17:27:00Z,Underway Science seawater diaphragm pump,TOI discrete,"","",41.1973,-70.884583,Bottle 120 L1,NESLTER
en695,117,2023-01-14T17:35:00Z,CTD911,deploy,L1,015,41.198867,-70.885367,"",NESLTER
en695,119,2023-01-14T18:10:00Z,Incubation C13,start,L1,015,41.20255,-70.885783,"",NESLTER
en695,118,2023-01-14T18:25:39Z,Incubation Grazing,start,L1,015,41.202283,-70.8833,"",NESLTER
en695,140,2023-01-14T19:12:00Z,Incubation Mixotrophy,start,L1,015,41.205983,-70.755067,"",NESLTER
en695,141,2023-01-14T19:23:00Z,Incubation Mixotrophy,stop,L1,015,41.221683,-70.727267,"",NESLTER
en695,120,2023-01-14T20:37:41Z,CTD911,deploy,MVCO,016,41.31205,-70.578767,"",NESLTER
en695,152,2023-01-14T20:53:00Z,Underway Science seawater impeller,chl discrete,"","",41.312733,-70.578933,"",NESLTER
en695,121,2023-01-14T21:08:06Z,Bongo Net,deploy,MVCO,B16,41.30555,-70.583333,"",NESLTER
en695,169,2023-01-14T21:12:17Z,Bongo Net,recover,MVCO,L16,41.30545,-70.585617,"",NESLTER
en695,136,2023-01-14T21:32:27Z,Sting Ray,deploy towed,MVCO,003,41.300483,-70.587783,"",NESLTER
en695,153,2023-01-14T23:06:00Z,Underway Science seawater impeller,chl discrete,"","",41.244017,-70.682483,"",NESLTER
en695,154,2023-01-15T01:27:45Z,Sting Ray,recover,L1,003,41.203333,-70.879833,"",NESLTER
en695,155,2023-01-15T12:10:43Z,Underway Science seawater diaphragm pump,IFCB discrete,"",UW2,41.18305,-70.889817,run on both IFCB102 and IFCB109,NESLTER
en695,177,2023-01-15T13:00:00Z,Underway Science seawater diaphragm pump,TOI discrete,"","",41.175,-70.895317,Bottle 284 L1,NESLTER
en695,178,2023-01-15T14:01:00Z,Underway Science seawater diaphragm pump,TOI discrete,"","",41.185917,-70.899133,Bottle 726 L1,NESLTER
en695,170,2023-01-15T15:04:38Z,Underway Science seawater diaphragm pump,IFCB discrete,"",UW3,41.177067,-70.902167,run on both IFCB109 and IFCB102 - both CHL only,NESLTER
en695,179,2023-01-15T15:10:00Z,Underway Science seawater diaphragm pump,TOI discrete,"","",41.177567,-70.901967,Bottle 217 L1,NESLTER
en695,180,2023-01-15T16:05:00Z,Underway Science seawater diaphragm pump,TOI discrete,"","",41.165833,-70.896967,Bottle 210 L1,NESLTER
en695,181,2023-01-15T17:03:00Z,Underway Science seawater diaphragm pump,TOI discrete,"","",41.184133,-70.90245,Bottle 308 L1,NESLTER
en695,171,2023-01-15T17:43:46Z,Incubation C13,stop,L1,015,41.203133,-70.905883,"",NESLTER
en695,182,2023-01-15T18:05:00Z,Underway Science seawater diaphragm pump,TOI discrete,"","",41.184933,-70.900833,Bottle 399 L1,NESLTER
en695,172,2023-01-15T18:55:15Z,Incubation Grazing,stop,L1,015,41.1751,-70.894567,"",NESLTER
en695,183,2023-01-15T19:24:00Z,Underway Science seawater diaphragm pump,TOI discrete,"","",41.18255,-70.8912,Bottle 829 L1,NESLTER
en695,184,2023-01-15T20:02:00Z,Underway Science seawater diaphragm pump,TOI discrete,"","",41.174333,-70.8932,Bottle 625 L1,NESLTER
en695,173,2023-01-15T20:29:39Z,Underway Science seawater diaphragm pump,IFCB discrete,"",UW4,41.1685,-70.893283,run on both IFCB109 and IFCB102 - both CHL only,NESLTER
en695,185,2023-01-15T21:00:00Z,Underway Science seawater diaphragm pump,TOI discrete,"","",41.175567,-70.895017,Bottle 237 L1,NESLTER
en695,174,2023-01-15T21:27:00Z,microDPI Prototype 1,end,"","",41.183483,-70.8961,"",NESLTER
en695,175,2023-01-15T21:35:49Z,microDPI Prototype 1,service,"","",41.1814,-70.893667,clean with micro - tried swish but then move to soak for 30-60min,NESLTER
en695,186,2023-01-15T22:04:00Z,Underway Science seawater diaphragm pump,TOI discrete,"","",41.1677,-70.892783,Bottle 236 L1,NESLTER
en695,187,2023-01-15T23:10:00Z,Underway Science seawater diaphragm pump,TOI discrete,"","",41.1754,-70.89575,Bottle 250 L1,NESLTER
en695,176,2023-01-15T23:13:50Z,microDPI Prototype 1,start,"","",41.17595,-70.896033,"",NESLTER
en695,188,2023-01-16T00:07:00Z,Underway Science seawater diaphragm pump,TOI discrete,"","",41.183933,-70.897267,Bottle 402 L1,NESLTER
en695,189,2023-01-16T10:20:25Z,Attune Flow Cytometer,stop,"","",41.42105,-71.401417,end of cruise,NESLTER
en695,190,2023-01-16T10:20:54Z,IFCB continuous,stop,"","",41.4211,-71.401933,end of cruise,NESLTER
en695,191,2023-01-16T10:21:21Z,microDPI Prototype 1,end,"","",41.421133,-71.402417,end of cruise,NESLTER
en695,193,2023-01-16T11:35:40Z,Fluorometers on underway impeller,stop,"","",41.424983,-71.42045,"",NESLTER
en695,192,2023-01-16T11:36:36Z,Thermosalinographs on underway impeller,stop,"","",41.425133,-71.420367,13Jan2023a.* files stopped. Stop flow-through impeller pump system Seasave data acquisition of SBE21 and Fluorometers and SPAR,NESLTER
en695,194,2023-01-16T11:40:01Z,Underway Science seawater impeller,stop,"","",41.426117,-71.419817,Impeller pump turned off. Hove-to at mouth of Narragansett Bay,NESLTER
en695,195,2023-01-16T12:25:08Z,UHDAS for both ADCPs,stop,"","",41.419917,-71.413917,"",NESLTER
en695,196,2023-01-16T12:25:30Z,ADCP75,stop,"","",41.42005,-71.413917,"",NESLTER
en695,197,2023-01-16T12:25:47Z,ADCP300,stop,"","",41.420183,-71.413917,"",NESLTER
en695,199,2023-01-16T12:28:35Z,Thermosalinographs on underway impeller,other,"","",41.421517,-71.413883,16Jan2023Flush_EndOfCruise.* files. Back fresh-water flush the flow-through impeller pump system including SBE21 and Fluorometers and SBE45. Start Seasave data acquisition of SBE21 and Fluorometers and SPAR.,NESLTER
en695,198,2023-01-16T13:11:00Z,Underway Science seawater diaphragm pump,stop,"","",41.4296,-71.4142,Diaphragm pump turned off neat the mouth of Narragansett Bay.,NESLTER
en695,200,2023-01-16T14:06:25Z,Thermosalinographs on underway impeller,stop,"","",41.5024,-71.41135,Turn power off to the Fluorometers and cosine SPAR and SBE45. Water flow is already off.,NESLTER
en695,201,2023-01-16T14:41:00Z,BucketSample,start,NPTS2,"",41.568833,-71.391967,sampling for incubation for long term plankton time series; SMD GiG experiment,NESLTER
en695,202,2023-01-16T16:06:45Z,Echosounder12,stop,"","",41.586817,-71.411183,Echosounder 12KHz transmission turned off near Senesco dock,NESLTER
en695,203,2023-01-16T16:07:20Z,Ship,endCruise,"","",41.586817,-71.4112,Lines over to Senesco dock,NESLTER
en695,204,2023-01-16T16:08:27Z,MeteorologicalSensor,other,"","",41.586817,-71.411183,met sensors remain running and logging as usual,NESLTER
en695,205,2023-01-16T16:30:42Z,Ship,other,"","",41.586817,-71.411217,Gangway installed from Senesco dock,NESLTER
hrs2303,1,2023-04-27T13:22:01Z,Other,other,"","",41.523943,-70.672193,test gps,NESLTER
hrs2303,1,2023-04-29T03:30:00Z,Ship,startCruise,"","",41.493007,-70.680232,"",NESLTER
hrs2303,140,2023-04-29T03:34:00Z,Underway Science seawater diaphragm pump,start,"","",41.509927,-70.669842,"",NESLTER
hrs2303,143,2023-04-29T03:34:00Z,Underway Science seawater impeller,start,"","",41.509927,-70.669842,time entered is from TSG start time,NESLTER
hrs2303,142,2023-04-29T03:34:00Z,Fluorometers on underway impeller,start,"","",41.509927,-70.669842,time entered is from TSG start time,NESLTER
hrs2303,2,2023-04-29T03:34:27Z,Thermosalinographs on underway impeller,start,"","",41.509083,-70.669692,RVHRS Technicians started underway surface mapping system (SBE45 Underway sampling via impeller pump),NESLTER
hrs2303,138,2023-04-29T05:19:00Z,EIMS,start,"","",41.367655,-70.869267,"",NESLTER
hrs2303,9,2023-04-29T08:31:00Z,Surface PAR,start,"","",41.305385,-70.573433,"",NESLTER
hrs2303,8,2023-04-29T08:31:00Z,PAR Irradiance Sensor,start,"","",41.305385,-70.573433,"",NESLTER
hrs2303,11,2023-04-29T09:00:00Z,ADCP300,start,"","",41.319568,-70.538123,"",NESLTER
hrs2303,13,2023-04-29T09:00:00Z,Knudsen 3260,start,"","",41.319568,-70.538123,"",NESLTER
hrs2303,3,2023-04-29T09:15:00Z,IFCB continuous,start,"","",41.320437,-70.56742,UFCB109,NESLTER
hrs2303,4,2023-04-29T09:20:00Z,Attune Flow Cytometer,start,"","",41.320335,-70.576903,"",NESLTER
hrs2303,41,2023-04-29T09:30:00Z,SUNAV2,onCTD,"","",41.320103,-70.595938,"",NESLTER
hrs2303,43,2023-04-29T10:00:00Z,Sting Ray,SUNAV2,"","",41.319552,-70.571698,On for start of cruise. Should remain on,NESLTER
hrs2303,40,2023-04-29T10:00:00Z,SUNAV2,sync time,"","",41.319552,-70.571698,1 sec off. Sync prior to C1,NESLTER
hrs2303,42,2023-04-29T10:00:00Z,Sting Ray,UVP6,"","",41.319552,-70.571698,On for start of cruise. Plan to remain on unless a problem occurs,NESLTER
hrs2303,22,2023-04-29T10:36:05Z,Simrad EK-80,start,"","",41.323282,-70.558748,"",NESLTER
hrs2303,5,2023-04-29T10:43:00Z,CTD911,deploy,MVCO,01,41.327308,-70.560303,"",NESLTER
hrs2303,6,2023-04-29T11:57:00Z,Bongo Net,deploy,MVCO,B01,41.320367,-70.579095,"",NESLTER
hrs2303,7,2023-04-29T12:01:00Z,Bongo Net,recover,MVCO,B01,41.31909,-70.577403,"",NESLTER
hrs2303,12,2023-04-29T13:37:00Z,ADCP300,stop,"","",41.225037,-70.816363,"",NESLTER
hrs2303,14,2023-04-29T13:39:00Z,Knudsen 3260,stop,"","",41.22295,-70.821743,"",NESLTER
hrs2303,10,2023-04-29T13:48:00Z,ADCP300,start,"","",41.213733,-70.845422,"",NESLTER
hrs2303,20,2023-04-29T13:58:45Z,ADCP300,stop,"","",41.20244,-70.872763,"",NESLTER
hrs2303,21,2023-04-29T14:10:50Z,ADCP300,start,"","",41.195187,-70.888113,"",NESLTER
hrs2303,23,2023-04-29T15:05:00Z,Simrad EK-80,stop,"","",41.292305,-70.883267,"",NESLTER
hrs2303,24,2023-04-29T15:05:00Z,ADCP300,stop,"","",41.292305,-70.883267,"",NESLTER
hrs2303,25,2023-04-29T15:05:30Z,Knudsen 3260,stop,"","",41.293315,-70.88315,raise keel coming into dock for gale,NESLTER
hrs2303,16,2023-04-29T16:11:04Z,Attune Flow Cytometer,stop,"","",41.40806,-70.832497,"",NESLTER
hrs2303,17,2023-04-29T16:11:29Z,IFCB continuous,stop,"","",41.408555,-70.831767,going into dock due to weather,NESLTER
hrs2303,18,2023-04-29T16:11:46Z,EIMS,stop,"","",41.408897,-70.83125,"",NESLTER
hrs2303,19,2023-04-29T16:12:11Z,Underway Science seawater diaphragm pump,stop,"","",41.409367,-70.83053,turn off because going into dock due to weather,NESLTER
hrs2303,32,2023-04-29T18:15:00Z,Ship,other,"","",41.523938,-70.672177,return to dock to shelter from weatehr,NESLTER
hrs2303,27,2023-05-02T13:00:00Z,Ship,other,"","",41.523943,-70.672175,Depart dock after waiting for weather to pass,NESLTER
hrs2303,36,2023-05-02T13:21:00Z,Surface PAR,start,"","",41.511238,-70.669702,"",NESLTER
hrs2303,35,2023-05-02T13:24:00Z,Underway Science seawater diaphragm pump,start,"","",41.50681,-70.667908,"",NESLTER
hrs2303,145,2023-05-02T13:24:00Z,Thermosalinographs on underway impeller,start,"","",41.50681,-70.667908,time entered is from Diaphragm pump start time,NESLTER
hrs2303,146,2023-05-02T13:24:00Z,Underway Science seawater impeller,start,"","",41.50681,-70.667908,time entered is from Diaphragm pump start time,NESLTER
hrs2303,144,2023-05-02T13:24:00Z,Fluorometers on underway impeller,start,"","",41.50681,-70.667908,time entered is from Diaphragm pump start time,NESLTER
hrs2303,37,2023-05-02T13:39:00Z,Ship,other,"","",41.494485,-70.677222,drop keel,NESLTER
hrs2303,28,2023-05-02T13:47:08Z,ADCP300,start,"","",41.492728,-70.687522,"",NESLTER
hrs2303,29,2023-05-02T14:04:38Z,Simrad EK-80,start,"","",41.483798,-70.707753,passive test,NESLTER
hrs2303,30,2023-05-02T14:50:00Z,Simrad EK-80,stop,"","",41.471922,-70.720135,end passive test,NESLTER
hrs2303,31,2023-05-02T14:51:00Z,Simrad EK-80,start,"","",41.471642,-70.720453,start active mode,NESLTER
hrs2303,33,2023-05-02T17:19:36Z,EIMS,start,"","",41.431788,-70.808375,"",NESLTER
hrs2303,137,2023-05-02T17:29:00Z,IFCB continuous,start,"","",41.42115,-70.828642,"",NESLTER
hrs2303,34,2023-05-02T17:29:23Z,Attune Flow Cytometer,start,"","",41.420648,-70.829755,"",NESLTER
hrs2303,38,2023-05-02T19:44:19Z,Underwater PAR,recover,L1,PAR01,41.197935,-70.885802,CTD02; PAR data acq very slow rate on this cast recast at this station with faster rate,NESLTER
hrs2303,39,2023-05-02T19:45:06Z,SUNAV2,sync time,"","",41.197902,-70.885847,0 sec off. Did not sync. Held time from Apr 29 sync. Prior to C2,NESLTER
hrs2303,44,2023-05-02T19:52:13Z,Underwater PAR,deploy,L1,PAR02,41.198072,-70.885952,CTD02; PAR recast at this station with faster data acq rate,NESLTER
hrs2303,45,2023-05-02T19:53:55Z,Underwater PAR,recover,L1,PAR02,41.198282,-70.885883,CTD02,NESLTER
hrs2303,46,2023-05-02T20:05:44Z,CTD911,deploy,L1,02,41.199313,-70.885095,"",NESLTER
hrs2303,47,2023-05-02T20:23:00Z,Bongo Net,deploy,L1,B02,41.199542,-70.883868,"",NESLTER
hrs2303,48,2023-05-02T20:29:00Z,Bongo Net,recover,L1,B02,41.197212,-70.884832,"",NESLTER
hrs2303,49,2023-05-02T23:15:23Z,Underway Science seawater diaphragm pump,TOI discrete,"","",40.919403,-70.880912,"",NESLTER
hrs2303,50,2023-05-02T23:53:01Z,Underway Science seawater diaphragm pump,TOI discrete,"","",40.852932,-70.880185,"",NESLTER
hrs2303,51,2023-05-03T03:18:21Z,Isaacs-Kidd Midwater Trawl,startSample,L05,01,40.512573,-70.884497,"",NESLTER
hrs2303,52,2023-05-03T03:45:21Z,Isaacs-Kidd Midwater Trawl,stopSample,L05,01,40.491578,-70.903862,"",NESLTER
hrs2303,53,2023-05-03T04:20:26Z,CTD911,deploy,L5,03,40.512815,-70.88429,"",NESLTER
hrs2303,55,2023-05-03T04:50:00Z,Bongo Net,deploy,L5,B03,40.514928,-70.88156,"",NESLTER
hrs2303,54,2023-05-03T05:07:00Z,Bongo Net,recover,L5,B03,40.504672,-70.884727,"",NESLTER
hrs2303,56,2023-05-03T07:35:00Z,Isaacs-Kidd Midwater Trawl,startSample,L07,02,40.277215,-70.880928,"",NESLTER
hrs2303,57,2023-05-03T08:10:00Z,Isaacs-Kidd Midwater Trawl,stopSample,L07,02,40.247292,-70.893535,"",NESLTER
hrs2303,84,2023-05-03T08:35:00Z,CTD911,deploy,L7,04,40.25559,-70.885258,target depth 120m,NESLTER
hrs2303,58,2023-05-03T09:11:49Z,Bongo Net,deploy,L7,B04,40.25838,-70.886968,"",NESLTER
hrs2303,59,2023-05-03T09:21:00Z,Bongo Net,recover,L7,B04,40.255712,-70.891665,"",NESLTER
hrs2303,90,2023-05-03T10:30:00Z,Underwater PAR,deploy,L8,PAR03,40.155702,-70.880697,CTD04,NESLTER
hrs2303,86,2023-05-03T10:50:00Z,CTD911,deploy,L8,05,40.153082,-70.882655,target depth 133m,NESLTER
hrs2303,125,2023-05-03T11:24:00Z,Underway Science seawater diaphragm pump,TOI discrete,"","",40.15646,-70.882027,"",NESLTER
hrs2303,126,2023-05-03T11:26:00Z,Underway Science seawater diaphragm pump,TOI discrete,"","",40.155047,-70.884358,"",NESLTER
hrs2303,60,2023-05-03T11:37:20Z,Bongo Net,deploy,L8,B05,40.152095,-70.8803,"",NESLTER
hrs2303,61,2023-05-03T11:52:58Z,Bongo Net,recover,L8,B05,40.149103,-70.888502,"",NESLTER
hrs2303,89,2023-05-03T12:55:00Z,Underwater PAR,deploy,L9,PAR04,40.046218,-70.884355,CTD06,NESLTER
hrs2303,87,2023-05-03T13:15:00Z,CTD911,deploy,L9,06,40.046612,-70.8807,target depth 202m,NESLTER
hrs2303,63,2023-05-03T14:05:00Z,Bongo Net,deploy,L9,B06,40.047027,-70.881877,"",NESLTER
hrs2303,64,2023-05-03T14:36:00Z,Bongo Net,recover,L9,B06,40.034065,-70.895923,"",NESLTER
hrs2303,88,2023-05-03T15:55:00Z,Isaacs-Kidd Midwater Trawl,startSample,L10,03,39.957657,-70.879893,"",NESLTER
hrs2303,148,2023-05-03T17:26:00Z,Isaacs-Kidd Midwater Trawl,stopSample,L10,03,39.89908,-70.886517,"",NESLTER
hrs2303,62,2023-05-03T18:00:40Z,Underwater PAR,deploy,L10,PAR05,39.938923,-70.880348,CTD07,NESLTER
hrs2303,65,2023-05-03T18:05:34Z,Underwater PAR,recover,L10,PAR05,39.93896,-70.879222,CTD07; max depth 80,NESLTER
hrs2303,66,2023-05-03T18:16:35Z,CTD911,deploy,L10,07,39.9393,-70.876458,"",NESLTER
hrs2303,67,2023-05-03T19:38:14Z,Bongo Net,deploy,L10,B07,39.94671,-70.883635,"",NESLTER
hrs2303,68,2023-05-03T20:04:07Z,Bongo Net,recover,L10,B07,39.927017,-70.885992,"",NESLTER
hrs2303,69,2023-05-03T21:06:00Z,Isaacs-Kidd Midwater Trawl,startSample,L11,04,39.808325,-70.88346,"",NESLTER
hrs2303,149,2023-05-03T22:26:00Z,Isaacs-Kidd Midwater Trawl,stopSample,L11,04,39.764172,-70.88753,"",NESLTER
hrs2303,70,2023-05-03T22:39:27Z,Underwater PAR,deploy,L11,PAR06,39.770437,-70.88313,CTD08,NESLTER
hrs2303,71,2023-05-03T22:53:22Z,CTD911,deploy,L11,08,39.76886,-70.884823,"",NESLTER
hrs2303,75,2023-05-04T00:03:00Z,Underway Science seawater diaphragm pump,TOI discrete,"","",39.762827,-70.895517,"",NESLTER
hrs2303,72,2023-05-04T00:05:10Z,CTD911,recover,L11,08,39.762683,-70.895948,"",NESLTER
hrs2303,76,2023-05-04T00:07:00Z,Underway Science seawater diaphragm pump,TOI discrete,"","",39.762588,-70.896265,"",NESLTER
hrs2303,73,2023-05-04T00:23:59Z,Bongo Net,deploy,L11,B08,39.766827,-70.889727,"",NESLTER
hrs2303,74,2023-05-04T00:47:00Z,Bongo Net,recover,L11,B08,39.77898,-70.87754,"",NESLTER
hrs2303,77,2023-05-04T02:20:00Z,Sting Ray,deploy towed,L11,tow01,39.760292,-70.899705,"",NESLTER
hrs2303,78,2023-05-04T05:24:17Z,Underway Science seawater diaphragm pump,TOI discrete,"","",39.93335,-70.881178,"",NESLTER
hrs2303,79,2023-05-04T06:10:23Z,Underway Science seawater diaphragm pump,TOI discrete,"","",39.993537,-70.883605,"",NESLTER
hrs2303,80,2023-05-04T06:47:16Z,Underway Science seawater diaphragm pump,TOI discrete,"","",40.041205,-70.88459,"",NESLTER
hrs2303,81,2023-05-04T07:32:30Z,Underway Science seawater diaphragm pump,TOI discrete,"","",40.099457,-70.884775,"",NESLTER
hrs2303,82,2023-05-04T08:07:56Z,Underway Science seawater diaphragm pump,TOI discrete,"","",40.144802,-70.882887,"",NESLTER
hrs2303,83,2023-05-04T08:49:27Z,Underway Science seawater diaphragm pump,TOI discrete,"","",40.198628,-70.882327,"",NESLTER
hrs2303,85,2023-05-04T09:01:05Z,Underway Science seawater diaphragm pump,IFCB discrete,"",UW1,40.21364,-70.882248,run on both IFCB102 and IFCB115,NESLTER
hrs2303,119,2023-05-04T09:22:14Z,Underway Science seawater diaphragm pump,DO discrete,"","",40.240933,-70.881718,"",NESLTER
hrs2303,120,2023-05-04T09:24:06Z,Underway Science seawater diaphragm pump,DO discrete,"","",40.243525,-70.881712,"",NESLTER
hrs2303,121,2023-05-04T09:27:31Z,Underway Science seawater diaphragm pump,DO discrete,"","",40.247937,-70.881905,"",NESLTER
hrs2303,91,2023-05-04T09:38:55Z,Underway Science seawater diaphragm pump,TOI discrete,"","",40.261042,-70.88367,"",NESLTER
hrs2303,99,2023-05-04T12:15:00Z,Sting Ray,recover,L5.5,tow01,40.459927,-70.881962,"",NESLTER
hrs2303,92,2023-05-04T13:27:54Z,Underwater PAR,deploy,L6,PAR07,40.365383,-70.880447,CTD09,NESLTER
hrs2303,93,2023-05-04T13:29:45Z,Underwater PAR,abort,L6,PAR07,40.364703,-70.88133,max depth around 14m due to drag,NESLTER
hrs2303,94,2023-05-04T13:30:10Z,Underwater PAR,deploy,L6,PAR08,40.364433,-70.881647,CTD09; ship in better position for meter to get to depth,NESLTER
hrs2303,95,2023-05-04T13:37:23Z,Underwater PAR,recover,L6,PAR08,40.36321,-70.884068,max depth about 78m,NESLTER
hrs2303,96,2023-05-04T13:47:00Z,CTD911,deploy,L6,09,40.362267,-70.887308,"",NESLTER
hrs2303,127,2023-05-04T14:11:00Z,Underway Science seawater diaphragm pump,TOI discrete,"","",40.36358,-70.892268,"",NESLTER
hrs2303,128,2023-05-04T14:13:00Z,Underway Science seawater diaphragm pump,TOI discrete,"","",40.363958,-70.892455,"",NESLTER
hrs2303,97,2023-05-04T14:29:18Z,Bongo Net,deploy,L6,B09,40.365737,-70.882988,"",NESLTER
hrs2303,98,2023-05-04T14:40:00Z,Bongo Net,recover,L6,B09,40.370293,-70.878892,"",NESLTER
hrs2303,100,2023-05-04T18:11:35Z,SUNAV2,sync time,"","",40.688665,-70.883625,0sec off. Did not need to sync. Prior to C10,NESLTER
hrs2303,147,2023-05-04T18:37:00Z,Underwater PAR,other,L4,"",40.698063,-70.885163,CTD10; no PAR cast due to sea state,NESLTER
hrs2303,135,2023-05-04T18:37:00Z,CTD911,deploy,L4,10,40.698063,-70.885163,"",NESLTER
hrs2303,129,2023-05-04T18:50:00Z,Underway Science seawater diaphragm pump,TOI discrete,"","",40.69661,-70.886722,"",NESLTER
hrs2303,130,2023-05-04T18:52:00Z,Underway Science seawater diaphragm pump,TOI discrete,"","",40.696385,-70.886838,"",NESLTER
hrs2303,101,2023-05-04T19:16:19Z,Bongo Net,deploy,L4,B10,40.694782,-70.888232,"",NESLTER
hrs2303,102,2023-05-04T19:28:37Z,Bongo Net,recover,L4,B10,40.694352,-70.89399,"",NESLTER
hrs2303,103,2023-05-04T22:11:39Z,Underwater PAR,deploy,L3,PAR09,40.867138,-70.884338,CTD11,NESLTER
hrs2303,104,2023-05-04T22:14:42Z,Underwater PAR,recover,L3,PAR09,40.867195,-70.884418,max depth 56m which is bottom,NESLTER
hrs2303,136,2023-05-04T22:20:00Z,CTD911,deploy,L3,11,40.86553,-70.886518,"",NESLTER
hrs2303,105,2023-05-04T23:23:36Z,Bongo Net,deploy,L3,B11,40.865677,-70.88375,"",NESLTER
hrs2303,106,2023-05-04T23:33:34Z,Bongo Net,recover,L3,B11,40.857547,-70.890505,"",NESLTER
hrs2303,107,2023-05-05T01:26:42Z,CTD911,deploy,L2,12,41.03082,-70.883843,"",NESLTER
hrs2303,109,2023-05-05T01:40:28Z,Underway Science seawater diaphragm pump,TOI discrete,"","",41.029,-70.883618,"",NESLTER
hrs2303,110,2023-05-05T01:42:03Z,Underway Science seawater diaphragm pump,TOI discrete,"","",41.028217,-70.884017,"",NESLTER
hrs2303,108,2023-05-05T02:12:31Z,Bongo Net,deploy,L2,B12,41.029818,-70.883513,"",NESLTER
hrs2303,111,2023-05-05T02:17:00Z,Bongo Net,recover,L2,B12,41.028042,-70.883852,"",NESLTER
hrs2303,112,2023-05-05T03:14:39Z,Underway Science seawater diaphragm pump,TOI discrete,"","",40.950503,-70.88675,"",NESLTER
hrs2303,113,2023-05-05T04:21:21Z,Underway Science seawater diaphragm pump,TOI discrete,"","",40.863148,-70.880913,"",NESLTER
hrs2303,114,2023-05-05T05:25:29Z,Underway Science seawater diaphragm pump,TOI discrete,"","",40.7785,-70.884043,"",NESLTER
hrs2303,115,2023-05-05T06:29:47Z,Underway Science seawater diaphragm pump,TOI discrete,"","",40.691033,-70.883687,"",NESLTER
hrs2303,118,2023-05-05T08:44:34Z,Underway Science seawater diaphragm pump,DO discrete,"","",40.510435,-70.884023,"",NESLTER
hrs2303,117,2023-05-05T08:49:05Z,Underway Science seawater diaphragm pump,DO discrete,"","",40.504987,-70.883647,"",NESLTER
hrs2303,116,2023-05-05T08:53:02Z,Underway Science seawater diaphragm pump,DO discrete,"","",40.500242,-70.883283,"",NESLTER
hrs2303,122,2023-05-05T10:25:54Z,Sting Ray,deploy towed,L5.5,tow02,40.44056,-70.907113,"",NESLTER
hrs2303,123,2023-05-05T10:32:00Z,Underway Science seawater diaphragm pump,TOI discrete,"","",40.435305,-70.908315,"",NESLTER
hrs2303,124,2023-05-05T11:34:00Z,Underway Science seawater diaphragm pump,TOI discrete,"","",40.501967,-70.883278,"",NESLTER
hrs2303,131,2023-05-05T12:46:47Z,ADCP300,stop,"","",40.605358,-70.884915,"",NESLTER
hrs2303,132,2023-05-05T12:48:11Z,ADCP300,start,"","",40.607238,-70.884912,"",NESLTER
hrs2303,133,2023-05-05T12:50:00Z,Underway Science seawater diaphragm pump,TOI discrete,"","",40.609647,-70.884955,"",NESLTER
hrs2303,134,2023-05-05T13:48:00Z,Underway Science seawater diaphragm pump,TOI discrete,"","",40.688952,-70.88197,"",NESLTER
hrs2303,139,2023-05-05T14:39:08Z,Underway Science seawater diaphragm pump,IFCB discrete,"",UW2,40.759668,-70.884462,run on both IFCB102 and IFCB115,NESLTER
hrs2303,141,2023-05-05T14:42:15Z,Underway Science seawater diaphragm pump,TOI discrete,"","",40.763832,-70.884553,"",NESLTER
hrs2303,150,2023-05-05T16:00:42Z,Underway Science seawater diaphragm pump,TOI discrete,"","",40.86902,-70.883595,"",NESLTER
hrs2303,151,2023-05-05T17:02:41Z,Underway Science seawater diaphragm pump,TOI discrete,"","",40.951922,-70.884882,"",NESLTER
hrs2303,153,2023-05-05T17:58:42Z,Underway Science seawater diaphragm pump,DO discrete,"","",41.02705,-70.884078,"",NESLTER
hrs2303,154,2023-05-05T18:00:32Z,Underway Science seawater diaphragm pump,DO discrete,"","",41.029428,-70.884003,"",NESLTER
hrs2303,155,2023-05-05T18:05:04Z,Underway Science seawater diaphragm pump,DO discrete,"","",41.035597,-70.883948,"",NESLTER
hrs2303,152,2023-05-05T18:05:07Z,Underway Science seawater diaphragm pump,TOI discrete,"","",41.035942,-70.883955,"",NESLTER
hrs2303,156,2023-05-05T19:05:26Z,Underway Science seawater diaphragm pump,TOI discrete,"","",41.116777,-70.883303,"",NESLTER
hrs2303,157,2023-05-05T20:06:32Z,Underway Science seawater diaphragm pump,TOI discrete,"","",41.193115,-70.892267,"",NESLTER
hrs2303,158,2023-05-05T22:26:57Z,EIMS,stop,"","",41.431138,-70.794397,"",NESLTER
hrs2303,159,2023-05-05T23:21:55Z,ADCP300,stop,"","",41.500448,-70.67402,"",NESLTER
ar75,1,2023-06-29T11:47:43Z,Ship,startCruise,"","",41.523287,-70.672971,Departed WHOI dock,Opportunistic
ar75,4,2023-06-29T12:27:46Z,UHDAS,start,"","",41.447614,-70.76273,"",Opportunistic
ar75,5,2023-06-29T12:36:46Z,Knudsen 3260,start,"","",41.430851,-70.794513,"",Opportunistic
ar75,6,2023-06-29T12:47:56Z,CSTARS HZG radar,start,"","",41.409989,-70.833887,"",Opportunistic
ar75,7,2023-06-29T15:35:07Z,Underway Science seawater,start,"","",40.93079,-70.87663,"",Opportunistic
ar75,8,2023-06-29T15:37:28Z,GO pCO2 8050,start,"","",40.924048,-70.87511,"",Opportunistic
ar75,9,2023-06-30T10:55:55Z,UHDAS,start,"","",38.972168,-70.214752,on for bridge nav,Opportunistic
ar75,10,2023-06-30T13:56:27Z,UHDAS,stop,"","",38.987149,-70.189344,"",Opportunistic
ar75,11,2023-07-01T11:46:47Z,EK80 broadband,stop,"","",40.821344,-70.83887,"",Opportunistic
ar75,12,2023-07-01T14:09:37Z,Underway Science seawater,stop,"","",41.28906,-70.922759,"",Opportunistic
ar75,13,2023-07-01T14:09:50Z,GO pCO2 8050,end,"","",41.289774,-70.922779,"",Opportunistic
ar75,14,2023-07-01T18:00:00Z,Ship,endCruise,"","",NaN,NaN,"",Opportunistic
en706,2,2023-08-03T19:36:31Z,MeteorologicalSensor,other,"","",41.492483,-71.418617,met sensors operating and logging as usual. SCS computer restarted and logging reset.,NESLTER
en706,145,2023-08-06T14:01:00Z,SUNAV2,onCTD,"","",41.49245,-71.418617,"",NESLTER
en706,99,2023-08-06T16:01:00Z,SUNAV2,sync time,"","",41.49245,-71.418617,clock 0sec off but sync anyways,NESLTER
en706,276,2023-08-07T13:00:03Z,Other,other,"","",41.492483,-71.41865,test of GPS top of the hour glitch. Lat/Lon displays properly when the time is more than or equal to 3 seconds plus or minus top of the hour. This entry is on 8/12 and back dated to 8/7 when the system was using NStar GPS UDP 16001.,NESLTER
en706,3,2023-08-07T13:28:24Z,Ship,startCruise,"","",41.4925,-71.418633,Lines Removed from Dock at URI,NESLTER
en706,100,2023-08-07T13:33:00Z,Simrad EK-80,start,"","",41.49245,-71.418533,"",NESLTER
en706,4,2023-08-07T13:48:45Z,Echosounder12,start,"","",41.46575,-71.4099,12 KHz started.,NESLTER
en706,5,2023-08-07T14:10:38Z,UHDAS for both ADCPs,start,"","",41.40685,-71.41765,UHDAS controls both OS75 and WH300 KHz ADCPs. ast of Pt Judith Neck. Mouth of Narragansett Bay.,NESLTER
en706,6,2023-08-07T14:12:42Z,Underway Science seawater impeller,service,"","",41.4016,-71.41855,fresh water back flush before sci sw pump was turned on at start of cruise,NESLTER
en706,146,2023-08-07T14:19:00Z,Fluorometers on underway impeller,start,"","",41.384783,-71.421033,back flush sci sw system with fresh water before starting impeller pump. SBE45 and SBE21 with fluorometers.,NESLTER
en706,7,2023-08-07T14:19:21Z,Thermosalinographs on underway impeller,start,"","",41.383883,-71.421133,back flush sci sw system with fresh water before starting impeller pump. SBE45 and SBE21 with fluorometers.,NESLTER
en706,8,2023-08-07T14:28:49Z,Underway Science seawater impeller,start,"","",41.36855,-71.398167,Started sci sw impeller pump. SBE45 and SBE21 with fluorometers.,NESLTER
en706,9,2023-08-07T14:34:54Z,Thermosalinographs on underway impeller,start,"","",41.361317,-71.377467,SBE21 started. Ignore values in SCS before this time when flushing was occuring.,NESLTER
en706,10,2023-08-07T14:52:21Z,Underway Science seawater diaphragm pump,start,"","",41.33965,-71.318783,Diaphragm pump started. Flushing for a while before sampling.,NESLTER
en706,11,2023-08-07T15:50:00Z,IFCB continuous,start,"","",41.275783,-71.121517,IFCB109 approx time start sampling,NESLTER
en706,12,2023-08-07T15:52:00Z,Attune Flow Cytometer,start,"","",41.273733,-71.114517,"",NESLTER
en706,238,2023-08-07T15:56:00Z,Underway Science seawater impeller,chl discrete,"","",41.2697,-71.10055,"",NESLTER
en706,101,2023-08-07T15:58:00Z,Simrad EK-80,stop,"","",41.267733,-71.093567,"",NESLTER
en706,102,2023-08-07T15:59:00Z,Simrad EK-80,passive mode,"","",41.266717,-71.090133,"",NESLTER
en706,13,2023-08-07T16:06:00Z,EIMS,start,"","",41.2592,-71.066183,"",NESLTER
en706,103,2023-08-07T16:06:00Z,Simrad EK-80,stop,"","",41.2592,-71.066183,"",NESLTER
en706,104,2023-08-07T16:09:00Z,Simrad EK-80,start,"","",41.255767,-71.05615,"",NESLTER
en706,239,2023-08-07T16:26:00Z,Underway Science seawater impeller,chl discrete,"","",41.23625,-71.000217,"",NESLTER
en706,105,2023-08-07T16:27:24Z,Simrad EK-80,stop,"","",41.234683,-70.995717,"",NESLTER
en706,106,2023-08-07T16:29:32Z,Simrad EK-80,passive mode,"","",41.232383,-70.98905,"",NESLTER
en706,107,2023-08-07T16:43:21Z,Simrad EK-80,stop,"","",41.216133,-70.945633,"",NESLTER
en706,108,2023-08-07T16:56:32Z,Simrad EK-80,passive mode,"","",41.202833,-70.901767,"",NESLTER
en706,109,2023-08-07T17:09:44Z,Simrad EK-80,stop,"","",41.191683,-70.8811,"",NESLTER
en706,110,2023-08-07T17:11:22Z,Simrad EK-80,start,"","",41.191,-70.883583,"",NESLTER
en706,14,2023-08-07T17:25:54Z,CTD911,deploy,L1,001,41.197333,-70.881283,"",NESLTER
en706,17,2023-08-07T18:05:23Z,Incubation C13,start,L1,001,41.197567,-70.8684,"",NESLTER
en706,15,2023-08-07T18:07:32Z,Bongo Net,deploy,L1,B01,41.197483,-70.867267,1st bongo deployment,NESLTER
en706,16,2023-08-07T18:13:05Z,Bongo Net,recover,L1,B01,41.197333,-70.864317,"",NESLTER
en706,18,2023-08-07T18:33:09Z,Incubation Grazing,start,L1,01,41.1797,-70.884567,"",NESLTER
en706,111,2023-08-07T18:39:34Z,Simrad EK-80,stop,"","",41.165033,-70.883317,"",NESLTER
en706,112,2023-08-07T18:43:10Z,Simrad EK-80,passive mode,"","",41.156167,-70.884383,"",NESLTER
en706,19,2023-08-07T18:52:29Z,Sting Ray,deploy towed,L1.5,Tow001,41.145683,-70.88485,"",NESLTER
en706,113,2023-08-07T19:22:47Z,Simrad EK-80,stop,"","",41.1159,-70.882567,"",NESLTER
en706,20,2023-08-07T19:26:31Z,Incubation Mixotrophy,start,L1,01,41.110767,-70.88255,"",NESLTER
en706,114,2023-08-07T19:31:40Z,Simrad EK-80,start,"","",41.103783,-70.882217,"",NESLTER
en706,240,2023-08-07T19:33:00Z,Underway Science seawater impeller,chl discrete,"","",41.101983,-70.882167,"",NESLTER
en706,58,2023-08-07T19:47:00Z,Underway Science seawater diaphragm pump,TOI discrete,"","",41.084233,-70.881017,L1.5 bottle681,NESLTER
en706,115,2023-08-07T20:06:44Z,Simrad EK-80,stop,"","",41.059167,-70.88065,"",NESLTER
en706,116,2023-08-07T20:08:06Z,Simrad EK-80,passive mode,"","",41.057483,-70.8807,"",NESLTER
en706,117,2023-08-07T20:10:15Z,Simrad EK-80,stop,"","",41.05475,-70.880783,"",NESLTER
en706,118,2023-08-07T20:11:17Z,Simrad EK-80,start,"","",41.053467,-70.880867,"",NESLTER
en706,59,2023-08-07T20:28:00Z,Underway Science seawater diaphragm pump,TOI discrete,"","",41.031567,-70.882467,L2 bottle299,NESLTER
en706,61,2023-08-07T21:34:00Z,Underway Science seawater diaphragm pump,TOI discrete,"","",40.947317,-70.88285,L2.5 bottle650,NESLTER
en706,21,2023-08-07T22:00:10Z,Incubation Bacteria,start,L1,01,40.913667,-70.882017,"",NESLTER
en706,62,2023-08-07T22:36:00Z,Underway Science seawater diaphragm pump,TOI discrete,"","",40.86545,-70.881667,L3 bottle775 possible breach,NESLTER
en706,63,2023-08-08T00:46:00Z,Underway Science seawater diaphragm pump,TOI discrete,"","",40.696383,-70.885833,L4 bottle 660,NESLTER
en706,241,2023-08-08T02:52:00Z,Underway Science seawater impeller,chl discrete,"","",40.5417,-70.883967,"",NESLTER
en706,22,2023-08-08T03:27:09Z,Sting Ray,recover,L5,Tow001,40.520883,-70.895717,"",NESLTER
en706,64,2023-08-08T03:31:00Z,Underway Science seawater diaphragm pump,TOI discrete,"","",40.531633,-70.890533,L5 bottle523,NESLTER
en706,242,2023-08-08T04:20:00Z,Underway Science seawater impeller,chl discrete,"","",40.67765,-70.8849,"",NESLTER
en706,65,2023-08-08T05:23:00Z,Underway Science seawater diaphragm pump,TOI discrete,"","",40.862783,-70.881133,L3 bottle766,NESLTER
en706,23,2023-08-08T06:29:48Z,CTD911,deploy,L2,002,41.03105,-70.88,"",NESLTER
en706,66,2023-08-08T06:40:00Z,Underway Science seawater diaphragm pump,TOI discrete,"","",41.031517,-70.876733,L2 dup bottle714,NESLTER
en706,67,2023-08-08T06:43:00Z,Underway Science seawater diaphragm pump,TOI discrete,"","",41.031317,-70.875917,L2 dup bottle265,NESLTER
en706,24,2023-08-08T07:06:30Z,Bongo Net,deploy,L2,B02,41.027933,-70.873767,2nd Bongo for the cruise. SBE19 ~1m above Bongo. small ring net ~2m above Bongo.,NESLTER
en706,91,2023-08-08T07:15:00Z,Bongo Net,recover,L2,B02,41.024117,-70.87325,"",NESLTER
en706,25,2023-08-08T07:15:38Z,Incubation C13,start,L2,002,41.023833,-70.873217,"",NESLTER
en706,235,2023-08-08T08:00:05Z,Incubation Mixotrophy,start,L2,002,40.976067,-70.88245,"",NESLTER
en706,236,2023-08-08T08:30:00Z,Incubation Bacteria,start,L2,002,40.916217,-70.8834,"",NESLTER
en706,27,2023-08-08T08:31:38Z,Echosounder12,stop,"","",40.911917,-70.8834,12KHz turned itself off,NESLTER
en706,26,2023-08-08T08:44:35Z,Incubation Grazing,start,L2,002,40.878233,-70.8833,"",NESLTER
en706,28,2023-08-08T08:56:40Z,Echosounder12,start,"","",40.846917,-70.883433,turned 12KHz back on,NESLTER
en706,119,2023-08-08T10:00:20Z,Simrad EK-80,stop,"","",40.6962,-70.858667,"",NESLTER
en706,29,2023-08-08T10:00:39Z,Other,end,"","",40.696267,-70.8574,Transiting between L4 and u4a. Turn off 440KHz Furuno Speed Log to check if EN80 data gets less noisy.,NESLTER
en706,120,2023-08-08T10:01:01Z,Simrad EK-80,passive mode,"","",40.69635,-70.856117,"",NESLTER
en706,121,2023-08-08T10:06:39Z,Simrad EK-80,stop,"","",40.69695,-70.834483,"",NESLTER
en706,122,2023-08-08T10:07:34Z,Simrad EK-80,start,"","",40.69705,-70.830983,"",NESLTER
en706,30,2023-08-08T10:12:32Z,Other,start,"","",40.697133,-70.812117,Transiting between L4 and u4a. Turn on 440KHz Furuno Speed Log. Having the Speed Log off did not make a noticeable difference to the EK80 data as per Megan.,NESLTER
en706,68,2023-08-08T10:53:00Z,Underway Science seawater diaphragm pump,TOI discrete,"","",40.695217,-70.658933,U4b bottle141,NESLTER
en706,69,2023-08-08T11:15:00Z,Underway Science seawater diaphragm pump,TOI discrete,"","",40.696617,-70.71735,U4b 1/2 a bottle324,NESLTER
en706,31,2023-08-08T11:44:18Z,CTD911,deploy,u4a,003,40.696933,-70.77045,"",NESLTER
en706,70,2023-08-08T12:31:22Z,Underway Science seawater diaphragm pump,TOI discrete,"","",40.69805,-70.846833,U4a 1/2 bottle 102,NESLTER
en706,32,2023-08-08T12:35:31Z,Echosounder12,start,"","",40.6986,-70.862,12KHz was not showing depth from ~1210-1235z. Transiting ~10 kts. Increased Tx Blanking and values are now good.,NESLTER
en706,71,2023-08-08T12:41:00Z,Underway Science seawater diaphragm pump,TOI discrete,"","",40.699067,-70.881933,L4 bottle518,NESLTER
en706,72,2023-08-08T12:56:00Z,Underway Science seawater diaphragm pump,TOI discrete,"","",40.69985,-70.936983,D4 1/2 bottle 178,NESLTER
en706,73,2023-08-08T13:08:00Z,Underway Science seawater diaphragm pump,TOI discrete,"","",40.698,-70.98095,D4a bottle512,NESLTER
en706,49,2023-08-08T13:26:10Z,CTD911,deploy,d4a,004,40.6924,-70.993683,"",NESLTER
en706,74,2023-08-08T14:20:00Z,Underway Science seawater diaphragm pump,TOI discrete,"","",40.69595,-71.094817,d4b bottle783,NESLTER
en706,123,2023-08-08T14:47:43Z,Simrad EK-80,stop,"","",40.696667,-71.021467,"",NESLTER
en706,124,2023-08-08T14:51:43Z,Simrad EK-80,start,"","",40.6967,-71.007333,"",NESLTER
en706,33,2023-08-08T15:36:10Z,CTD911,deploy,L4,005,40.694617,-70.881283,"",NESLTER
en706,75,2023-08-08T15:55:00Z,Underway Science seawater diaphragm pump,TOI discrete,"","",40.69245,-70.879383,L4 dup bottle670,NESLTER
en706,76,2023-08-08T15:58:00Z,Underway Science seawater diaphragm pump,TOI discrete,"","",40.691967,-70.879083,L4 dup bottle240,NESLTER
en706,34,2023-08-08T16:19:50Z,Bongo Net,deploy,L4,B05,40.685533,-70.879317,3rd bongo,NESLTER
en706,35,2023-08-08T16:34:41Z,Bongo Net,recover,L4,B05,40.680583,-70.884033,"",NESLTER
en706,36,2023-08-08T16:40:27Z,Incubation C13,start,L4,005,40.678517,-70.88595,"",NESLTER
en706,37,2023-08-08T17:16:32Z,Incubation Grazing,start,L4,05,40.653233,-70.892217,"",NESLTER
en706,38,2023-08-08T17:39:10Z,Incubation Mixotrophy,start,L4,05,40.602617,-70.882817,"",NESLTER
en706,40,2023-08-08T17:52:42Z,Incubation C13,stop,L1,001,40.572183,-70.875133,"",NESLTER
en706,39,2023-08-08T18:44:55Z,Incubation Grazing,stop,L1,001,40.496833,-70.884233,"",NESLTER
en706,41,2023-08-08T18:55:05Z,Isaacs-Kidd Midwater Trawl,startSample,L5,1,40.489917,-70.884433,with PX on the trawl and hydrophone towed from port quarter,NESLTER
en706,42,2023-08-08T19:41:00Z,Underway Science seawater diaphragm pump,IFCB discrete,"",UW1,40.457517,-70.881283,run on both IFCB115 and 188,NESLTER
en706,43,2023-08-08T19:45:07Z,Isaacs-Kidd Midwater Trawl,stopSample,L5,1,40.455883,-70.8823,"",NESLTER
en706,243,2023-08-08T19:57:00Z,Underway Science seawater impeller,chl discrete,"","",40.451883,-70.887533,"",NESLTER
en706,44,2023-08-08T20:35:47Z,CTD911,deploy,L5,006,40.513017,-70.88115,"",NESLTER
en706,45,2023-08-08T21:21:10Z,Bongo Net,deploy,L5,B06,40.501867,-70.883583,4th bongo. had to re-deploy to write down flowmeter values,NESLTER
en706,46,2023-08-08T21:35:10Z,Bongo Net,recover,L5,B06,40.496317,-70.885567,"",NESLTER
en706,47,2023-08-08T22:08:23Z,Sting Ray,deploy towed,L5,Tow002,40.514783,-70.8796,"",NESLTER
en706,245,2023-08-08T22:12:00Z,Underway Science seawater impeller,chl discrete,"","",40.513533,-70.8807,"",NESLTER
en706,48,2023-08-08T23:17:43Z,Underway Science seawater diaphragm pump,other,"","",40.444033,-70.88235,Increased pump speed to about 19.5 (+1),NESLTER
en706,152,2023-08-09T00:29:00Z,Underway Science seawater diaphragm pump,TOI discrete,"","",40.3547,-70.87765,L6 bottle789,NESLTER
en706,51,2023-08-09T00:30:00Z,Sting Ray,recover,L6,Tow002,40.353533,-70.877533,"",NESLTER
en706,153,2023-08-09T01:28:00Z,Underway Science seawater diaphragm pump,TOI discrete,"","",40.2493,-70.882517,L7 bottle186,NESLTER
en706,125,2023-08-09T02:18:42Z,Simrad EK-80,stop,"","",40.126633,-70.884083,laptop restarted on its own and shut off EK80,NESLTER
en706,126,2023-08-09T03:24:58Z,Simrad EK-80,start,"","",39.9727,-70.88355,"",NESLTER
en706,53,2023-08-09T06:55:00Z,Incubation C13,stop,L2,002,39.931917,-70.966467,"",NESLTER
en706,52,2023-08-09T08:52:52Z,Incubation Grazing,stop,L2,002,39.940517,-71.018033,"",NESLTER
en706,154,2023-08-09T12:23:00Z,Underway Science seawater diaphragm pump,TOI discrete,"","",39.936467,-70.88795,L10 bottle 329,NESLTER
en706,131,2023-08-09T12:54:00Z,Underway Science seawater diaphragm pump,DO discrete,"","",39.89455,-70.885567,L10.5; Bottle #6,NESLTER
en706,133,2023-08-09T12:58:00Z,Underway Science seawater diaphragm pump,DO discrete,"","",39.88435,-70.885717,L10.5; Bottle#7,NESLTER
en706,134,2023-08-09T13:01:00Z,Underway Science seawater diaphragm pump,DO discrete,"","",39.876833,-70.885483,L10.5; Bottle #2,NESLTER
en706,54,2023-08-09T14:42:03Z,CTD911,deploy,u11a,007,39.7814,-70.774117,"",NESLTER
en706,55,2023-08-09T15:22:35Z,Incubation C13,stop,L4,005,39.783033,-70.779467,"",NESLTER
en706,244,2023-08-09T15:30:00Z,Underway Science seawater impeller,chl discrete,"","",39.78465,-70.780067,"",NESLTER
en706,155,2023-08-09T15:49:00Z,Underway Science seawater diaphragm pump,TOI discrete,"","",39.77315,-70.808933,U11a 1/2,NESLTER
en706,156,2023-08-09T16:18:00Z,Underway Science seawater diaphragm pump,TOI discrete,"","",39.7741,-70.8887,L11 bottle664,NESLTER
en706,158,2023-08-09T16:43:00Z,Underway Science seawater diaphragm pump,TOI discrete,"","",39.773867,-70.957483,D11a 1/2 bottle669,NESLTER
en706,161,2023-08-09T17:01:00Z,Underway Science seawater diaphragm pump,TOI discrete,"","",39.773067,-70.992483,D11a bottle462,NESLTER
en706,56,2023-08-09T17:05:31Z,Incubation Grazing,stop,L4,005,39.774183,-70.9936,"",NESLTER
en706,57,2023-08-09T17:10:57Z,CTD911,deploy,d11a,008,39.775367,-70.995117,"",NESLTER
en706,127,2023-08-09T17:24:43Z,Simrad EK-80,stop,"","",39.773983,-70.999683,"",NESLTER
en706,128,2023-08-09T17:27:19Z,Simrad EK-80,start,"","",39.773733,-71.000533,"",NESLTER
en706,246,2023-08-09T18:24:00Z,Underway Science seawater impeller,chl discrete,"","",39.773333,-70.9145,"",NESLTER
en706,60,2023-08-09T18:53:18Z,Bongo Net,deploy,L11,B09,39.77635,-70.8819,5th bongo,NESLTER
en706,77,2023-08-09T19:23:35Z,Bongo Net,recover,L11,B09,39.77655,-70.897133,"",NESLTER
en706,78,2023-08-09T19:42:28Z,CTD911,deploy,L11,009,39.7746,-70.882217,"",NESLTER
en706,162,2023-08-09T20:20:00Z,Underway Science seawater diaphragm pump,TOI discrete,"","",39.770617,-70.889783,L11 suf dup,NESLTER
en706,163,2023-08-09T20:25:00Z,Underway Science seawater diaphragm pump,TOI discrete,"","",39.770533,-70.890583,L11 suf dup,NESLTER
en706,82,2023-08-09T20:44:00Z,Isaacs-Kidd Midwater Trawl,startSample,L11,2,39.772483,-70.896367,with PX on the trawl and hydrophone towed from port quarter,NESLTER
en706,79,2023-08-09T20:55:25Z,Incubation C13,start,L11,009,39.775533,-70.904817,"",NESLTER
en706,80,2023-08-09T21:39:56Z,Incubation Grazing,start,L11,009,39.791317,-70.945733,"",NESLTER
en706,81,2023-08-09T21:58:05Z,Isaacs-Kidd Midwater Trawl,stopSample,L11,2,39.7971,-70.961517,"",NESLTER
en706,86,2023-08-09T22:01:01Z,Incubation Mixotrophy,start,L11,09,39.7978,-70.9635,"",NESLTER
en706,83,2023-08-09T23:08:38Z,MK21 XBT launcher,start,L10.5,"",39.851567,-70.8822,"",NESLTER
en706,84,2023-08-09T23:59:21Z,CTD911,deploy,L10,010,39.93905,-70.881883,"",NESLTER
en706,88,2023-08-10T00:55:00Z,Bongo Net,deploy,L10,B10,39.926083,-70.894467,6th bongo,NESLTER
en706,89,2023-08-10T01:31:00Z,Bongo Net,recover,L10,B10,39.912167,-70.905633,"",NESLTER
en706,90,2023-08-10T02:31:16Z,MK21 XBT launcher,start,"","",40.017867,-70.883667,Bad data. Will redo this XBT on the transit south.,NESLTER
en706,93,2023-08-10T04:38:27Z,CTD911,deploy,u9a,011,40.042067,-70.775683,"",NESLTER
en706,164,2023-08-10T05:26:00Z,Underway Science seawater diaphragm pump,TOI discrete,"","",40.045667,-70.832233,U9a 1/2 bottle346,NESLTER
en706,165,2023-08-10T05:42:00Z,Underway Science seawater diaphragm pump,TOI discrete,"","",40.046133,-70.88275,L9 bottle151,NESLTER
en706,166,2023-08-10T05:58:00Z,Underway Science seawater diaphragm pump,TOI discrete,"","",40.046367,-70.933367,L9 1/2 bottle641,NESLTER
en706,94,2023-08-10T06:25:50Z,CTD911,deploy,d9a,012,40.046,-70.993483,"",NESLTER
en706,167,2023-08-10T06:27:00Z,Underway Science seawater diaphragm pump,TOI discrete,"","",40.0459,-70.993483,D9a bottle721,NESLTER
en706,129,2023-08-10T07:13:59Z,Simrad EK-80,stop,"","",40.046167,-70.935167,"",NESLTER
en706,130,2023-08-10T07:18:38Z,Simrad EK-80,start,"","",40.04615,-70.9185,"",NESLTER
en706,95,2023-08-10T07:38:27Z,CTD911,deploy,L9,013,40.048083,-70.882583,"",NESLTER
en706,96,2023-08-10T08:24:56Z,Bongo Net,deploy,L9,B13,40.04395,-70.890017,7th Bongo,NESLTER
en706,97,2023-08-10T08:49:58Z,Bongo Net,recover,L9,B13,40.039,-70.8998,"",NESLTER
en706,247,2023-08-10T10:08:00Z,Underway Science seawater impeller,chl discrete,"","",39.90345,-70.885033,"",NESLTER
en706,98,2023-08-10T11:08:25Z,Sting Ray,deploy towed,L11,Tow003,39.7728,-70.8851,"",NESLTER
en706,140,2023-08-10T11:50:41Z,Underway Science seawater diaphragm pump,DO discrete,"","",39.7882,-70.8878,L9; bottle #4,NESLTER
en706,141,2023-08-10T11:51:20Z,Underway Science seawater diaphragm pump,DO discrete,"","",39.788483,-70.887833,"",NESLTER
en706,168,2023-08-10T14:21:00Z,Underway Science seawater diaphragm pump,TOI discrete,"","",39.950567,-70.883783,L10 bottle571,NESLTER
en706,135,2023-08-10T14:52:09Z,Simrad EK-80,stop,"","",39.99425,-70.881883,"",NESLTER
en706,136,2023-08-10T14:56:05Z,Simrad EK-80,start,"","",40,-70.8815,"",NESLTER
en706,280,2023-08-10T15:20:00Z,MK21 XBT launcher,other,"","",40.033967,-70.878,both hand-held launchers had issues during the cruise. The first one was damaged during rough weather and seas. The second had intermittent conducting wires which were then respliced and functioned.,NESLTER
en706,169,2023-08-10T15:23:00Z,Underway Science seawater diaphragm pump,TOI discrete,"","",40.03825,-70.8775,L9 bottle235,NESLTER
en706,137,2023-08-10T15:25:52Z,MK21 XBT launcher,start,L9,"",40.042233,-70.877233,"",NESLTER
en706,138,2023-08-10T15:27:26Z,MK21 XBT launcher,stop,L9,"",40.044433,-70.8772,"",NESLTER
en706,139,2023-08-10T15:38:17Z,Underway Science seawater diaphragm pump,DO discrete,"","",40.059083,-70.878983,L9 bottle #32,NESLTER
en706,142,2023-08-10T16:00:22Z,SUNAV2,sync time,"","",40.089883,-70.88225,1sec ahead between C13 and C14,NESLTER
en706,143,2023-08-10T16:06:10Z,MK21 XBT launcher,start,L8.5,"",40.098267,-70.881683,"",NESLTER
en706,144,2023-08-10T16:08:32Z,MK21 XBT launcher,stop,L8.5,"",40.101433,-70.88155,"",NESLTER
en706,170,2023-08-10T16:44:00Z,Underway Science seawater diaphragm pump,TOI discrete,"","",40.149333,-70.88205,L8 bottle756,NESLTER
en706,147,2023-08-10T16:56:12Z,Simrad EK-80,stop,"","",40.1662,-70.882133,"",NESLTER
en706,188,2023-08-10T17:22:05Z,Underway Science seawater diaphragm pump,DO discrete,"","",40.202767,-70.8821,"",NESLTER
en706,190,2023-08-10T17:25:00Z,Underway Science seawater diaphragm pump,DO discrete,"","",40.206717,-70.882017,"",NESLTER
en706,192,2023-08-10T17:29:32Z,Underway Science seawater diaphragm pump,DO discrete,"","",40.213233,-70.881933,"",NESLTER
en706,148,2023-08-10T17:33:19Z,Simrad EK-80,start,"","",40.218633,-70.8819,"",NESLTER
en706,171,2023-08-10T18:01:00Z,Underway Science seawater diaphragm pump,TOI discrete,"","",40.25795,-70.882917,L7 bottle286,NESLTER
en706,149,2023-08-10T18:57:45Z,Incubation C13,stop,L11,009,40.33915,-70.882667,"",NESLTER
en706,215,2023-08-10T19:25:25Z,Underway Science seawater diaphragm pump,TOI discrete,"","",40.373267,-70.86665,L6 bottle646,NESLTER
en706,177,2023-08-10T19:30:00Z,Sting Ray,recover,L6,Tow003,40.376333,-70.8659,"",NESLTER
en706,248,2023-08-10T20:06:00Z,Underway Science seawater impeller,chl discrete,"","",40.307167,-70.8835,"",NESLTER
en706,150,2023-08-10T20:18:19Z,MK21 XBT launcher,start,"","",40.276017,-70.88335,"",NESLTER
en706,151,2023-08-10T20:33:15Z,Isaacs-Kidd Midwater Trawl,startSample,L7,3,40.260933,-70.882167,with PX on the trawl and hydrophone towed from port quarter,NESLTER
en706,157,2023-08-10T21:12:57Z,Isaacs-Kidd Midwater Trawl,stopSample,L7,3,40.234117,-70.892467,"",NESLTER
en706,159,2023-08-10T21:29:12Z,Incubation Grazing,stop,L11,009,40.2466,-70.887817,"",NESLTER
en706,160,2023-08-10T21:44:36Z,CTD911,deploy,L7,014,40.257633,-70.8812,"",NESLTER
en706,172,2023-08-10T22:32:54Z,Bongo Net,deploy,L7,B14,40.25595,-70.880717,8th bongo,NESLTER
en706,173,2023-08-10T22:45:13Z,Bongo Net,recover,L7,B14,40.252717,-70.876533,"",NESLTER
en706,174,2023-08-10T23:19:26Z,MK21 XBT launcher,start,"","",40.2127,-70.88345,"",NESLTER
en706,175,2023-08-10T23:35:48Z,MK21 XBT launcher,start,"","",40.16825,-70.883883,tried but cancelled due to computer not responding,NESLTER
en706,176,2023-08-10T23:51:45Z,CTD911,deploy,L8,015,40.155017,-70.880917,Conductivity cell primary glitched. Cleaned connectors and flushed.,NESLTER
en706,193,2023-08-11T00:12:14Z,Incubation C13,start,L8,015,40.14725,-70.877583,"",NESLTER
en706,178,2023-08-11T00:43:04Z,Bongo Net,deploy,L8,B15,40.13475,-70.870317,9th bongo,NESLTER
en706,249,2023-08-11T00:45:00Z,Underway Science seawater impeller,chl discrete,"","",40.134117,-70.8697,"",NESLTER
en706,179,2023-08-11T01:08:31Z,Bongo Net,recover,L8,B15,40.122133,-70.8603,"",NESLTER
en706,180,2023-08-11T01:43:45Z,Incubation Grazing,start,L8,015,40.173167,-70.884767,"",NESLTER
en706,181,2023-08-11T01:48:20Z,Incubation Mixotrophy,start,L8,015,40.185967,-70.884933,"",NESLTER
en706,216,2023-08-11T01:58:26Z,Underway Science seawater diaphragm pump,TOI discrete,"","",40.214217,-70.883867,L7.5 bottle678,NESLTER
en706,217,2023-08-11T02:15:25Z,Underway Science seawater diaphragm pump,TOI discrete,"","",40.2621,-70.88365,L7 bottle328,NESLTER
en706,250,2023-08-11T02:54:00Z,Underway Science seawater impeller,chl discrete,"","",40.3686,-70.878567,"",NESLTER
en706,218,2023-08-11T03:55:42Z,Underway Science seawater diaphragm pump,TOI discrete,"","",40.367533,-70.651017,U6b bottle703,NESLTER
en706,219,2023-08-11T04:19:28Z,Underway Science seawater diaphragm pump,TOI discrete,"","",40.363867,-70.723967,U6b 1/2 U6a bottle347,NESLTER
en706,182,2023-08-11T04:40:45Z,CTD911,deploy,u6a,016,40.364067,-70.774533,"",NESLTER
en706,220,2023-08-11T05:18:30Z,Underway Science seawater diaphragm pump,TOI discrete,"","",40.364633,-70.826883,U6a 1/2 L6 bottle130,NESLTER
en706,221,2023-08-11T05:37:42Z,Underway Science seawater diaphragm pump,TOI discrete,"","",40.36495,-70.8891,L6 bottle187,NESLTER
en706,222,2023-08-11T05:54:26Z,Underway Science seawater diaphragm pump,TOI discrete,"","",40.3644,-70.946133,L6 1/2 d6a bottle331,NESLTER
en706,183,2023-08-11T06:13:00Z,CTD911,deploy,d6a,017,40.364133,-70.993367,Aborted cast. Primary conductivity sensor 2459 outputting bad data values - failed.,NESLTER
en706,266,2023-08-11T06:19:02Z,CTD911,abort,d6a,017,40.36335,-70.993317,Primary conductivity sensor fail. Pump turned off. Recover to replace bad sensor.,NESLTER
en706,223,2023-08-11T06:26:23Z,Underway Science seawater diaphragm pump,TOI discrete,"","",40.362133,-70.993867,d6a bottle425,NESLTER
en706,184,2023-08-11T07:13:10Z,CTD911,deploy,d6a,018,40.36295,-70.993467,Removed primary conductivity sensor 2459. Installed primary conductivity sensor 0864.,NESLTER
en706,185,2023-08-11T08:31:01Z,CTD911,deploy,L6,019,40.36465,-70.884467,"",NESLTER
en706,191,2023-08-11T09:25:29Z,Incubation C13,start,L6,019,40.3638,-70.883933,"",NESLTER
en706,186,2023-08-11T09:25:34Z,Bongo Net,deploy,L6,B19,40.363783,-70.883983,10th bongo,NESLTER
en706,187,2023-08-11T09:38:40Z,Bongo Net,recover,L6,B19,40.363883,-70.892533,"",NESLTER
en706,189,2023-08-11T10:23:23Z,Incubation Grazing,start,L6,019,40.361583,-70.882317,"",NESLTER
en706,194,2023-08-11T10:34:22Z,Incubation Mixotrophy,start,L6,019,40.363717,-70.886633,"",NESLTER
en706,195,2023-08-11T11:00:56Z,Sting Ray,deploy towed,L6,Tow004,40.367317,-70.888783,"",NESLTER
en706,224,2023-08-11T11:53:57Z,Underway Science seawater diaphragm pump,TOI discrete,"","",40.428567,-70.884117,L5.5 bottle247,NESLTER
en706,196,2023-08-11T12:11:12Z,Underway Science seawater diaphragm pump,DO discrete,"","",40.4523,-70.883883,L5.5,NESLTER
en706,197,2023-08-11T12:12:29Z,Underway Science seawater diaphragm pump,DO discrete,"","",40.4541,-70.883917,L5.5,NESLTER
en706,198,2023-08-11T12:13:12Z,Underway Science seawater diaphragm pump,DO discrete,"","",40.455017,-70.88395,"",NESLTER
en706,251,2023-08-11T12:35:00Z,Underway Science seawater impeller,chl discrete,"","",40.484683,-70.884817,"",NESLTER
en706,225,2023-08-11T12:45:33Z,Underway Science seawater diaphragm pump,TOI discrete,"","",40.498817,-70.884333,L5 bottle531,NESLTER
en706,226,2023-08-11T13:56:32Z,Underway Science seawater diaphragm pump,TOI discrete,"","",40.594617,-70.8832,L4.5 bottle822,NESLTER
en706,227,2023-08-11T15:12:24Z,Underway Science seawater diaphragm pump,TOI discrete,"","",40.697333,-70.88275,L4 bottle640,NESLTER
en706,228,2023-08-11T16:41:41Z,Underway Science seawater diaphragm pump,TOI discrete,"","",40.813483,-70.88375,L3.5 bottle823,NESLTER
en706,200,2023-08-11T16:46:14Z,Underway Science seawater diaphragm pump,DO discrete,"","",40.819933,-70.883817,L3.5 bottle28,NESLTER
en706,201,2023-08-11T16:47:26Z,Underway Science seawater diaphragm pump,DO discrete,"","",40.8216,-70.88385,L3.5 bottle25,NESLTER
en706,202,2023-08-11T16:48:16Z,Underway Science seawater diaphragm pump,DO discrete,"","",40.822817,-70.883867,L3.5 bottle27,NESLTER
en706,199,2023-08-11T17:01:00Z,Underway Science seawater diaphragm pump,other,"","",40.841233,-70.884167,Water collected in cube carboy for Hemiaulus TAR exp,NESLTER
en706,203,2023-08-11T17:35:13Z,Underway Science seawater diaphragm pump,other,"","",40.890767,-70.8841,TAR lab concentrated hemialis cells,NESLTER
en706,229,2023-08-11T18:12:17Z,Underway Science seawater diaphragm pump,TOI discrete,"","",40.945433,-70.88435,L2.5 bottle570,NESLTER
en706,208,2023-08-11T19:20:00Z,Sting Ray,recover,L2,Tow004,41.033583,-70.891833,"",NESLTER
en706,205,2023-08-11T19:25:09Z,Underway Science seawater diaphragm pump,DO discrete,"","",41.031683,-70.893617,L2 bottle17,NESLTER
en706,206,2023-08-11T19:27:09Z,Underway Science seawater diaphragm pump,DO discrete,"","",41.027667,-70.892867,L2 bottle34,NESLTER
en706,207,2023-08-11T19:30:52Z,Underway Science seawater diaphragm pump,DO discrete,"","",41.018817,-70.889467,L2 bottle11,NESLTER
en706,209,2023-08-11T20:40:04Z,CTD911,deploy,L3,020,40.862865,-70.881197,"",NESLTER
en706,210,2023-08-11T21:12:03Z,Bongo Net,deploy,L3,B20,40.858633,-70.878817,11th bongo,NESLTER
en706,212,2023-08-11T21:23:19Z,Bongo Net,recover,L3,B20,40.855708,-70.88549,"",NESLTER
en706,230,2023-08-11T23:38:17Z,Underway Science seawater diaphragm pump,TOI discrete,"","",41.033133,-70.656467,u2b bottle561,NESLTER
en706,252,2023-08-11T23:42:00Z,Underway Science seawater impeller,chl discrete,"","",41.028433,-70.652567,"",NESLTER
en706,231,2023-08-11T23:58:16Z,Underway Science seawater diaphragm pump,TOI discrete,"","",41.030167,-70.70955,U2b 1/2 U2a bottle133,NESLTER
en706,214,2023-08-12T00:00:37Z,Incubation C13,stop,L8,015,41.030067,-70.717917,"",NESLTER
en706,213,2023-08-12T00:26:45Z,CTD911,deploy,u2a,021,41.026628,-70.774197,"",NESLTER
en706,232,2023-08-12T01:01:13Z,Underway Science seawater diaphragm pump,TOI discrete,"","",41.030583,-70.826433,U2a 1/2 L2 bottle838,NESLTER
en706,255,2023-08-12T01:36:31Z,Underway Science seawater diaphragm pump,TOI discrete,"","",41.0305,-70.948033,between L2 and d2a bottle #576,NESLTER
en706,253,2023-08-12T01:37:00Z,Underway Science seawater impeller,chl discrete,"","",41.0304,-70.94975,"",NESLTER
en706,233,2023-08-12T01:49:05Z,Incubation Grazing,stop,L8,"",41.030158,-70.991168,"",NESLTER
en706,256,2023-08-12T01:53:31Z,Underway Science seawater diaphragm pump,TOI discrete,"","",41.0288,-70.995,d2a bottle #375,NESLTER
en706,234,2023-08-12T01:57:53Z,CTD911,deploy,d2a,022,41.026348,-70.99593,"",NESLTER
en706,257,2023-08-12T02:55:24Z,Underway Science seawater diaphragm pump,TOI discrete,"","",41.029533,-71.100533,d2b bottle#572,NESLTER
en706,237,2023-08-12T04:00:47Z,CTD911,deploy,L2,023,41.0304,-70.882233,"",NESLTER
en706,254,2023-08-12T05:38:38Z,Other,start,"","",41.120283,-70.883767,Started the bridge navigation echosounder 12KHz,NESLTER
en706,258,2023-08-12T05:55:35Z,Underway Science seawater diaphragm pump,TOI discrete,"","",41.165917,-70.882267,L1.5 bottle #819,NESLTER
en706,259,2023-08-12T08:38:20Z,Bongo Net,deploy,MVCO,B24,41.310967,-70.580483,12th bongo,NESLTER
en706,260,2023-08-12T08:43:35Z,Bongo Net,recover,MVCO,B24,41.309017,-70.579167,"",NESLTER
en706,262,2023-08-12T09:00:37Z,Incubation C13,stop,L6,019,41.29675,-70.597333,"",NESLTER
en706,261,2023-08-12T09:10:45Z,CTD911,deploy,MVCO,024,41.286933,-70.613267,"",NESLTER
en706,263,2023-08-12T10:15:44Z,Simrad EK-80,stop,"","",41.184033,-70.815367,EK80 turned off for end of cruise,NESLTER
en706,264,2023-08-12T10:26:36Z,Incubation Grazing,stop,L6,019,41.166457,-70.852465,"",NESLTER
en706,265,2023-08-12T10:40:37Z,CTD911,deploy,2.5 nmi South of L1,025,41.1562,-70.877317,Test of primary conductivity sensor 2469,NESLTER
en706,269,2023-08-12T12:12:40Z,Underway Science seawater diaphragm pump,TOI discrete,"","",41.243967,-71.053733,before EMIS shutdown bottle #183,NESLTER
en706,267,2023-08-12T12:18:25Z,CTD911,other,All,All,41.24995,-71.066983,For continuity of data throughout the cruise please use secondary conductivity values for EN706. Three different primary conductivity sensors were used. Two for the main casts. One for a test at the end.,NESLTER
en706,268,2023-08-12T12:22:24Z,Underway Science seawater diaphragm pump,TOI discrete,"","",41.254217,-71.0761,S of L1 bottle#218,NESLTER
en706,270,2023-08-12T12:30:50Z,EIMS,stop,"","",41.261817,-71.0922,"",NESLTER
en706,273,2023-08-12T12:40:28Z,Attune Flow Cytometer,stop,"","",41.269917,-71.10945,"",NESLTER
en706,271,2023-08-12T12:45:03Z,Underway Science seawater diaphragm pump,stop,"","",41.273798,-71.11763,"",NESLTER
en706,272,2023-08-12T12:45:26Z,IFCB continuous,stop,"","",41.274137,-71.118317,"",NESLTER
en706,278,2023-08-12T15:18:35Z,Thermosalinographs on underway impeller,stop,"","",41.4472,-71.411533,stopped sci sw impeller pump. Flow stopped to SBE45 and SBE21 with fluorometers. Mouth of Narragansett Bay.,NESLTER
en706,277,2023-08-12T15:19:14Z,Underway Science seawater impeller,stop,"","",41.448052,-71.411402,stopped sci sw impeller pump. Flow stopped to SBE45 and SBE21 with fluorometers. Mouth of Narragansett Bay.,NESLTER
en706,279,2023-08-12T15:23:30Z,Fluorometers on underway impeller,stop,"","",41.453633,-71.41085,stopped sci sw impeller pump. Flow stopped to SBE45 and SBE21 with fluorometers. Mouth of Narragansett Bay.,NESLTER
en706,281,2023-08-12T15:32:44Z,UHDAS for both ADCPs,stop,"","",41.465728,-71.409313,UHDAS controls both OS75 and WH300 KHz ADCPs. East of Bonnet Shores. Entering Narragansett Bay.,NESLTER
en706,282,2023-08-12T16:32:19Z,Ship,endCruise,"","",41.492517,-71.418583,Lines over to dock at URI,NESLTER
en706,283,2023-08-12T16:34:36Z,Echosounder12,stop,"","",41.492465,-71.418597,12KHz powered down / turned off at the dock,NESLTER
en706,284,2023-08-12T17:08:23Z,SUNAV2,sync time,"","",41.492523,-71.418642,1 sec slow,NESLTER
en706,285,2023-08-12T17:09:38Z,MeteorologicalSensor,stop,"","",41.4925,-71.418612,met sensors remain operating and logging as usual,NESLTER
en706,286,2023-08-12T17:22:29Z,Ship,other,"","",41.492477,-71.418598,Gangway installed from 02 deck to dock at GSO,NESLTER
ar77,168,2023-10-10T14:00:00Z,SUNAV2,synce time,"","",0,0,time sync to ships server day before departure,NESLTER
ar77,3,2023-10-11T13:10:32Z,EK80 broadband,start,"","",41.494899,-70.675999,"",NESLTER
ar77,1,2023-10-11T13:11:46Z,Ship,startCruise,"","",41.493007,-70.680232,"",NESLTER
ar77,2,2023-10-11T13:12:15Z,UHDAS,start,"","",41.492266,-70.681775,"",NESLTER
ar77,4,2023-10-11T13:28:24Z,Underway Science seawater,start,"","",41.463921,-70.73178,"",NESLTER
ar77,5,2023-10-11T13:28:36Z,GO pCO2 8050,start,"","",41.463562,-70.732415,"",NESLTER
ar77,6,2023-10-11T14:02:25Z,IFCB continuous,start,"","",41.402723,-70.844921,"",NESLTER
ar77,7,2023-10-11T14:23:50Z,Attune Flow Cytometer,start,"","",41.354151,-70.903652,"",NESLTER
ar77,8,2023-10-11T15:55:30Z,CTD911,deploy,L1,001,41.195263,-70.876818,"",NESLTER
ar77,12,2023-10-11T16:28:57Z,Bongo Net,deploy,L1,B01,41.193814,-70.877714,"",NESLTER
ar77,13,2023-10-11T16:30:00Z,Bongo Net,recover,L1,B01,41.193416,-70.877934,"",NESLTER
ar77,16,2023-10-11T16:48:00Z,Sting Ray,deploy towed,L1,tow001,41.190303,-70.878552,"",NESLTER
ar77,9,2023-10-11T16:49:07Z,Fluorometer,service,"","",41.190007,-70.878552,Flow diverted for fluorometer cleaning. about 2 minutes,NESLTER
ar77,10,2023-10-11T17:14:15Z,Incubation Grazing,start,L1,001,41.184044,-70.878977,"",NESLTER
ar77,11,2023-10-11T18:05:38Z,Incubation Mixotrophy,start,L1,001,41.172601,-70.880493,10min incubation,NESLTER
ar77,14,2023-10-12T00:00:55Z,Sting Ray,recover,L4,tow001,40.68744,-70.883967,"",NESLTER
ar77,15,2023-10-12T02:38:28Z,Bongo Net,deploy,L2,B02a,41.033617,-70.884455,Winch problem during the recovery of the bongo,NESLTER
ar77,17,2023-10-12T02:50:00Z,Bongo Net,abort,L2,B02a,41.038505,-70.884814,winch hydraulics shutdown midtow revoer to rinse and redeploy,NESLTER
ar77,18,2023-10-12T03:06:00Z,Bongo Net,deploy,L2,B02,41.043148,-70.885221,"",NESLTER
ar77,19,2023-10-12T03:15:00Z,Bongo Net,recover,L2,B02,41.046696,-70.885536,"",NESLTER
ar77,32,2023-10-12T03:40:28Z,CTD911,deploy,L2,002,41.029796,-70.884031,"",NESLTER
ar77,20,2023-10-12T04:27:46Z,Incubation C13,start,L2,002,41.02998,-70.804029,"",NESLTER
ar77,21,2023-10-12T05:29:08Z,CTD911,deploy,u2a,003,41.029232,-70.77214,"",NESLTER
ar77,22,2023-10-12T05:35:00Z,Incubation Grazing,start,L2,002,41.029235,-70.772149,"",NESLTER
ar77,23,2023-10-12T05:50:00Z,Incubation Mixotrophy,start,L2,002,41.029206,-70.822723,10min incubation,NESLTER
ar77,24,2023-10-12T06:47:01Z,CTD911,deploy,d2a,004,41.029593,-70.995634,"",NESLTER
ar77,25,2023-10-12T10:41:07Z,Isaacs-Kidd Midwater Trawl,startSample,L5,1,40.517677,-70.883135,"",NESLTER
ar77,40,2023-10-12T11:01:10Z,Isaacs-Kidd Midwater Trawl,stopSample,L5,1,40.498329,-70.882941,"",NESLTER
ar77,31,2023-10-12T11:25:00Z,CTD911,deploy,L5,005,40.513329,-70.882927,"",NESLTER
ar77,26,2023-10-12T11:46:23Z,Underway MET system,other,"","",40.513366,-70.882682,Restarted after noting no air temp; RH; or baropress,NESLTER
ar77,29,2023-10-12T12:05:46Z,Bongo Net,deploy,L5,B05,40.510927,-70.881559,"",NESLTER
ar77,30,2023-10-12T12:13:03Z,Bongo Net,recover,L5,B05,40.508051,-70.880089,"",NESLTER
ar77,27,2023-10-12T12:37:24Z,Incubation Mixotrophy,start,L5,005,40.560437,-70.879784,10min incubation,NESLTER
ar77,28,2023-10-12T13:31:03Z,Sting Ray,deploy towed,L4,tow002,40.693118,-70.883493,"",NESLTER
ar77,160,2023-10-12T16:52:17Z,Underway Science seawater,chl discrete,"","",40.415094,-70.884619,"",NESLTER
ar77,33,2023-10-12T17:10:24Z,Incubation Grazing,stop,L1,001,40.389633,-70.885955,"",NESLTER
ar77,161,2023-10-12T19:20:07Z,Underway Science seawater,chl discrete,"","",40.206546,-70.884928,"",NESLTER
ar77,34,2023-10-12T20:35:14Z,SUNAV2,synce time,"","",40.100892,-70.887232,suna was 2 seconds off. synced to the dell computer,NESLTER
ar77,162,2023-10-12T22:25:41Z,Underway Science seawater,chl discrete,"","",39.946932,-70.882253,"",NESLTER
ar77,35,2023-10-13T00:35:24Z,Sting Ray,recover,L11,tow002,39.777089,-70.883669,"",NESLTER
ar77,37,2023-10-13T01:52:00Z,Isaacs-Kidd Midwater Trawl,startSample,L10,2,39.927134,-70.883966,"",NESLTER
ar77,38,2023-10-13T02:12:00Z,Isaacs-Kidd Midwater Trawl,stopSample,L10,2,39.946138,-70.883684,"",NESLTER
ar77,39,2023-10-13T02:36:59Z,CTD911,deploy,L10,006,39.940049,-70.884033,"",NESLTER
ar77,41,2023-10-13T03:27:00Z,Bongo Net,deploy,L10,B06,39.940604,-70.885233,"",NESLTER
ar77,42,2023-10-13T03:48:00Z,Bongo Net,recover,L10,B06,39.93937,-70.881097,"",NESLTER
ar77,43,2023-10-13T03:50:53Z,Incubation C13,start,L10,006,39.939196,-70.880487,"",NESLTER
ar77,48,2023-10-13T04:45:15Z,Incubation C13,stop,L2,002,39.80473,-70.881886,"",NESLTER
ar77,44,2023-10-13T04:45:35Z,Incubation Grazing,start,L10,006,39.803568,-70.881923,"",NESLTER
ar77,45,2023-10-13T04:59:04Z,Incubation Mixotrophy,start,L10,006,39.773421,-70.866758,10min incubation,NESLTER
ar77,46,2023-10-13T05:31:58Z,CTD911,deploy,u11a,007,39.772934,-70.775196,"",NESLTER
ar77,47,2023-10-13T05:48:35Z,Incubation Grazing,stop,L2,002,39.772936,-70.775192,"",NESLTER
ar77,49,2023-10-13T07:08:33Z,CTD911,deploy,d11a,008,39.773695,-70.991198,"",NESLTER
ar77,50,2023-10-13T08:31:57Z,Isaacs-Kidd Midwater Trawl,startSample,L11,3,39.772205,-70.894045,"",NESLTER
ar77,91,2023-10-13T08:51:47Z,Isaacs-Kidd Midwater Trawl,stopSample,L11,3,39.771806,-70.870035,"",NESLTER
ar77,65,2023-10-13T09:22:00Z,CTD911,deploy,L11,009,39.773014,-70.883576,"",NESLTER
ar77,97,2023-10-13T10:19:21Z,Bongo Net,deploy,L11,B08,39.77348,-70.884975,"",NESLTER
ar77,51,2023-10-13T10:30:23Z,Incubation C13,start,L11,008,39.776712,-70.886322,"",NESLTER
ar77,98,2023-10-13T10:35:41Z,Bongo Net,recover,L11,B08,39.778047,-70.887011,"",NESLTER
ar77,52,2023-10-13T10:50:45Z,Sting Ray,deploy towed,L11,tow003,39.779238,-70.887393,"",NESLTER
ar77,53,2023-10-13T11:19:58Z,Incubation Grazing,start,L11,009,39.786959,-70.886382,"",NESLTER
ar77,54,2023-10-13T12:11:16Z,MK21 XBT launcher,start,L10.75,01,39.814355,-70.885425,"",NESLTER
ar77,55,2023-10-13T12:11:52Z,Incubation Mixotrophy,start,L11,009,39.815054,-70.885386,10min incubation,NESLTER
ar77,56,2023-10-13T12:55:03Z,MK21 XBT launcher,start,L10.5,02,39.875844,-70.883715,"",NESLTER
ar77,57,2023-10-13T13:31:26Z,MK21 XBT launcher,start,L10,03,39.931082,-70.884539,"",NESLTER
ar77,58,2023-10-13T14:12:32Z,MK21 XBT launcher,start,L9.7,04,39.98511,-70.884374,"",NESLTER
ar77,59,2023-10-13T14:41:52Z,MK21 XBT launcher,start,L9.3,05,40.024562,-70.884123,XBT 606037,NESLTER
ar77,60,2023-10-13T15:08:00Z,MK21 XBT launcher,start,L9,06,40.059791,-70.883434,"",NESLTER
ar77,61,2023-10-13T15:33:58Z,MK21 XBT launcher,start,L8.7,07,40.09406,-70.883209,"",NESLTER
ar77,62,2023-10-13T15:55:55Z,MK21 XBT launcher,start,L8.3,08,40.124469,-70.88337,"",NESLTER
ar77,63,2023-10-13T16:18:52Z,MK21 XBT launcher,start,L8,09,40.156105,-70.882888,"",NESLTER
ar77,165,2023-10-13T16:58:43Z,MK21 XBT launcher,other,L7.5,10,40.212602,-70.882393,aborted bad XBT no data,NESLTER
ar77,64,2023-10-13T19:07:15Z,Sting Ray,recover,L6,tow003,40.381201,-70.887899,"",NESLTER
ar77,92,2023-10-13T19:23:11Z,Isaacs-Kidd Midwater Trawl,startSample,L6,4,40.370776,-70.888732,"",NESLTER
ar77,93,2023-10-13T19:43:15Z,Isaacs-Kidd Midwater Trawl,stopSample,L6,4,40.351172,-70.888601,"",NESLTER
ar77,66,2023-10-13T20:08:54Z,CTD911,deploy,L6,010,40.362687,-70.882997,"",NESLTER
ar77,67,2023-10-13T20:36:00Z,Bongo Net,deploy,L6,B10,40.36286,-70.88409,"",NESLTER
ar77,68,2023-10-13T20:45:00Z,Bongo Net,recover,L6,B10,40.363574,-70.888337,"",NESLTER
ar77,69,2023-10-13T20:56:42Z,Incubation C13,start,L6,010,40.36363,-70.877488,"",NESLTER
ar77,71,2023-10-13T21:35:00Z,CTD911,deploy,u6a,011,40.363535,-70.774241,"",NESLTER
ar77,70,2023-10-13T22:01:19Z,Incubation Grazing,start,L6,010,40.363585,-70.810687,"",NESLTER
ar77,72,2023-10-13T22:09:28Z,Incubation Mixotrophy,start,L6,010,40.362878,-70.840853,10min incubation,NESLTER
ar77,73,2023-10-13T23:02:36Z,CTD911,deploy,d6a,012,40.363603,-70.992905,"",NESLTER
ar77,74,2023-10-14T01:38:22Z,CTD911,deploy,L9,013,40.030902,-70.880732,Station name in the CTD file is u9a instead of L9,NESLTER
ar77,75,2023-10-14T02:14:00Z,Bongo Net,deploy,L9,B13,40.028848,-70.883986,"",NESLTER
ar77,76,2023-10-14T02:40:00Z,Bongo Net,recover,L9,B13,40.034118,-70.886035,"",NESLTER
ar77,77,2023-10-14T03:01:51Z,Incubation Mixotrophy,start,L9,013,40.035385,-70.83433,10min incubation,NESLTER
ar77,79,2023-10-14T03:25:18Z,Incubation C13,stop,L10,006,40.033313,-70.769574,"",NESLTER
ar77,78,2023-10-14T03:25:46Z,CTD911,deploy,u9a,014,40.033315,-70.769596,"",NESLTER
ar77,80,2023-10-14T04:42:51Z,Incubation Grazing,stop,L10,006,40.030867,-70.954602,"",NESLTER
ar77,81,2023-10-14T05:02:53Z,CTD911,deploy,d9a,015,40.032067,-70.994081,"",NESLTER
ar77,94,2023-10-14T06:49:15Z,Isaacs-Kidd Midwater Trawl,startSample,L8,5,40.138478,-70.883606,"",NESLTER
ar77,95,2023-10-14T07:09:35Z,Isaacs-Kidd Midwater Trawl,stopSample,L8,5,40.157699,-70.883119,"",NESLTER
ar77,84,2023-10-14T07:34:09Z,CTD911,deploy,L8,016,40.150754,-70.884183,"",NESLTER
ar77,99,2023-10-14T08:13:38Z,Bongo Net,deploy,L8,B16,40.152672,-70.885548,"",NESLTER
ar77,85,2023-10-14T08:28:35Z,Incubation C13,start,L8,016,40.156839,-70.886897,"",NESLTER
ar77,100,2023-10-14T08:29:45Z,Bongo Net,recover,L8,B16,40.157135,-70.887036,"",NESLTER
ar77,86,2023-10-14T09:17:03Z,Incubation Grazing,start,L8,016,40.243842,-70.882479,"",NESLTER
ar77,96,2023-10-14T09:19:53Z,Isaacs-Kidd Midwater Trawl,startSample,L7,6,40.246777,-70.882566,"",NESLTER
ar77,87,2023-10-14T09:30:00Z,Incubation Mixotrophy,start,L8,016,40.256008,-70.882749,10min incubation,NESLTER
ar77,83,2023-10-14T09:39:00Z,Isaacs-Kidd Midwater Trawl,stopSample,L7,6,40.264034,-70.882774,"",NESLTER
ar77,88,2023-10-14T10:05:00Z,CTD911,deploy,L7,017,40.257269,-70.883998,"",NESLTER
ar77,104,2023-10-14T10:05:05Z,Incubation C13,stop,L11,008,40.257268,-70.884004,"",NESLTER
ar77,101,2023-10-14T10:34:42Z,Bongo Net,deploy,L7,B17,40.257948,-70.884585,"",NESLTER
ar77,102,2023-10-14T10:46:27Z,Bongo Net,recover,L7,B17,40.260889,-70.887208,"",NESLTER
ar77,89,2023-10-14T11:11:13Z,Incubation Grazing,stop,L11,009,40.310922,-70.882601,"",NESLTER
ar77,90,2023-10-14T11:42:30Z,Sting Ray,deploy towed,L6,tow004,40.363037,-70.883562,"",NESLTER
ar77,103,2023-10-14T12:00:05Z,Incubation Mixotrophy,start,L7,017,40.376372,-70.883876,10min incubation,NESLTER
ar77,105,2023-10-14T19:45:00Z,Sting Ray,recover,L2,tow004,41.024356,-70.882237,"",NESLTER
ar77,107,2023-10-14T20:19:23Z,Incubation C13,stop,L6,010,40.941416,-70.882096,"",NESLTER
ar77,106,2023-10-14T21:05:07Z,CTD911,deploy,L3,018,40.862731,-70.882848,"",NESLTER
ar77,109,2023-10-14T21:16:00Z,Bongo Net,deploy,L3,B18,40.862521,-70.884632,"",NESLTER
ar77,110,2023-10-14T21:21:22Z,Bongo Net,recover,L3,B18,40.862027,-70.887199,"",NESLTER
ar77,108,2023-10-14T21:39:07Z,Incubation Mixotrophy,start,L3,018,40.83678,-70.885613,10min incubation,NESLTER
ar77,115,2023-10-14T22:10:05Z,Incubation Grazing,stop,L6,010,40.750912,-70.883718,"",NESLTER
ar77,112,2023-10-14T22:42:00Z,Bongo Net,deploy,L4,B19,40.693894,-70.88438,"",NESLTER
ar77,113,2023-10-14T22:49:00Z,Bongo Net,recover,L4,B19,40.696724,-70.884115,"",NESLTER
ar77,111,2023-10-14T22:59:36Z,CTD911,deploy,L4,019,40.697099,-70.883843,"",NESLTER
ar77,132,2023-10-14T23:49:01Z,Isaacs-Kidd Midwater Trawl,startSample,L4,7,40.695743,-70.87263,"",NESLTER
ar77,127,2023-10-14T23:53:11Z,Incubation C13,start,L4,019,40.695762,-70.86749,"",NESLTER
ar77,133,2023-10-15T00:09:08Z,Isaacs-Kidd Midwater Trawl,stopSample,L4,7,40.695993,-70.847081,"",NESLTER
ar77,114,2023-10-15T00:50:37Z,Incubation Grazing,start,L4,018,40.696946,-70.773549,"",NESLTER
ar77,116,2023-10-15T01:08:09Z,CTD911,deploy,u4a,020,40.696879,-70.773572,"",NESLTER
ar77,117,2023-10-15T01:24:01Z,Incubation Mixotrophy,start,L4,019,40.697398,-70.773952,10min incubation,NESLTER
ar77,118,2023-10-15T02:01:01Z,Incubation Grazing,start,u4a,020,40.697608,-70.900236,"",NESLTER
ar77,119,2023-10-15T02:28:12Z,CTD911,deploy,d4a,021,40.696657,-70.992548,"",NESLTER
ar77,120,2023-10-15T03:15:40Z,Incubation Grazing,start,d4a,021,40.652499,-71.084504,"",NESLTER
ar77,122,2023-10-15T04:11:42Z,CTD911,deploy,d4.5bc,022,40.597572,-71.212246,"",NESLTER
ar77,123,2023-10-15T05:03:14Z,CTD911,deploy,d5d,023,40.511525,-71.32449,"",NESLTER
ar77,124,2023-10-15T06:30:48Z,CTD911,deploy,d5b,024,40.51302,-71.103212,"",NESLTER
ar77,125,2023-10-15T08:04:19Z,CTD911,deploy,L5,025,40.513312,-70.884154,"",NESLTER
ar77,128,2023-10-15T08:21:29Z,Incubation C13,stop,L8,016,40.513295,-70.884131,"",NESLTER
ar77,126,2023-10-15T09:12:19Z,Incubation Grazing,stop,L8,016,40.51276,-70.737122,"",NESLTER
ar77,130,2023-10-15T09:45:00Z,CTD911,deploy,u5b,026,40.513222,-70.665439,"",NESLTER
ar77,129,2023-10-15T11:24:14Z,CTD911,deploy,u5d,027,40.513807,-70.446356,"",NESLTER
ar77,131,2023-10-15T12:47:35Z,CTD911,deploy,u5b,028,40.51388,-70.666459,"",NESLTER
ar77,134,2023-10-15T13:18:00Z,Underway Science seawater,FCM discrete,u5b,UW1,40.513561,-70.675648,will count as surface sample to pair with 2 FCM discrete from CTD at depth,NESLTER
ar77,135,2023-10-15T14:19:48Z,CTD911,deploy,L5,029,40.514184,-70.884661,"",NESLTER
ar77,136,2023-10-15T15:46:45Z,CTD911,deploy,d5b,030,40.512892,-71.103775,"",NESLTER
ar77,137,2023-10-15T16:05:10Z,Incubation Grazing,other,"","",40.512722,-71.106509,Hose to incubators was kinked due to seas. Un kinked,NESLTER
ar77,138,2023-10-15T17:36:59Z,CTD911,deploy,d5d,031,40.51306,-71.32522,"",NESLTER
ar77,140,2023-10-15T18:59:11Z,CTD911,deploy,u6d,032,40.362865,-71.322949,"",NESLTER
ar77,141,2023-10-15T20:49:18Z,CTD911,deploy,u6b,033,40.362507,-71.105888,"",NESLTER
ar77,142,2023-10-15T22:17:44Z,CTD911,deploy,L6,034,40.363731,-70.884828,"",NESLTER
ar77,143,2023-10-15T22:49:51Z,Sting Ray,deploy towed,L6,tow005,40.370472,-70.885444,"",NESLTER
ar77,144,2023-10-15T23:33:49Z,Incubation C13,stop,L4,019,40.425431,-70.883832,"",NESLTER
ar77,145,2023-10-16T00:29:03Z,EK80 broadband,stop,"","",40.502037,-70.882996,cycle on/off for error clearing,NESLTER
ar77,146,2023-10-16T00:29:33Z,EK80 broadband,start,"","",40.502736,-70.882935,back on after error clearing,NESLTER
ar77,147,2023-10-16T00:32:11Z,Underway Science seawater,IFCB discrete,"",uw1,40.506287,-70.882825,"",NESLTER
ar77,148,2023-10-16T00:57:12Z,Incubation Grazing,stop,L4,019,40.540232,-70.882358,"",NESLTER
ar77,149,2023-10-16T02:31:48Z,Incubation Grazing,stop,u4a,020,40.668783,-70.882352,"",NESLTER
ar77,121,2023-10-16T03:17:48Z,Incubation Grazing,stop,d4a,021,40.732403,-70.88332,"",NESLTER
ar77,151,2023-10-16T05:00:05Z,Sting Ray,recover,L3,tow005,40.867136,-70.882421,"",NESLTER
ar77,152,2023-10-16T08:58:34Z,CTD911,deploy,MVCO,035,41.324511,-70.577632,"",NESLTER
ar77,153,2023-10-16T09:10:43Z,Bongo Net,deploy,MVCO,B35,41.325311,-70.578587,issue with winch wire reading,NESLTER
ar77,154,2023-10-16T09:17:17Z,Bongo Net,recover,MVCO,B35,41.32713,-70.580966,"",NESLTER
ar77,155,2023-10-16T09:39:37Z,EK80 broadband,stop,"","",41.316614,-70.599682,"",NESLTER
ar77,156,2023-10-16T11:12:35Z,UHDAS,stop,"","",41.246465,-70.886156,"",NESLTER
ar77,166,2023-10-16T11:20:00Z,Attune Flow Cytometer,stop,"","",41.268076,-70.889365,"",NESLTER
ar77,167,2023-10-16T11:20:00Z,IFCB continuous,stop,"","",41.268076,-70.889365,"",NESLTER
ar77,157,2023-10-16T11:27:15Z,Underway Science seawater,IFCB discrete,"",UW2,41.289267,-70.893643,"",NESLTER
ar77,158,2023-10-16T11:34:38Z,GO pCO2 8050,end,"","",41.311088,-70.896533,"",NESLTER
ar77,159,2023-10-16T11:38:03Z,Underway Science seawater,stop,"","",41.321371,-70.897886,"",NESLTER
ar77,163,2023-10-16T14:39:15Z,SUNAV2,synce time,"","",41.472677,-70.738581,synced time for suna 1903; was 4 seconds behind,NESLTER
ar77,164,2023-10-16T14:47:13Z,SUNAV2,synce time,"","",41.47268,-70.73858,suna 1227 was 2 seconds behind. synced to the dell computer,NESLTER
ar77,169,2023-10-16T16:24:55Z,Ship,endCruise,"","",41.523777,-70.672779,"",NESLTER
ar78,15,2023-10-23T10:30:00Z,SUNAV2,onCTD,"","",41.524016,-70.672281,"",OOI Pioneer
ar78,1,2023-10-23T14:28:57Z,Ship,startCruise,"","",41.524015,-70.672281,"",OOI Pioneer
ar78,2,2023-10-23T14:29:12Z,UHDAS,start,"","",41.524014,-70.672283,"",OOI Pioneer
ar78,3,2023-10-23T14:31:01Z,EM710,start,"","",41.523955,-70.672429,"",OOI Pioneer
ar78,4,2023-10-23T14:38:59Z,EM710,other,"","",41.519898,-70.672905,Reboot to clear error flag,OOI Pioneer
ar78,5,2023-10-23T14:43:28Z,EM710,start,"","",41.508368,-70.669441,"",OOI Pioneer
ar78,6,2023-10-23T14:43:43Z,HZG Wave Radar,start,"","",41.507659,-70.669485,"",OOI Pioneer
ar78,7,2023-10-23T14:50:40Z,Underway Science seawater diaphragm pump,start,"","",41.485528,-70.677167,"",OOI Pioneer
ar78,8,2023-10-23T14:50:53Z,PCO2,start,"","",41.485089,-70.678087,"",OOI Pioneer
ar78,216,2023-10-23T14:51:00Z,Fluorometer,other,"","",41.484897,-70.678453,fluorometer on underway science seawater recording negative values on this cruise so multiply by -1,OOI Pioneer
ar78,9,2023-10-23T14:51:13Z,Valeport SVS,start,"","",41.484589,-70.679189,Testing deployment at halfway down until fishing gear area cleared,OOI Pioneer
ar78,10,2023-10-23T15:06:50Z,IFCB continuous,start,"","",41.450568,-70.747192,start IFCB115 and IFCB188 both on underway,OOI Pioneer
ar78,11,2023-10-23T15:35:59Z,Attune Flow Cytometer,start,"","",41.391888,-70.864052,"",OOI Pioneer
ar78,12,2023-10-23T15:52:15Z,Valeport SVS,start,"","",41.350403,-70.910688,Testing done. Fully down.,OOI Pioneer
ar78,13,2023-10-23T17:25:00Z,SWM,deploy,AS04CPSW,"",41.133650,-70.947202,start time for shallow water mooring deployment at site T4,OOI Pioneer
ar78,14,2023-10-23T17:45:42Z,SWM,deploy,AS04CPSW,"",41.133809,-70.945280,MFN released,OOI Pioneer
ar78,34,2023-10-23T17:55:00Z,SWM,other,AS04CPSW,"",41.134180,-70.942820,start anchor survey,OOI Pioneer
ar78,16,2023-10-23T18:13:41Z,SUNAV2,Sync time,"","",41.134207,-70.942779,time sync to ships server day of departure,OOI Pioneer
ar78,35,2023-10-23T18:48:00Z,SWM,other,AS04CPSW,"",41.135963,-70.947607,end anchor survey,OOI Pioneer
ar78,22,2023-10-23T21:17:30Z,EK80 broadband,start,"","",41.145681,-70.931073,start in passive mode for 5min. bridge turn off all pingers,OOI Pioneer
ar78,23,2023-10-23T21:21:31Z,UHDAS,start,"","",41.156585,-70.923537,change to only recording 150 to avoid EK80 interference,OOI Pioneer
ar78,24,2023-10-23T21:42:00Z,EK80 broadband,other,LTER1,"",41.190466,-70.884723,switch to active collection,OOI Pioneer
ar78,30,2023-10-24T01:28:00Z,CTD911,deploy,LTER5,001,40.513725,-70.882746,CTD off deck,OOI Pioneer
ar78,29,2023-10-24T01:36:00Z,CTD911,maxDepth,LTER5,001,40.513492,-70.882819,Max Depth 72 m,OOI Pioneer
ar78,28,2023-10-24T01:45:00Z,CTD911,recover,LTER5,001,40.513146,-70.883045,CTD on deck,OOI Pioneer
ar78,25,2023-10-24T02:42:50Z,CTD911,deploy,LTER6,002,40.363488,-70.884500,CTD off deck,OOI Pioneer
ar78,26,2023-10-24T02:51:55Z,CTD911,maxDepth,LTER6,002,40.363212,-70.885683,Max Depth 89 m,OOI Pioneer
ar78,27,2023-10-24T02:58:49Z,CTD911,recover,LTER6,002,40.362701,-70.887095,CTD on deck,OOI Pioneer
ar78,31,2023-10-24T06:29:27Z,EK80 broadband,other,LTER11,"",39.761753,-70.916049,change to passive,OOI Pioneer
ar78,32,2023-10-24T06:35:48Z,EK80 broadband,stop,"","",39.753247,-70.939427,"",OOI Pioneer
ar78,33,2023-10-24T06:38:23Z,UHDAS,other,"","",39.749804,-70.948753,all channels turned on after completion of EK80,OOI Pioneer
ar78,36,2023-10-25T12:05:44Z,CTD911,deploy,NE,003,36.063376,-74.742577,CTD off deck,OOI Pioneer
ar78,37,2023-10-25T12:25:36Z,CTD911,maxDepth,NE,003,36.063367,-74.742574,Max Depth 622 m,OOI Pioneer
ar78,38,2023-10-25T13:04:40Z,CTD911,recover,NE,003,36.063366,-74.742567,CTD on deck,OOI Pioneer
ar78,41,2023-10-25T17:10:05Z,LISST,on CTD rosette,"","",35.949152,-75.110426,cast 004 will be first CTD cast with PRTSZ,OOI Pioneer
ar78,42,2023-10-25T18:03:05Z,CTD911,deploy,CN,004,NO_GPS,NO_GPS,CTD off deck at 18:03. CNAV is out. AS03CPSM in the water.,OOI Pioneer
ar78,43,2023-10-25T18:11:05Z,CTD911,maxDepth,CN,004,NO_GPS,NO_GPS,Max Depth 29 m at 18:11. CNAV is out.,OOI Pioneer
ar78,44,2023-10-25T18:21:05Z,CTD911,recover,CN,004,NO_GPS,NO_GPS,CTD on deck at 18:21. CNAV is out.,OOI Pioneer
ar78,45,2023-10-25T20:02:05Z,EM710,start,WE,"",NO_GPS,NO_GPS,multibeam survey started at WE on 2023-10-25 at 20:02 for Cross-Shelf Survey. CNAV is out.,OOI Pioneer
ar78,46,2023-10-25T20:02:05Z,Echosounder3.5,start,WE,"",NO_GPS,NO_GPS,subbottom survey started at WE on 2023-10-25 at 20:02 for Cross-Shelf Survey. CNAV is out.,OOI Pioneer
ar78,48,2023-10-26T01:38:05Z,Echosounder3.5,stop,CS4,"",35.949882,-74.748910,end cross-shelf survey at CS4,OOI Pioneer
ar78,47,2023-10-26T01:38:05Z,EM710,stop,CS4,"",35.949882,-74.748910,end cross-shelf survey at CS4,OOI Pioneer
ar78,49,2023-10-26T04:00:08Z,Other,start,AS03CPSM,"",35.951071,-75.124317,met comparison; CPSM-1 in water,OOI Pioneer
ar78,50,2023-10-26T11:00:08Z,Other,end,AS03CPSM,"",35.951075,-75.124315,end met comparison at CPSM-1,OOI Pioneer
ar78,59,2023-10-26T19:35:07Z,CTD911,deploy,NO,005,36.175282,-74.826414,CTD off deck,OOI Pioneer
ar78,60,2023-10-26T19:45:07Z,CTD911,maxDepth,NO,005,36.175290,-74.826422,Max Depth 95 m,OOI Pioneer
ar78,61,2023-10-26T20:02:06Z,CTD911,recover,NO,005,36.175286,-74.826419,CTD on deck,OOI Pioneer
ar78,62,2023-10-26T20:07:06Z,EM710,start,NO,"",36.175289,-74.826412,multibeam survey started at NO for Along-Shelf Survey,OOI Pioneer
ar78,63,2023-10-26T20:07:06Z,Echosounder3.5,start,NO,"",36.175289,-74.826412,subbottom survey started at NO for Along-Shelf Survey,OOI Pioneer
ar78,64,2023-10-26T22:30:36Z,LISST,off CTD rosette,"","",35.976599,-74.842148,"",OOI Pioneer
ar78,65,2023-10-27T01:37:06Z,EM710,stop,SO,"",35.724715,-74.853270,end along-shelf survey at SO,OOI Pioneer
ar78,66,2023-10-27T01:37:06Z,Echosounder3.5,stop,SO,"",35.724715,-74.853270,end along-shelf survey at SO,OOI Pioneer
ar78,67,2023-10-27T11:22:06Z,EM710,start,Alt SE,"",35.865850,-74.898314,multibeam survey started Alternate SE,OOI Pioneer
ar78,68,2023-10-27T11:22:06Z,Echosounder3.5,start,Alt SE,"",35.865850,-74.898314,subbottom survey started Alternate SE,OOI Pioneer
ar78,103,2023-10-27T16:10:00Z,SUNAV2,Sync time,"","",35.851681,-74.867880,SUNA 7 sec slow,OOI Pioneer
ar78,69,2023-10-27T17:41:06Z,EM710,stop,Alt SE,"",35.847711,-74.892023,end Alternate SE survey,OOI Pioneer
ar78,70,2023-10-27T17:41:06Z,Echosounder3.5,stop,Alt SE,"",35.847711,-74.892023,end Alternate SE survey,OOI Pioneer
ar78,79,2023-10-28T11:57:07Z,Echosounder3.5,start,Alt NE,"",36.062509,-74.853515,subbottom survey started Alternate NE,OOI Pioneer
ar78,78,2023-10-28T11:57:08Z,EM710,start,Alt NE,"",36.062509,-74.853515,multibeam survey started Alternate NE,OOI Pioneer
ar78,80,2023-10-28T14:00:35Z,Underway Science seawater,service,"","",36.058581,-74.825436,Flowmeter maintenance,OOI Pioneer
ar78,81,2023-10-28T14:00:54Z,PCO2,service,"","",36.058593,-74.824894,PCO2 filter cleaning,OOI Pioneer
ar78,82,2023-10-28T14:20:01Z,Underway Science seawater,service,"","",36.058499,-74.792214,Service complete. Flowmeter and transmissometers cleaned,OOI Pioneer
ar78,83,2023-10-28T14:20:26Z,PCO2,service,"","",36.058486,-74.791511,Service completer. filters cleaned,OOI Pioneer
ar78,84,2023-10-28T18:20:21Z,Underway Science seawater diaphragm pump,other,"",UW_salt1,36.048626,-74.796263,Salinity discrete for Taylor to practice analysis. T1-6 collected from main lab over course of 5min,OOI Pioneer
ar78,85,2023-10-28T18:32:04Z,Underway Science seawater diaphragm pump,other,"",UW_oxygen1,36.048724,-74.816517,Oxygen discrete for Taylor to practice analysis. A1-6 collected from main lab over the course of 15min,OOI Pioneer
ar78,86,2023-10-28T18:49:23Z,Underway Science seawater diaphragm pump,FCM Discrete,"",UW1,36.048632,-74.846703,"",OOI Pioneer
ar78,87,2023-10-28T20:37:06Z,Echosounder3.5,stop,Alt NE,"",36.044632,-74.850987,end Alternate NE survey,OOI Pioneer
ar78,88,2023-10-28T20:37:06Z,EM710,stop,Alt NE,"",36.044632,-74.850987,end Alternate NE survey,OOI Pioneer
ar78,96,2023-10-29T16:50:07Z,LISST,on CTD rosette,"","",36.053422,-74.777867,"",OOI Pioneer
ar78,102,2023-10-29T16:55:00Z,SUNAV2,Sync time,"","",36.053410,-74.777600,2 sec slow. synced to time.gov,OOI Pioneer
ar78,97,2023-10-29T16:55:07Z,CTD911,deploy,Alt NE 300,006,36.053409,-74.777599,CTD off deck,OOI Pioneer
ar78,98,2023-10-29T17:10:07Z,CTD911,maxDepth,Alt NE 300,006,36.053412,-74.777611,Max Depth 294 m,OOI Pioneer
ar78,99,2023-10-29T17:46:07Z,CTD911,recover,Alt NE 300,006,36.053415,-74.777609,CTD on deck,OOI Pioneer
ar78,100,2023-10-29T19:43:59Z,LISST,off CTD rosette,"","",36.053412,-74.777606,"",OOI Pioneer
ar78,101,2023-10-29T20:02:03Z,CTD911,other,"","",36.053411,-74.777613,SSSG poked purge pinholes for both CTD pumps and replaced section of tubing between cond1 and oxygen,OOI Pioneer
ar78,104,2023-10-30T09:56:12Z,UHDAS,stop,"","",35.836680,-75.336947,ADCPs turned off for EK80 Survey,OOI Pioneer
ar78,105,2023-10-30T10:05:49Z,EK80 broadband,start,CS-S1,"",35.836207,-75.333752,Cross-Shelf Survey started at CS-S1; ADCP and speedlog and fathometer off; passive mode prior to start,OOI Pioneer
ar78,106,2023-10-30T13:19:02Z,Underway Science seawater diaphragm pump,Chl Discrete,"",UW_chl1,35.835943,-74.994774,in duplicate,OOI Pioneer
ar78,107,2023-10-30T15:32:07Z,EK80 broadband,stop,CS-S2,"",35.836800,-74.752505,Cross-Shelf Survey ended at CS-S2; passive mode for subsequent 5 minutes,OOI Pioneer
ar78,108,2023-10-30T16:48:07Z,ADCP150,other,"","",36.031497,-74.744408,brief test,OOI Pioneer
ar78,109,2023-10-30T17:00:07Z,EK80 broadband,start,CS-N1,"",36.062322,-74.747792,Cross-Shelf Survey started at CS-N1; ADCP and speedlog and fathometer off; passive mode prior to start,OOI Pioneer
ar78,110,2023-10-30T22:38:07Z,EK80 broadband,stop,CS-N2,"",36.063346,-75.331039,Cross-Shelf Survey ended at CN-N2; passive mode for subsequent 5 minutes,OOI Pioneer
ar78,115,2023-10-31T11:50:00Z,SUNAV2,Sync time,"","",35.949651,-75.332891,SUNA 2sec slow sync to ship time server,OOI Pioneer
ar78,111,2023-10-31T12:02:43Z,CTD911,deploy,WE,007,35.949692,-75.333002,CTD off deck,OOI Pioneer
ar78,112,2023-10-31T12:09:08Z,CTD911,maxDepth,WE,007,35.948763,-75.333167,Max Depth 26 m,OOI Pioneer
ar78,114,2023-10-31T12:13:08Z,CTD911,recover,WE,007,35.947746,-75.333905,CTD on deck,OOI Pioneer
ar78,113,2023-10-31T12:14:06Z,Underway Science seawater diaphragm pump,FCM Discrete,"",UW2,35.947849,-75.333929,collected to represent CTD surface but no bottom sample collected,OOI Pioneer
ar78,116,2023-10-31T13:02:08Z,CTD911,deploy,CS1,008,35.949085,-75.230160,CTD off deck,OOI Pioneer
ar78,117,2023-10-31T13:08:35Z,CTD911,maxDepth,CS1,008,35.949165,-75.230231,Max Depth 28 m,OOI Pioneer
ar78,118,2023-10-31T13:12:08Z,CTD911,recover,CS1,008,35.949146,-75.230175,CTD on deck,OOI Pioneer
ar78,119,2023-10-31T13:18:48Z,Underway Science seawater diaphragm pump,FCM Discrete,"",UW3,35.949340,-75.229646,use as CTD surface to pair with CTD008 bottom sample,OOI Pioneer
ar78,120,2023-10-31T14:03:08Z,CTD911,deploy,CN,009,35.950143,-75.125518,CTD off deck,OOI Pioneer
ar78,121,2023-10-31T14:10:50Z,CTD911,maxDepth,CN,009,35.949374,-75.126080,Max Depth 29 m,OOI Pioneer
ar78,123,2023-10-31T14:14:08Z,CTD911,recover,CN,009,35.948959,-75.126356,CTD on deck,OOI Pioneer
ar78,122,2023-10-31T14:15:58Z,Underway Science seawater diaphragm pump,FCM Discrete,"",UW4,35.948980,-75.126408,use as CTD surface to pair with CTD009 bottom sample,OOI Pioneer
ar78,124,2023-10-31T14:58:07Z,CTD911,deploy,CS2,010,35.950580,-75.031391,CTD off deck,OOI Pioneer
ar78,125,2023-10-31T15:04:36Z,CTD911,maxDepth,CS2,010,35.950532,-75.031885,Max Depth 38 m,OOI Pioneer
ar78,126,2023-10-31T15:09:08Z,CTD911,recover,CS2,010,35.950050,-75.032775,CTD on deck,OOI Pioneer
ar78,127,2023-10-31T15:59:08Z,CTD911,deploy,CS3,011,35.949753,-74.937937,CTD off deck,OOI Pioneer
ar78,128,2023-10-31T16:08:04Z,CTD911,maxDepth,CS3,011,35.949776,-74.938093,Max Depth 67 m,OOI Pioneer
ar78,129,2023-10-31T16:15:08Z,CTD911,recover,CS3,011,35.949832,-74.938410,CTD on deck,OOI Pioneer
ar78,130,2023-10-31T16:59:08Z,CTD911,deploy,EA,012,35.949863,-74.845616,CTD off deck,OOI Pioneer
ar78,131,2023-10-31T17:08:44Z,CTD911,maxDepth,EA,012,35.949880,-74.845885,Max Depth 95 m,OOI Pioneer
ar78,132,2023-10-31T17:17:08Z,CTD911,recover,EA,012,35.949897,-74.846456,CTD on deck,OOI Pioneer
ar78,133,2023-10-31T17:57:09Z,CTD911,deploy,CS4,013,35.949883,-74.752079,CTD off deck,OOI Pioneer
ar78,134,2023-10-31T18:18:07Z,CTD911,maxDepth,CS4,013,35.949934,-74.751749,Max Depth 752 m,OOI Pioneer
ar78,135,2023-10-31T18:41:09Z,CTD911,recover,CS4,013,35.949828,-74.752537,CTD on deck,OOI Pioneer
ar78,136,2023-10-31T19:46:27Z,Underway Science seawater diaphragm pump,Chl Discrete,"",UW_chl2,35.793529,-74.821525,"",OOI Pioneer
ar78,137,2023-10-31T20:13:09Z,CTD911,deploy,SO,014,35.724739,-74.852697,CTD off deck,OOI Pioneer
ar78,138,2023-10-31T20:20:17Z,CTD911,maxDepth,SO,014,35.724704,-74.852969,Max Depth 95 m,OOI Pioneer
ar78,139,2023-10-31T20:27:09Z,CTD911,recover,SO,014,35.724705,-74.853215,CTD on deck,OOI Pioneer
ar78,140,2023-10-31T21:12:08Z,CTD911,deploy,AS4,015,35.798437,-74.878186,CTD off deck,OOI Pioneer
ar78,141,2023-10-31T21:21:02Z,CTD911,maxDepth,AS4,015,35.798377,-74.878779,Max Depth 95 m,OOI Pioneer
ar78,142,2023-10-31T21:27:08Z,CTD911,recover,AS4,015,35.798386,-74.878733,CTD on deck,OOI Pioneer
ar78,143,2023-10-31T22:08:08Z,CTD911,deploy,AS3,016,35.876222,-74.874009,CTD off deck,OOI Pioneer
ar78,144,2023-10-31T22:16:01Z,CTD911,maxDepth,AS3,016,35.875197,-74.874218,Max Depth 95 m,OOI Pioneer
ar78,145,2023-10-31T22:23:08Z,CTD911,recover,AS3,016,35.873983,-74.874545,CTD on deck,OOI Pioneer
ar78,146,2023-10-31T23:11:09Z,CTD911,deploy,EA,017,35.949852,-74.845493,CTD off deck,OOI Pioneer
ar78,147,2023-10-31T23:18:49Z,CTD911,maxDepth,EA,017,35.948814,-74.845868,Max Depth 95 m,OOI Pioneer
ar78,148,2023-10-31T23:25:08Z,CTD911,recover,EA,017,35.948126,-74.846090,CTD on deck,OOI Pioneer
ar78,149,2023-11-01T00:11:08Z,CTD911,deploy,AS2,018,36.025217,-74.835249,CTD off deck,OOI Pioneer
ar78,150,2023-11-01T00:20:14Z,CTD911,maxDepth,AS2,018,36.023738,-74.835316,Max Depth 95 m,OOI Pioneer
ar78,151,2023-11-01T00:28:08Z,CTD911,recover,AS2,018,36.022430,-74.835687,CTD on deck,OOI Pioneer
ar78,152,2023-11-01T01:12:08Z,CTD911,deploy,AS1,019,36.099957,-74.836762,CTD off deck,OOI Pioneer
ar78,153,2023-11-01T01:20:18Z,CTD911,maxDepth,AS1,019,36.098571,-74.837368,Max Depth 96 m,OOI Pioneer
ar78,154,2023-11-01T01:28:08Z,CTD911,recover,AS1,019,36.097183,-74.837758,CTD on deck,OOI Pioneer
ar78,155,2023-11-01T02:13:08Z,CTD911,deploy,NO,020,36.175276,-74.826999,CTD off deck,OOI Pioneer
ar78,156,2023-11-01T02:21:47Z,CTD911,maxDepth,NO,020,36.173915,-74.827675,Max Depth 96 m,OOI Pioneer
ar78,157,2023-11-01T02:30:09Z,CTD911,recover,NO,020,36.172267,-74.828364,CTD on deck,OOI Pioneer
ar78,158,2023-11-01T21:58:25Z,Underway Science seawater diaphragm pump,Chl Discrete,"",UW_chl3,38.360556,-72.913921,"",OOI Pioneer
ar78,159,2023-11-02T20:08:58Z,Underway Science seawater diaphragm pump,Chl Discrete,"",UW_chl4,41.063311,-70.996761,"",OOI Pioneer
ar78,165,2023-11-02T22:55:44Z,EK80 broadband,start,"","",41.134085,-70.946382,start in passive mode,OOI Pioneer
ar78,166,2023-11-02T22:56:09Z,UHDAS,stop,"","",41.134085,-70.946375,all freq off for EK80 survey,OOI Pioneer
ar78,167,2023-11-02T23:47:00Z,EK80 broadband,other,"","",41.174887,-70.911183,bridge turn off their pingers,OOI Pioneer
ar78,168,2023-11-02T23:57:00Z,EK80 broadband,other,LTER1,"",41.198327,-70.888340,start active as L1 start of LTER line,OOI Pioneer
ar78,169,2023-11-03T02:20:43Z,Underway Science seawater diaphragm pump,Chl Discrete,"",UW_chl5,40.904342,-70.883239,"",OOI Pioneer
ar78,170,2023-11-03T11:36:30Z,EK80 broadband,other,LTER11,"",39.760713,-70.882754,end active at L11 end of LTER line,OOI Pioneer
ar78,171,2023-11-03T11:39:52Z,EK80 broadband,stop,"","",39.753675,-70.882678,"",OOI Pioneer
ar78,172,2023-11-03T11:40:13Z,UHDAS,start,"","",39.753080,-70.882419,"",OOI Pioneer
ar78,173,2023-11-03T11:58:08Z,CTD911,deploy,LTER11,021,39.773260,-70.883308,CTD off deck,OOI Pioneer
ar78,174,2023-11-03T12:15:09Z,CTD911,maxDepth,LTER11,021,39.773336,-70.883532,Max Depth 503 m,OOI Pioneer
ar78,175,2023-11-03T12:30:08Z,CTD911,recover,LTER11,021,39.773732,-70.884955,CTD on deck,OOI Pioneer
ar78,176,2023-11-03T13:04:51Z,Underway Science seawater diaphragm pump,Chl Discrete,"",UW_chl6,39.859793,-70.882777,"",OOI Pioneer
ar78,177,2023-11-03T13:35:09Z,CTD911,deploy,LTER10,022,39.940595,-70.883238,CTD off deck,OOI Pioneer
ar78,178,2023-11-03T13:52:08Z,CTD911,maxDepth,LTER10,022,39.940623,-70.883228,Max Depth 438 m,OOI Pioneer
ar78,179,2023-11-03T14:12:09Z,CTD911,recover,LTER10,022,39.940625,-70.883227,CTD on deck,OOI Pioneer
ar78,180,2023-11-03T14:57:09Z,CTD911,deploy,LTER9,023,40.046384,-70.885583,CTD off deck,OOI Pioneer
ar78,181,2023-11-03T15:10:50Z,CTD911,maxDepth,LTER9,023,40.046484,-70.887678,Max Depth 202 m,OOI Pioneer
ar78,182,2023-11-03T15:17:40Z,Valeport SVS,stop,"","",40.046479,-70.888527,raised the valeport,OOI Pioneer
ar78,183,2023-11-03T15:18:09Z,CTD911,recover,LTER9,023,40.046479,-70.888590,CTD on deck,OOI Pioneer
ar78,184,2023-11-03T16:03:47Z,CTD911,deploy,LTER8,024,40.151778,-70.883463,CTD off deck,OOI Pioneer
ar78,185,2023-11-03T16:14:56Z,CTD911,maxDepth,LTER8,024,40.152126,-70.883200,Max Depth 133 m,OOI Pioneer
ar78,186,2023-11-03T16:28:09Z,CTD911,recover,LTER8,024,40.152530,-70.882935,CTD on deck,OOI Pioneer
ar78,187,2023-11-03T17:10:09Z,CTD911,deploy,LTER7,025,40.257678,-70.883215,CTD off deck,OOI Pioneer
ar78,188,2023-11-03T17:20:39Z,CTD911,maxDepth,LTER7,025,40.257754,-70.883075,Max Depth 117 m,OOI Pioneer
ar78,189,2023-11-03T17:29:09Z,CTD911,recover,LTER7,025,40.257930,-70.882797,CTD on deck,OOI Pioneer
ar78,190,2023-11-03T18:12:09Z,CTD911,deploy,LTER6,026,40.363279,-70.883076,CTD off deck,OOI Pioneer
ar78,191,2023-11-03T18:21:09Z,CTD911,maxDepth,LTER6,026,40.363299,-70.882996,Max Depth 90 m,OOI Pioneer
ar78,192,2023-11-03T18:32:09Z,CTD911,recover,LTER6,026,40.363293,-70.883003,CTD on deck,OOI Pioneer
ar78,193,2023-11-03T19:32:09Z,CTD911,deploy,LTER5,027,40.513138,-70.882901,CTD off deck,OOI Pioneer
ar78,194,2023-11-03T19:39:37Z,CTD911,maxDepth,LTER5,027,40.513167,-70.882462,Max Depth 71 m,OOI Pioneer
ar78,195,2023-11-03T19:45:09Z,CTD911,recover,LTER5,027,40.513168,-70.882607,CTD off deck,OOI Pioneer
ar78,196,2023-11-03T20:55:09Z,CTD911,deploy,LTER4,028,40.696204,-70.883320,CTD off deck,OOI Pioneer
ar78,197,2023-11-03T21:01:48Z,CTD911,maxDepth,LTER4,028,40.696118,-70.882563,Max Depth 60 m,OOI Pioneer
ar78,198,2023-11-03T21:10:08Z,CTD911,recover,LTER4,028,40.696037,-70.882159,CTD on deck,OOI Pioneer
ar78,199,2023-11-03T22:14:09Z,CTD911,deploy,LTER3,029,40.863217,-70.883611,CTD off deck,OOI Pioneer
ar78,200,2023-11-03T22:25:47Z,CTD911,maxDepth,LTER3,029,40.862989,-70.883065,Max Depth 50 m,OOI Pioneer
ar78,201,2023-11-03T22:30:09Z,CTD911,recover,LTER3,029,40.862803,-70.882698,CTD on deck,OOI Pioneer
ar78,202,2023-11-03T22:35:34Z,CTD911,other,"","",40.864276,-70.884445,SSSG flushed tubing and cleaned pinhole vents,OOI Pioneer
ar78,203,2023-11-03T23:02:40Z,Underway Science seawater diaphragm pump,Chl Discrete,"",UW_chl7,40.937126,-70.883224,"",OOI Pioneer
ar78,204,2023-11-03T23:36:09Z,CTD911,deploy,LTER2,030,41.030335,-70.883493,CTD off deck,OOI Pioneer
ar78,205,2023-11-03T23:43:58Z,CTD911,maxDepth,LTER2,030,41.030160,-70.883735,Max Depth 41 m,OOI Pioneer
ar78,206,2023-11-03T23:50:09Z,CTD911,recover,LTER2,030,41.030052,-70.883539,CTD on deck,OOI Pioneer
ar78,207,2023-11-04T00:55:09Z,CTD911,deploy,LTER1,031,41.196160,-70.883639,CTD off deck,OOI Pioneer
ar78,208,2023-11-04T01:01:50Z,CTD911,maxDepth,LTER1,031,41.196074,-70.883595,Max Depth 17 m,OOI Pioneer
ar78,209,2023-11-04T01:05:09Z,CTD911,recover,LTER1,031,41.196086,-70.883599,CTD on deck,OOI Pioneer
ar78,210,2023-11-04T02:10:34Z,Attune Flow Cytometer,stop,"","",41.256567,-70.892799,"",OOI Pioneer
ar78,211,2023-11-04T02:14:06Z,UHDAS,stop,"","",41.260571,-70.892945,"",OOI Pioneer
ar78,212,2023-11-04T02:15:33Z,PCO2,stop,"","",41.262302,-70.893030,"",OOI Pioneer
ar78,213,2023-11-04T02:21:50Z,IFCB continuous,stop,"","",41.268987,-70.893618,"",OOI Pioneer
ar78,214,2023-11-04T02:43:09Z,Underway Science seawater diaphragm pump,stop,"","",41.293822,-70.897884,"",OOI Pioneer
ar78,215,2023-11-04T02:43:28Z,Underway Science seawater,stop,"","",41.294157,-70.897963,"",OOI Pioneer
en712,1,2024-02-06T17:54:54Z,Other,other,"","",41.492425,-71.418593,#1 test of Knudsen 12KHz running and automatic seafloor depth entry,NESLTER
en712,2,2024-02-06T19:20:03Z,Other,other,"","",41.492448,-71.418595,test of depth and GPS OK to delete this,NESLTER
en712,13,2024-02-08T15:05:31Z,SUNAV2,sync time,"","",41.492447,-71.418578,day before cruise,NESLTER
en712,14,2024-02-09T09:30:00Z,SUNAV2,onCTD,"","",41.492445,-71.418605,"",NESLTER
en712,3,2024-02-09T13:37:34Z,MeteorologicalSensor,start,"","",41.492437,-71.418593,met sensors operating and logging as usual. SCS proc cruise event logging reset last night.,NESLTER
en712,4,2024-02-09T13:39:35Z,Echosounder12,start,"","",41.492447,-71.418602,12 KHz started before leaving the GSO dock,NESLTER
en712,5,2024-02-09T13:43:14Z,Ship,other,"","",41.492432,-71.418618,Safety brief w/ 2nd Mate Val,NESLTER
en712,6,2024-02-09T13:58:04Z,Ship,other,"","",41.492462,-71.418582,Gangway removed from GSO dock and 02 deck to storage on board,NESLTER
en712,7,2024-02-09T14:04:49Z,Ship,startCruise,"","",41.492395,-71.418515,Lines Removed from Dock at GSO URI,NESLTER
en712,11,2024-02-09T14:12:02Z,Simrad EK-80,start,"","",41.48763,-71.413993,ek80 start pinging and recording,NESLTER
en712,8,2024-02-09T14:46:54Z,ADCP75,start,"","",41.422382,-71.398762,UHDAS controls both OS75 and WH300 KHz ADCPs. Started at the mouth of Narragansett Bay.,NESLTER
en712,9,2024-02-09T14:47:52Z,ADCP300,start,"","",41.421303,-71.396127,UHDAS controls both OS75 and WH300 KHz ADCPs. Started at the mouth of Narragansett Bay. 300KHz Broadband is OFF for EK80.,NESLTER
en712,10,2024-02-09T14:48:17Z,UHDAS for both ADCPs,start,"","",41.420883,-71.394982,UHDAS controls both OS75 and WH300 KHz ADCPs. Started at the mouth of Narragansett Bay. 300KHz Broadband is OFF for EK80.,NESLTER
en712,12,2024-02-09T14:50:11Z,Underway Science seawater impeller,start,"","",41.418837,-71.38996,"",NESLTER
en712,17,2024-02-09T15:15:00Z,Ship,other,"","",41.385125,-71.31128,Safety orientation video and talk w/ 2nd Mate Val,NESLTER
en712,16,2024-02-09T15:24:20Z,Fluorometers on underway impeller,start,"","",41.371433,-71.280862,SBE45 and SBE21 with fluorometers and SPAR started on sci sw system impeller pump.,NESLTER
en712,15,2024-02-09T15:24:20Z,Thermosalinographs on underway impeller,start,"","",41.371433,-71.280862,SBE45 and SBE21 with fluorometers and SPAR started on sci sw system impeller pump.,NESLTER
en712,18,2024-02-09T16:07:35Z,Underway Science seawater diaphragm pump,other,"","",41.30768,-71.135893,sci sw system impeller pump turned off and on to clear drains in Wet Lab.,NESLTER
en712,19,2024-02-09T16:13:03Z,Underway Science seawater diaphragm pump,other,"","",41.299312,-71.117437,sci sw system impeller pump turned off and on to clear drains in Wet Lab.,NESLTER
en712,20,2024-02-09T16:15:53Z,Underway Science seawater diaphragm pump,other,"","",41.295017,-71.10798,sci sw system impeller pump turned off and on to clear drains in Wet Lab.,NESLTER
en712,21,2024-02-09T16:36:51Z,Underway Science seawater diaphragm pump,start,"","",41.263903,-71.038295,pump on at setting = 20,NESLTER
en712,29,2024-02-09T16:55:00Z,EIMS,start,"","",41.237713,-70.979278,"",NESLTER
en712,22,2024-02-09T17:04:13Z,Attune Flow Cytometer,start,"","",41.225597,-70.950158,"",NESLTER
en712,72,2024-02-09T17:23:25Z,IFCB continuous,start,"","",41.199633,-70.89078,"",NESLTER
en712,23,2024-02-09T18:12:40Z,IFCB continuous,other,"","",41.194055,-70.88489,turn on cooling tubing,NESLTER
en712,24,2024-02-09T18:19:33Z,CTD911,deploy,L1,01,41.19357,-70.884792,cast took longer due to fixing xmlcon file during 10m soak before Seasave acquisition,NESLTER
en712,25,2024-02-09T19:15:27Z,Bongo Net,deploy,L1,B01,41.19125,-70.884853,"",NESLTER
en712,76,2024-02-09T19:15:27Z,Simrad EK-80,stop,"","",41.19125,-70.884853,I stopped pinging and recording Ship EK80 laptop to use with troubleshooting stingray acoustics. Caused problem with this laptop resulting in underway acoustics also not working. Same connection problem at stingray,NESLTER
en712,26,2024-02-09T19:21:10Z,Bongo Net,recover,L1,B01,41.189648,-70.883165,1st Bongo. Winch zeroed with weight and bongo below the surface. SV of 1500 m/s = depth 22m. Target depth 17m. TDR showed 15m. Max payout 18m. Wire angle ~35 deg. 20m/min down and 6m/min up,NESLTER
en712,27,2024-02-09T20:02:47Z,Incubation Grazing,start,L1,01,41.107773,-70.874712,"",NESLTER
en712,30,2024-02-09T20:03:00Z,Underway Science seawater diaphragm pump,TOI discrete,L1.5,"",41.107477,-70.874825,"",NESLTER
en712,28,2024-02-09T20:06:12Z,Incubation Mixotrophy,start,L1,01,41.104967,-70.875652,"",NESLTER
en712,31,2024-02-09T20:34:08Z,Sting Ray,deploy towed,L1.5,tow001,41.094477,-70.880265,"",NESLTER
en712,38,2024-02-09T20:40:48Z,Incubation C13,start,L1,01,41.087948,-70.88026,"",NESLTER
en712,32,2024-02-09T20:42:00Z,Underway Science seawater diaphragm pump,DO discrete,"","",41.086728,-70.880247,"",NESLTER
en712,33,2024-02-09T20:48:00Z,Underway Science seawater diaphragm pump,DO discrete,"","",41.080402,-70.88039,"",NESLTER
en712,34,2024-02-09T20:53:00Z,Underway Science seawater diaphragm pump,DO discrete,"","",41.075153,-70.880525,"",NESLTER
en712,35,2024-02-09T21:00:40Z,Underway Science seawater diaphragm pump,other,"","",41.067152,-70.880647,cinch back overflow to give more flow to SPL. Flow dropped approx when starting stingray tow,NESLTER
en712,231,2024-02-09T21:22:00Z,Underway Science seawater impeller,chl discrete,"","",41.04499,-70.8833,"",NESLTER
en712,57,2024-02-09T21:39:00Z,Underway Science seawater diaphragm pump,TOI discrete,"","",41.024118,-70.883712,Bottle 199,NESLTER
en712,58,2024-02-09T22:40:00Z,Underway Science seawater diaphragm pump,TOI discrete,"","",40.945587,-70.8835,Bottle 655,NESLTER
en712,36,2024-02-09T22:53:14Z,Underway Science seawater impeller,service,"","",40.928813,-70.884258,SW pump secured for maintenance. Drain backed up. Did not secure Seasave acquisition.,NESLTER
en712,59,2024-02-09T23:44:00Z,Underway Science seawater diaphragm pump,TOI discrete,"","",40.865293,-70.88306,Bottle 802,NESLTER
en712,37,2024-02-09T23:49:46Z,Underway Science seawater impeller,start,"","",40.858218,-70.882955,Service complete,NESLTER
en712,232,2024-02-10T00:41:00Z,Underway Science seawater impeller,chl discrete,"","",40.789462,-70.882713,"",NESLTER
en712,60,2024-02-10T01:49:00Z,Underway Science seawater diaphragm pump,TOI discrete,"","",40.696193,-70.882913,Bottle 521,NESLTER
en712,39,2024-02-10T03:58:59Z,Sting Ray,recover,L5,tow001,40.513787,-70.884557,"",NESLTER
en712,40,2024-02-10T04:16:55Z,CTD911,deploy,L5,02,40.509633,-70.884838,"",NESLTER
en712,41,2024-02-10T04:47:02Z,Bongo Net,deploy,L5,B02,40.51013,-70.882255,"",NESLTER
en712,42,2024-02-10T05:06:52Z,Bongo Net,recover,L5,B02,40.506782,-70.87381,2nd Bongo. Winch zeroed with weight and bongo below the surface. SV of 1500 m/s = depth 78m. Target depth 73m. TDR showed 71.4m. Max payout 89m. Wire angle ~35 deg. 30m/min down and 6m/min up,NESLTER
en712,43,2024-02-10T06:48:00Z,CTD911,deploy,u6a,03,40.363072,-70.773455,"",NESLTER
en712,61,2024-02-10T07:26:00Z,Underway Science seawater diaphragm pump,TOI discrete,"","",40.362793,-70.824398,Bottle 440,NESLTER
en712,62,2024-02-10T07:40:00Z,Underway Science seawater diaphragm pump,TOI discrete,"","",40.363302,-70.877075,Bottle 443,NESLTER
en712,63,2024-02-10T07:56:00Z,Underway Science seawater diaphragm pump,TOI discrete,"","",40.363882,-70.93696,Bottle 354,NESLTER
en712,64,2024-02-10T08:08:00Z,Underway Science seawater diaphragm pump,TOI discrete,"","",40.36429,-70.981967,Bottle 563,NESLTER
en712,44,2024-02-10T08:18:44Z,CTD911,deploy,d6a,04,40.361688,-70.994165,"",NESLTER
en712,45,2024-02-10T09:00:16Z,SUNAV2,sync time,"","",40.363437,-70.902765,1.72 seconds slow,NESLTER
en712,46,2024-02-10T09:19:11Z,CTD911,deploy,L6,05,40.36425,-70.882987,"",NESLTER
en712,94,2024-02-10T10:17:28Z,Incubation C13,start,L6,05,40.363075,-70.879625,"",NESLTER
en712,48,2024-02-10T10:17:29Z,Bongo Net,deploy,L6,B05,40.363075,-70.879625,"",NESLTER
en712,52,2024-02-10T10:22:42Z,Bongo Net,other,L6,B05,40.361923,-70.878442,Max payout of 109m wire out. Net collected bottom sediment. Logger showed 95m max depth.,NESLTER
en712,49,2024-02-10T10:30:00Z,Bongo Net,recover,L6,B05,40.360143,-70.87744,3rd Bongo tow. Winch zeroed with weight and bongo below the surface. SV of 1500 m/s = depth 95m. Target depth 90m. TDR showed 90m. Max payout 109m. Wire angle ~35 deg. 20m/min down and 18m/min up.  Net collected bottom sediment. Sample not processed,NESLTER
en712,54,2024-02-10T11:04:00Z,Underway Science seawater diaphragm pump,DO discrete,"","",40.29628,-70.882442,Bottle 28,NESLTER
en712,55,2024-02-10T11:08:00Z,Underway Science seawater diaphragm pump,DO discrete,"","",40.28616,-70.88315,Bottle 25,NESLTER
en712,56,2024-02-10T11:10:00Z,Underway Science seawater diaphragm pump,DO discrete,"","",40.28108,-70.883353,Bottle 31,NESLTER
en712,47,2024-02-10T11:13:32Z,Incubation Grazing,start,L6,05,40.272093,-70.883623,"",NESLTER
en712,51,2024-02-10T11:40:04Z,CTD911,deploy,L7,06,40.256157,-70.884078,"",NESLTER
en712,50,2024-02-10T11:44:54Z,Incubation Mixotrophy,start,L6,05,40.256272,-70.88408,"",NESLTER
en712,53,2024-02-10T12:30:24Z,Bongo Net,deploy,L7,B06,40.253,-70.87984,"",NESLTER
en712,71,2024-02-10T12:44:05Z,Bongo Net,recover,L7,B06,40.248205,-70.877457,4th Bongo. Winch zeroed with weight and bongo at the surface. SV of 1500 m/s = depth 123m. Target depth 118m. TDR showed 100m. Max payout 131m. Wire angle ~30 deg. 20m/min down and 20m/min up,NESLTER
en712,233,2024-02-10T13:23:00Z,Underway Science seawater impeller,chl discrete,"","",40.320853,-70.88215,"",NESLTER
en712,65,2024-02-10T14:40:03Z,Sting Ray,deploy towed,L5,tow002,40.513002,-70.87666,"",NESLTER
en712,66,2024-02-10T14:51:09Z,Underway Science seawater diaphragm pump,TOI discrete,"","",40.508698,-70.87278,Bottle 195,NESLTER
en712,77,2024-02-10T15:23:12Z,Simrad EK-80,start,"","",40.480132,-70.883093,Ship EK80 working again. pinging and recording on,NESLTER
en712,73,2024-02-10T16:35:53Z,Sting Ray,other,"",tow002,40.379528,-70.882668,approximate time EK80 acoustics started working,NESLTER
en712,67,2024-02-10T16:52:36Z,Underway Science seawater diaphragm pump,TOI discrete,"","",40.35937,-70.883537,Bottle 811,NESLTER
en712,68,2024-02-10T17:00:24Z,Sting Ray,SUNAV2,"",tow002,40.348875,-70.882793,changed SUNA CALJ file done on ship back to the initial CALI prior to cruise used at start of cruise,NESLTER
en712,234,2024-02-10T17:34:00Z,Underway Science seawater impeller,chl discrete,"","",40.302217,-70.882815,"",NESLTER
en712,107,2024-02-10T18:06:00Z,Underway Science seawater diaphragm pump,TOI discrete,"","",40.258793,-70.883397,Bottle 491,NESLTER
en712,69,2024-02-10T18:10:48Z,Underway Science seawater diaphragm pump,IFCB discrete,"",UW1,40.252172,-70.883418,run on IFCB109 and IFCB188,NESLTER
en712,70,2024-02-10T19:08:53Z,Incubation C13,stop,L1,01,40.175763,-70.884695,"",NESLTER
en712,108,2024-02-10T19:39:00Z,Underway Science seawater diaphragm pump,TOI discrete,"","",40.138427,-70.883882,Bottle 400,NESLTER
en712,74,2024-02-10T19:59:37Z,Incubation Grazing,stop,L1,01,40.113228,-70.884263,"",NESLTER
en712,109,2024-02-10T21:02:00Z,Underway Science seawater diaphragm pump,TOI discrete,"","",40.037393,-70.883367,Bottle 536,NESLTER
en712,75,2024-02-10T21:04:56Z,Thermosalinographs on underway impeller,other,"","",40.033738,-70.883393,Restarted for maintenance. NMEA sentence was not being acquired correctly. New collection file started.,NESLTER
en712,235,2024-02-10T21:15:00Z,Underway Science seawater impeller,chl discrete,"","",40.02072,-70.883588,"",NESLTER
en712,110,2024-02-10T22:19:00Z,Underway Science seawater diaphragm pump,TOI discrete,"","",39.93707,-70.88222,Bottle 549,NESLTER
en712,236,2024-02-10T23:42:00Z,Underway Science seawater impeller,chl discrete,"","",39.834455,-70.883015,"",NESLTER
en712,111,2024-02-11T00:39:00Z,Underway Science seawater diaphragm pump,TOI discrete,"","",39.773795,-70.884907,Bottle 293,NESLTER
en712,78,2024-02-11T00:45:42Z,Sting Ray,recover,L11,tow002,39.769458,-70.889072,"",NESLTER
en712,116,2024-02-11T01:11:00Z,Underway Science seawater diaphragm pump,DO discrete,"","",39.755362,-70.905013,Bottle 1,NESLTER
en712,117,2024-02-11T01:15:00Z,Underway Science seawater diaphragm pump,DO discrete,"","",39.757863,-70.902858,Bottle 9,NESLTER
en712,118,2024-02-11T01:20:00Z,Underway Science seawater diaphragm pump,DO discrete,"","",39.767642,-70.9024,Bottle 22,NESLTER
en712,155,2024-02-11T02:36:37Z,Isaacs-Kidd Midwater Trawl,deploy,L10,IKMT01,39.935798,-70.889712,"",NESLTER
en712,80,2024-02-11T02:41:30Z,Isaacs-Kidd Midwater Trawl,startSample,L10,IKMT01,39.93314,-70.894715,Tow at 170 mwo for 20 minutes. Depth range targeted was 56m.,NESLTER
en712,81,2024-02-11T03:02:01Z,Isaacs-Kidd Midwater Trawl,stopSample,L10,IKMT01,39.921862,-70.913898,"",NESLTER
en712,157,2024-02-11T03:20:21Z,Isaacs-Kidd Midwater Trawl,recover,L10,IKMT01,39.916338,-70.919108,"",NESLTER
en712,82,2024-02-11T03:47:03Z,CTD911,deploy,L10,07,39.940445,-70.883367,bottle 21 misfire,NESLTER
en712,84,2024-02-11T04:35:00Z,Bongo Net,deploy,L10,B07,39.92963,-70.890078,"",NESLTER
en712,85,2024-02-11T05:00:00Z,Bongo Net,recover,L10,B07,39.921403,-70.900237,5th Bongo. Winch zeroed with weight and bongo at the surface. SV of 1500 m/s = depth 463m. Target depth 200m. TDR showed 183.5m. Max payout 244m. Wire angle ~35 deg. 30-24-30m/min down and 18m/min up,NESLTER
en712,83,2024-02-11T05:02:36Z,Incubation C13,start,L10,07,39.920602,-70.90115,"",NESLTER
en712,86,2024-02-11T05:27:31Z,Incubation Grazing,start,L10,07,39.90568,-70.882383,"",NESLTER
en712,87,2024-02-11T05:42:45Z,Incubation Mixotrophy,start,L10,07,39.863193,-70.88295,"",NESLTER
en712,88,2024-02-11T06:53:04Z,CTD911,deploy,u11a,08,39.771153,-70.776085,"",NESLTER
en712,112,2024-02-11T07:44:00Z,Underway Science seawater diaphragm pump,TOI discrete,"","",39.77341,-70.82824,Bottle 554,NESLTER
en712,113,2024-02-11T07:57:00Z,Underway Science seawater diaphragm pump,TOI discrete,"","",39.773103,-70.873423,Bottle 149,NESLTER
en712,114,2024-02-11T08:16:00Z,Underway Science seawater diaphragm pump,TOI discrete,"","",39.773325,-70.939378,Bottle 615,NESLTER
en712,115,2024-02-11T08:29:00Z,Underway Science seawater diaphragm pump,TOI discrete,"","",39.77452,-70.984298,Bottle 251,NESLTER
en712,89,2024-02-11T08:35:12Z,Incubation C13,stop,L6,05,39.772993,-70.992885,"",NESLTER
en712,90,2024-02-11T08:40:00Z,CTD911,deploy,d11a,09,39.772003,-70.993672,no bottles were fired,NESLTER
en712,91,2024-02-11T09:29:37Z,Incubation Grazing,stop,L6,05,39.771915,-70.969197,"",NESLTER
en712,92,2024-02-11T10:01:35Z,CTD911,deploy,L11,10,39.77185,-70.883778,500m max depth. Winch 1 fresh water rinse on.,NESLTER
en712,159,2024-02-11T10:58:00Z,Underway Science seawater diaphragm pump,TOI discrete,"","",39.7546,-70.902447,Bottle 663,NESLTER
en712,160,2024-02-11T11:00:00Z,Underway Science seawater diaphragm pump,TOI discrete,"","",39.754038,-70.903317,Bottle 155,NESLTER
en712,93,2024-02-11T11:09:12Z,Bongo Net,deploy,L11,B10,39.750732,-70.909177,"",NESLTER
en712,95,2024-02-11T11:40:44Z,Incubation C13,start,L11,10,39.73824,-70.932152,"",NESLTER
en712,98,2024-02-11T11:42:48Z,Bongo Net,recover,L11,B10,39.737365,-70.933807,6th Bongo. Winch zeroed with weight and bongo at surface. L11 CTD avg SV of 1494 m/s = depth 1728m. SV of 1500 m/s = depth 1736m. Target depth 200m. TDR showed 195m. Target payout 311m. Wire angle at max payout ~50-55 deg. 20m/min down and up,NESLTER
en712,96,2024-02-11T12:37:35Z,Incubation Grazing,start,L11,10,39.76274,-70.883977,"",NESLTER
en712,97,2024-02-11T12:40:06Z,Sting Ray,deploy towed,L11,tow003,39.761122,-70.884687,"",NESLTER
en712,99,2024-02-11T13:27:19Z,Incubation Mixotrophy,start,L11,10,39.768532,-70.892107,"",NESLTER
en712,100,2024-02-11T14:39:44Z,Sting Ray,other,L11,tow003,39.788565,-70.883155,Freshwater rinse cable from max wire out of 1145 m to ~400 mwo. Use a garden hose wth fan spray nozzle set in ss wire tray fwd of the drum. There is a small gap between wraps deep which must be between at ~1145 and 1111 m. It affects all fleets and wraps above it.,NESLTER
en712,101,2024-02-11T15:15:17Z,SUNAV2,sync time,"","",39.824882,-70.883365,suna was 1 second behind.,NESLTER
en712,102,2024-02-11T15:50:29Z,MK21 XBT launcher,start,L10.5,01,39.86346,-70.882495,SN 689027  T7_00001 The file for this XBT is time stamped in UTC. The GPS was not going to the computer so use the Lat and Lon from this eLog. 39d 51.8076'N 070d 52.9497'W,NESLTER
en712,103,2024-02-11T16:58:18Z,MK21 XBT launcher,start,L10,02,39.938878,-70.883018,SN 688336  T7_00002  110m from station L10,NESLTER
en712,161,2024-02-11T17:23:00Z,Underway Science seawater diaphragm pump,TOI discrete,"","",39.965722,-70.88339,Bottle 597,NESLTER
en712,119,2024-02-11T17:30:00Z,Underway Science seawater diaphragm pump,DO discrete,"","",39.973295,-70.88345,Bottle 21,NESLTER
en712,120,2024-02-11T17:32:00Z,Underway Science seawater diaphragm pump,DO discrete,"","",39.975412,-70.883353,Bottle 20,NESLTER
en712,121,2024-02-11T17:34:00Z,Underway Science seawater diaphragm pump,DO discrete,"","",39.977525,-70.883393,Bottle 4,NESLTER
en712,104,2024-02-11T17:47:36Z,MK21 XBT launcher,start,L9.5,03,39.99288,-70.883343,SN 1386182  TD_00003,NESLTER
en712,105,2024-02-11T18:34:41Z,MK21 XBT launcher,start,L9,04,40.045765,-70.883468,SN 1386178  TD_00004,NESLTER
en712,162,2024-02-11T18:47:00Z,Underway Science seawater diaphragm pump,TOI discrete,"","",40.058885,-70.883573,Bottle 812,NESLTER
en712,106,2024-02-11T19:22:52Z,MK21 XBT launcher,start,L8.5,05,40.098328,-70.883787,SN 1386174  TD_00005,NESLTER
en712,237,2024-02-11T19:52:00Z,Underway Science seawater impeller,chl discrete,"","",40.130823,-70.883528,"",NESLTER
en712,122,2024-02-11T20:09:35Z,MK21 XBT launcher,start,L8,06,40.150942,-70.883372,SN 3186181  TD_00006,NESLTER
en712,163,2024-02-11T20:11:00Z,Underway Science seawater diaphragm pump,TOI discrete,"","",40.152558,-70.883388,Bottle 437,NESLTER
en712,123,2024-02-11T21:13:28Z,Sting Ray,recover,L7.5,tow003,40.157192,-70.884145,Loss of comms with sled. Recover to troubleshoot,NESLTER
en712,124,2024-02-11T22:00:11Z,CTD911,deploy,L9,11,40.0453,-70.884845,"",NESLTER
en712,125,2024-02-11T22:43:58Z,Bongo Net,deploy,L9,B11,40.041692,-70.903232,"",NESLTER
en712,126,2024-02-11T23:03:03Z,Bongo Net,recover,L9,B11,40.045192,-70.912248,7th Bongo. Winch zeroed with weight and bongo at surface. L9 CTD avg SV of #### m/s = depth ###m. SV of 1500 m/s = depth 213m. Target depth 200m. TDR showed 207m. Max payout 261m. Wire angle 40 deg at max payout. 30m/min down and 20m/min up,NESLTER
en712,182,2024-02-12T00:23:05Z,Isaacs-Kidd Midwater Trawl,deploy,L8,IKMT02,40.15844,-70.894625,"",NESLTER
en712,127,2024-02-12T00:34:59Z,Isaacs-Kidd Midwater Trawl,startSample,L8,IKMT02,40.16647,-70.908333,Toyo between 240 and 350 mwo for 20 minutes. Depth range targeted was 85 to 110m.,NESLTER
en712,178,2024-02-12T00:55:14Z,Isaacs-Kidd Midwater Trawl,stopSample,L8,IKMT02,40.180597,-70.934323,"",NESLTER
en712,183,2024-02-12T01:12:33Z,Isaacs-Kidd Midwater Trawl,recover,L8,IKMT02,40.189137,-70.950423,"",NESLTER
en712,129,2024-02-12T01:50:12Z,CTD911,deploy,L8,12,40.153315,-70.887787,"",NESLTER
en712,164,2024-02-12T02:17:00Z,Underway Science seawater diaphragm pump,TOI discrete,"","",40.157585,-70.898135,Bottle 526,NESLTER
en712,165,2024-02-12T02:21:00Z,Underway Science seawater diaphragm pump,TOI discrete,"","",40.158025,-70.899392,Bottle 719,NESLTER
en712,130,2024-02-12T02:32:55Z,Bongo Net,deploy,L8,B12,40.160613,-70.907795,"",NESLTER
en712,131,2024-02-12T02:45:11Z,Bongo Net,recover,L8,B12,40.162952,-70.915228,8th Bongo. Winch zeroed with weight and bongo at surface. L8 CTD avg SV of #### m/s = depth ###m. SV of 1500 m/s = depth 140m. Target depth 135m. TDR did not record. Max payout 149m. Wire angle 25 deg at max payout. 30m/min down and 20m/min up,NESLTER
en712,132,2024-02-12T03:10:58Z,Incubation C13,start,L8,12,40.187903,-70.922658,"",NESLTER
en712,166,2024-02-12T03:55:00Z,Underway Science seawater diaphragm pump,TOI discrete,"","",40.293875,-70.915575,Bottle 225,NESLTER
en712,133,2024-02-12T03:57:54Z,Incubation Grazing,start,L8,12,40.302297,-70.914553,"",NESLTER
en712,134,2024-02-12T04:08:36Z,Incubation Mixotrophy,start,L8,12,40.333368,-70.910615,"",NESLTER
en712,167,2024-02-12T04:22:00Z,Underway Science seawater diaphragm pump,TOI discrete,"","",40.371783,-70.90495,Bottle 312,NESLTER
en712,135,2024-02-12T04:30:40Z,Incubation C13,stop,L10,07,40.396622,-70.90102,"",NESLTER
en712,168,2024-02-12T05:04:00Z,Underway Science seawater diaphragm pump,TOI discrete,"","",40.492263,-70.8885,Bottle 712,NESLTER
en712,238,2024-02-12T05:25:00Z,Underway Science seawater impeller,chl discrete,"","",40.552557,-70.883253,"",NESLTER
en712,136,2024-02-12T05:49:22Z,Incubation Grazing,stop,L10,07,40.622918,-70.883822,"",NESLTER
en712,137,2024-02-12T06:50:01Z,CTD911,deploy,u4a,13,40.696683,-70.773928,"",NESLTER
en712,169,2024-02-12T07:27:00Z,Underway Science seawater diaphragm pump,TOI discrete,"","",40.696447,-70.821273,Bottle 235,NESLTER
en712,239,2024-02-12T07:40:00Z,Underway Science seawater impeller,chl discrete,"","",40.696127,-70.871433,"",NESLTER
en712,170,2024-02-12T07:41:00Z,Underway Science seawater diaphragm pump,TOI discrete,"","",40.69612,-70.875307,Bottle 489,NESLTER
en712,171,2024-02-12T07:57:00Z,Underway Science seawater diaphragm pump,TOI discrete,"","",40.697095,-70.93763,Bottle 286,NESLTER
en712,172,2024-02-12T08:11:00Z,Underway Science seawater diaphragm pump,TOI discrete,"","",40.695723,-70.990527,Bottle 813,NESLTER
en712,138,2024-02-12T08:15:28Z,CTD911,deploy,d4a,14,40.696985,-70.993535,"",NESLTER
en712,139,2024-02-12T09:21:05Z,Bongo Net,deploy,L4,B15,40.694635,-70.89363,"",NESLTER
en712,140,2024-02-12T09:29:22Z,Bongo Net,recover,L4,B15,40.693377,-70.89877,9th Bongo. Winch zeroed with weight and bongo at surface. L4 CTD avg SV  of #### m/s = depth ###m. SV of 1500 m/s = depth 64m. Target depth 58m. TDR showed 52m. Max payout 67m. Wire angle 30 deg at max payout. ##m/min down and ##m/min up,NESLTER
en712,141,2024-02-12T09:48:52Z,CTD911,deploy,L4,15,40.696632,-70.886633,"",NESLTER
en712,173,2024-02-12T10:12:00Z,Underway Science seawater diaphragm pump,TOI discrete,"","",40.696948,-70.89721,Bottle 272,NESLTER
en712,174,2024-02-12T10:14:00Z,Underway Science seawater diaphragm pump,TOI discrete,"","",40.69695,-70.898133,Bottle 637,NESLTER
en712,180,2024-02-12T10:41:56Z,Isaacs-Kidd Midwater Trawl,deploy,L4,IKMT03,40.698197,-70.884495,"",NESLTER
en712,142,2024-02-12T10:49:00Z,Isaacs-Kidd Midwater Trawl,startSample,L4,IKMT03,40.70414,-70.88456,Tow at 135 mwo for 20 minutes. Depth range targeted was 41m.,NESLTER
en712,143,2024-02-12T10:55:16Z,Incubation Grazing,start,L4,15,40.710083,-70.88443,"",NESLTER
en712,200,2024-02-12T10:55:34Z,Incubation C13,start,L4,15,40.710375,-70.884422,"",NESLTER
en712,144,2024-02-12T11:08:45Z,Isaacs-Kidd Midwater Trawl,stopSample,L4,IKMT03,40.722857,-70.884258,towed for 20 minutes. Winch up at 20m/min,NESLTER
en712,145,2024-02-12T11:14:38Z,Incubation Mixotrophy,start,L4,15,40.727152,-70.884352,"",NESLTER
en712,179,2024-02-12T11:18:55Z,Isaacs-Kidd Midwater Trawl,recover,L4,IKMT03,40.729308,-70.884468,"",NESLTER
en712,199,2024-02-12T11:20:38Z,Incubation C13,stop,L11,10,40.730263,-70.884533,"",NESLTER
en712,146,2024-02-12T13:02:58Z,Incubation Grazing,stop,L11,10,40.474213,-70.882813,"",NESLTER
en712,147,2024-02-12T13:47:16Z,SUNAV2,sync time,"","",40.344568,-70.882237,CTD suna was 1 second behind. also downloaded data,NESLTER
en712,175,2024-02-12T14:11:00Z,Underway Science seawater diaphragm pump,TOI discrete,"","",40.275223,-70.883175,Bottle 361,NESLTER
en712,148,2024-02-12T14:36:47Z,Sting Ray,deploy towed,L7,tow004,40.2612,-70.882902,"",NESLTER
en712,184,2024-02-12T14:44:00Z,Underway Science seawater diaphragm pump,DO discrete,"","",40.264513,-70.882593,Bottle 14,NESLTER
en712,185,2024-02-12T14:47:00Z,Underway Science seawater diaphragm pump,DO discrete,"","",40.265925,-70.882575,Bottle 2,NESLTER
en712,186,2024-02-12T14:50:00Z,Underway Science seawater diaphragm pump,DO discrete,"","",40.267305,-70.88257,Bottle 16,NESLTER
en712,149,2024-02-12T14:50:08Z,Sting Ray,recover,L7,tow004,40.267365,-70.882563,maybe shorted right after entering water; recovered/aborted to swap electrolight copper in winch and Stingray jxn boxes.,NESLTER
en712,150,2024-02-12T15:54:21Z,Sting Ray,deploy towed,L7,tow005,40.25392,-70.881023,"",NESLTER
en712,151,2024-02-12T16:02:01Z,MK21 XBT launcher,start,L7,07,40.257533,-70.883657,SN 1386173  TD_00007,NESLTER
en712,152,2024-02-12T16:46:25Z,MK21 XBT launcher,start,L6.5,08,40.310103,-70.884223,SN 1386177  TD_00008,NESLTER
en712,153,2024-02-12T17:25:54Z,MK21 XBT launcher,start,L6,09,40.363125,-70.886202,SN 1386176  TD_00009,NESLTER
en712,240,2024-02-12T17:45:00Z,Underway Science seawater impeller,chl discrete,"","",40.38261,-70.900073,"",NESLTER
en712,154,2024-02-12T18:27:53Z,MK21 XBT launcher,start,L5.5,10,40.436437,-70.883267,SN 1386180  TD_00010,NESLTER
en712,176,2024-02-12T18:29:00Z,Underway Science seawater diaphragm pump,TOI discrete,"","",40.437912,-70.883212,Bottle 285,NESLTER
en712,190,2024-02-12T19:22:00Z,Underway Science seawater diaphragm pump,TOI discrete,"","",40.510103,-70.883643,Bottle 825,NESLTER
en712,156,2024-02-12T19:24:34Z,MK21 XBT launcher,start,L5,11,40.513667,-70.883573,SN 1386172  TD_00011,NESLTER
en712,158,2024-02-12T20:30:09Z,MK21 XBT launcher,start,L4.5,12,40.60526,-70.884158,SN 1386179,NESLTER
en712,187,2024-02-12T20:40:00Z,Underway Science seawater diaphragm pump,DO discrete,"","",40.619085,-70.88405,Bottle 29,NESLTER
en712,188,2024-02-12T20:44:00Z,Underway Science seawater diaphragm pump,DO discrete,"","",40.6246,-70.883905,Bottle 19,NESLTER
en712,189,2024-02-12T20:47:00Z,Underway Science seawater diaphragm pump,DO discrete,"","",40.628687,-70.883828,Bottle 36,NESLTER
en712,191,2024-02-12T21:36:00Z,Underway Science seawater diaphragm pump,TOI discrete,"","",40.696833,-70.88379,Bottle 212,NESLTER
en712,181,2024-02-12T21:36:45Z,MK21 XBT launcher,start,L4,13,40.697853,-70.883825,SN 1386175,NESLTER
en712,192,2024-02-12T23:18:23Z,Underway Science seawater diaphragm pump,IFCB discrete,"",UW2,40.842372,-70.884487,run on both IFCB109 and IFCB188,NESLTER
en712,241,2024-02-12T23:35:00Z,Underway Science seawater impeller,chl discrete,"","",40.866705,-70.884203,"",NESLTER
en712,193,2024-02-13T01:31:20Z,Sting Ray,recover,L2,tow005,41.031615,-70.886712,"",NESLTER
en712,198,2024-02-13T02:40:27Z,Incubation C13,stop,L8,12,40.866235,-70.882762,"",NESLTER
en712,194,2024-02-13T02:48:14Z,CTD911,deploy,L3,16,40.86337,-70.884253,"",NESLTER
en712,195,2024-02-13T03:15:34Z,Bongo Net,deploy,L3,16,40.864362,-70.891777,"",NESLTER
en712,196,2024-02-13T03:22:00Z,Bongo Net,recover,L3,16,40.863725,-70.895633,10th Bongo. Winch zeroed with weight and bongo at surface. L3 CTD avg SV of #### m/s = depth ###m. SV of 1500 m/s = depth 55m. Target depth 50m. TDR did not record. Max payout 67m. Wire angle 35 deg at max payout. 30m/min down and 17m/min up,NESLTER
en712,197,2024-02-13T03:38:13Z,Incubation Grazing,stop,L8,12,40.874062,-70.899423,"",NESLTER
en712,201,2024-02-13T04:06:00Z,Underway Science seawater diaphragm pump,TOI discrete,"","",40.946412,-70.86736,Bottle 298,NESLTER
en712,202,2024-02-13T04:45:40Z,CTD911,deploy,L2,17,41.029617,-70.88649,"",NESLTER
en712,205,2024-02-13T04:57:00Z,Underway Science seawater diaphragm pump,TOI discrete,"","",41.028437,-70.886885,Bottle 832,NESLTER
en712,206,2024-02-13T04:59:00Z,Underway Science seawater diaphragm pump,TOI discrete,"","",41.028197,-70.88685,Bottle 634,NESLTER
en712,203,2024-02-13T05:11:00Z,Bongo Net,deploy,L2,B17,41.026148,-70.887092,"",NESLTER
en712,204,2024-02-13T05:17:00Z,Bongo Net,recover,L2,B17,41.024653,-70.888823,11th Bongo. Winch zeroed with weight and bongo at surface. L2 CTD avg SV of #### m/s = depth ##m. SV of 1500 m/s = depth 22m. Target depth 17m. TDR showed 15m. Max payout 18m. Wire angle ~35 deg. 20m/min down and 6m/min up,NESLTER
en712,207,2024-02-13T06:15:25Z,Incubation Grazing,start,L2,17,41.02988,-70.78894,"",NESLTER
en712,208,2024-02-13T06:25:14Z,CTD911,deploy,u2a,18,41.030708,-70.770332,"",NESLTER
en712,249,2024-02-13T06:25:57Z,Incubation C13,start,L2,17,41.030718,-70.770287,"",NESLTER
en712,212,2024-02-13T06:57:00Z,Underway Science seawater diaphragm pump,TOI discrete,"","",41.028688,-70.823605,Bottle 237,NESLTER
en712,213,2024-02-13T07:11:00Z,Underway Science seawater diaphragm pump,TOI discrete,"","",41.025557,-70.8733,Bottle 287,NESLTER
en712,209,2024-02-13T07:18:19Z,Incubation Mixotrophy,start,L2,17,41.025108,-70.899503,"",NESLTER
en712,214,2024-02-13T07:27:00Z,Underway Science seawater diaphragm pump,TOI discrete,"","",41.026777,-70.930357,Bottle 147,NESLTER
en712,210,2024-02-13T07:51:42Z,CTD911,deploy,d2a,19,41.031062,-70.994848,"",NESLTER
en712,211,2024-02-13T07:52:30Z,Underway Science seawater diaphragm pump,TOI discrete,"","",41.031098,-70.995003,Bottle 754,NESLTER
en712,215,2024-02-13T09:01:00Z,Underway Science seawater diaphragm pump,TOI discrete,"","",41.101968,-70.876117,Bottle 631,NESLTER
en712,216,2024-02-13T09:41:25Z,Underway Science seawater diaphragm pump,TOI discrete,"","",41.199023,-70.874597,Bottle 632,NESLTER
en712,217,2024-02-13T10:08:54Z,Incubation C13,stop,L4,15,41.196852,-70.784977,"",NESLTER
en712,218,2024-02-13T11:00:05Z,Incubation Grazing,stop,L4,15,41.272183,-70.654385,"",NESLTER
en712,225,2024-02-13T11:30:00Z,Underway Science seawater diaphragm pump,TOI discrete,"","",41.310517,-70.576987,Bottle 104,NESLTER
en712,219,2024-02-13T11:45:52Z,CTD911,deploy,MVCO,20,41.314413,-70.581985,"",NESLTER
en712,220,2024-02-13T12:08:56Z,Bongo Net,deploy,MVCO,B20,41.312652,-70.579115,"",NESLTER
en712,221,2024-02-13T12:12:57Z,Bongo Net,recover,MVCO,B20,41.314282,-70.580898,12th Bongo. Winch zeroed with weight and bongo at surface. CTD avg SV of 1462 m/s = depth 19m. SV of 1500 m/s = depth 20-21m. Target depth 14m. TDR showed 8m. Target payout 17m. Wire angle ~35 deg at max payout. 17m/min down and 5m/min up. Freshwater rinsed with hose then snow and rain,NESLTER
en712,226,2024-02-13T14:04:00Z,Underway Science seawater diaphragm pump,TOI discrete,"","",41.206877,-70.881583,Bottle 668,NESLTER
en712,222,2024-02-13T15:28:57Z,CTD911,deploy,"",21,41.289777,-71.063185,TDR test cast,NESLTER
en712,223,2024-02-13T15:30:42Z,CTD911,maxDepth,"",21,41.29013,-71.063823,max depth 35 m,NESLTER
en712,224,2024-02-13T15:37:22Z,CTD911,recover,"",21,41.291778,-71.064393,"",NESLTER
en712,227,2024-02-13T15:39:00Z,Underway Science seawater diaphragm pump,TOI discrete,"","",41.29197,-71.064625,Bottle 313,NESLTER
en712,242,2024-02-13T18:07:00Z,Underway Science seawater impeller,chl discrete,"","",41.413657,-71.324973,"",NESLTER
en712,228,2024-02-13T23:17:38Z,Attune Flow Cytometer,stop,"","",41.406932,-71.332507,"",NESLTER
en712,245,2024-02-14T00:20:19Z,IFCB continuous,stop,"","",41.413533,-71.335332,"",NESLTER
en712,243,2024-02-14T00:48:00Z,Underway Science seawater impeller,chl discrete,"","",41.41001,-71.333328,"",NESLTER
en712,229,2024-02-14T01:23:32Z,EIMS,stop,"","",41.406157,-71.331448,"",NESLTER
en712,230,2024-02-14T02:09:10Z,Underway Science seawater diaphragm pump,stop,"","",41.401612,-71.329633,Sampling complete,NESLTER
en712,244,2024-02-14T02:16:00Z,Underway Science seawater impeller,chl discrete,"","",41.400992,-71.328955,"",NESLTER
en712,246,2024-02-14T05:30:01Z,Incubation Grazing,stop,L2,17,41.415758,-71.32428,"",NESLTER
en712,250,2024-02-14T08:00:01Z,Incubation C13,stop,L2,17,41.40991,-71.333517,"",NESLTER
en712,247,2024-02-14T08:43:05Z,Underway Science seawater impeller,other,"","",41.410052,-71.320347,Close hose valve to incubators. Finished with incubator use. Check flow to instruments in labs. Time is approximate,NESLTER
en712,248,2024-02-14T10:21:25Z,Simrad EK-80,stop,"","",41.405462,-71.315757,Ship Ek80 ping and record off. End of cruise.,NESLTER
en712,251,2024-02-14T10:39:20Z,Fluorometers on underway impeller,stop,"","",41.407935,-71.324717,stopped sci sw impeller pump. Acquisition stopped to SBE21 and fluorometers and SPAR. At mouth of Narragansett Bay,NESLTER
en712,252,2024-02-14T10:39:20Z,Thermosalinographs on underway impeller,stop,"","",41.407935,-71.324717,stopped sci sw impeller pump. Acquisition stopped to SBE21 and fluorometers and SPAR. At mouth of Narragansett Bay,NESLTER
en712,263,2024-02-14T10:39:20Z,Underway Science seawater impeller,stop,"","",41.407935,-71.324717,stopped sci sw impeller pump. Acquisition stopped to SBE21 and fluorometers and SPAR. At mouth of Narragansett Bay,NESLTER
en712,253,2024-02-14T10:47:07Z,Underway Science seawater impeller,other,"","",41.408403,-71.328607,freshwater back flush started,NESLTER
en712,254,2024-02-14T10:59:18Z,Underway Science seawater impeller,other,"","",41.409093,-71.335475,freshwater back flush complete,NESLTER
en712,255,2024-02-14T11:31:07Z,UHDAS for both ADCPs,stop,"","",41.411198,-71.353635,UHDAS controls both OS75 and WH300 KHz ADCPs. Stopped at the mouth of Narragansett Bay. 300KHz Broadband is OFF for EK80.,NESLTER
en712,256,2024-02-14T11:31:07Z,ADCP300,stop,"","",41.411198,-71.353635,UHDAS controls both OS75 and WH300 KHz ADCPs. Stopped at the mouth of Narragansett Bay. 300KHz Broadband is OFF for EK80.,NESLTER
en712,257,2024-02-14T11:31:07Z,ADCP75,stop,"","",41.411198,-71.353635,UHDAS controls both OS75 and WH300 KHz ADCPs. Stopped at the mouth of Narragansett Bay. 300KHz Broadband is OFF for EK80.,NESLTER
en712,258,2024-02-14T12:40:44Z,SUNAV2,sync time,"","",41.488415,-71.409305,CTD suna was 1 second behind; time synced; data downloaded,NESLTER
en712,262,2024-02-14T13:20:52Z,Ship,other,"","",41.4927,-71.41856,Gangway installed from 02 deck to GSO dock,NESLTER
en712,259,2024-02-14T13:23:47Z,Ship,endCruise,"","",41.492575,-71.418395,Lines over to dock at GSO URI,NESLTER
en712,260,2024-02-14T13:36:40Z,Echosounder12,stop,"","",41.49246,-71.418597,12 KHz stopped after arrival at the GSO dock,NESLTER
en712,261,2024-02-14T13:37:11Z,MeteorologicalSensor,other,"","",41.492458,-71.418602,met sensors remain operating and logging as usual,NESLTER
ar82a,1,2024-04-01T13:20:15Z,Ship,startCruise,"","",41.524013,-70.672291,depart WHOI dock,OOI Pioneer
ar82a,2,2024-04-01T13:38:33Z,UHDAS,start,"","",41.498283,-70.68318,"",OOI Pioneer
ar82a,3,2024-04-01T14:12:55Z,Underway Science seawater diaphragm pump,start,"","",41.49634,-70.690325,"",OOI Pioneer
ar82a,4,2024-04-01T14:21:17Z,Underway Science seawater diaphragm pump,start,"","",41.496034,-70.690532,"",OOI Pioneer
ar82a,5,2024-04-01T14:25:14Z,IFCB continuous,start,"","",41.49535,-70.690661,IFCB115 for LTER,OOI Pioneer
ar82a,6,2024-04-01T14:42:32Z,PCO2,start,"","",41.494824,-70.695084,"",OOI Pioneer
ar82a,7,2024-04-01T14:50:41Z,Attune Flow Cytometer,start,"","",41.494333,-70.695599,"",OOI Pioneer
ar82a,8,2024-04-01T15:14:18Z,IFCB continuous,start,"","",41.495162,-70.696085,OOI IFCB 206 underway sampling started,OOI Pioneer
ar82a,9,2024-04-01T16:54:27Z,SUNAV2,onCTD,"","",41.300366,-70.896351,"",OOI Pioneer
ar82a,10,2024-04-01T16:54:56Z,SUNAV2,Sync time,"","",41.299052,-70.896194,sync to ship time server prior to first CTD,OOI Pioneer
ar82a,11,2024-04-01T20:45:20Z,CTD911,deploy,L4,001,40.696637,-70.883586,CTD off deck LTER Site L4,OOI Pioneer
ar82a,12,2024-04-01T20:55:15Z,CTD911,maxDepth,L4,001,40.696636,-70.883582,max depth 62 m,OOI Pioneer
ar82a,13,2024-04-01T21:06:52Z,CTD911,recover,L4,001,40.696636,-70.883587,CTD on deck,OOI Pioneer
ar82a,14,2024-04-01T23:06:09Z,CTD911,deploy,L6,002,40.365072,-70.884624,CTD off deck LTER Site L6; LISST test cast,OOI Pioneer
ar82a,15,2024-04-01T23:16:36Z,CTD911,maxDepth,L6,002,40.36498,-70.884984,max depth 87 m,OOI Pioneer
ar82a,16,2024-04-01T23:28:10Z,CTD911,recover,L6,002,40.364892,-70.88546,CTD on deck,OOI Pioneer
ar82a,17,2024-04-02T00:50:15Z,CTD911,deploy,L8,003,40.153013,-70.881942,CTD off deck,OOI Pioneer
ar82a,18,2024-04-02T00:58:24Z,CTD911,maxDepth,L8,003,40.153524,-70.882065,max depth 132 m,OOI Pioneer
ar82a,19,2024-04-02T01:11:15Z,CTD911,recover,L8,003,40.153852,-70.882121,CTD on deck,OOI Pioneer
ar82a,20,2024-04-02T02:30:20Z,CTD911,deploy,L10,004,39.941339,-70.882189,CTD off deck,OOI Pioneer
ar82a,21,2024-04-02T02:44:19Z,CTD911,maxDepth,L10,004,39.941373,-70.882632,max depth 438 m,OOI Pioneer
ar82a,23,2024-04-02T03:05:00Z,CTD911,abort,L10,004,39.941529,-70.88367,water sampler malfunction. Bottles would not fire. Best guess is small water intrusion in water sampler cable. Post cast troubleshooting supports,OOI Pioneer
ar82a,22,2024-04-02T03:13:00Z,CTD911,recover,L10,004,39.941119,-70.883443,CTD on deck; all but two bottles failed to fire during upcast,OOI Pioneer
ar82a,24,2024-04-02T18:56:23Z,CTD911,deploy,SSSG test cast,005,38.062045,-73.678593,SSSG test cast for troubleshooting,OOI Pioneer
ar82a,25,2024-04-02T19:06:02Z,CTD911,abort,SSSG test cast,005,38.062043,-73.678583,cast aborted; unable to establish connection w software,OOI Pioneer
ar82a,26,2024-04-02T19:07:42Z,CTD911,recover,SSSG test cast,005,38.062046,-73.678594,CTD on deck,OOI Pioneer
ar82a,27,2024-04-02T20:59:53Z,Underway Science seawater diaphragm pump,IFCB Discrete,"",UW1,37.826584,-73.874915,run on LTER IFCB109,OOI Pioneer
ar82a,28,2024-04-03T00:40:06Z,SUNAV2,Sync time,"","",37.254887,-74.281518,zero sec off,OOI Pioneer
ar82a,32,2024-04-03T14:17:54Z,CTD911,deploy,CN,006,35.949874,-75.125723,CTD off deck; CN site center,OOI Pioneer
ar82a,33,2024-04-03T14:23:41Z,CTD911,maxDepth,CN,006,35.949879,-75.125772,max depth 28 m,OOI Pioneer
ar82a,34,2024-04-03T14:33:55Z,CTD911,recover,CN,006,35.949916,-75.126055,CTD on deck,OOI Pioneer
ar82a,35,2024-04-03T14:45:51Z,IFCB continuous,stop,CN,"",35.949926,-75.126319,OOI IFCB 206 underway sampling stopped for discrete sampling,OOI Pioneer
ar82a,36,2024-04-03T15:44:48Z,CTD911,deploy,CN,007,35.950075,-75.126482,CTD off deck; repeat cast at CN site center to troubleshoot oxygen and ECO fluorometer/turbidity,OOI Pioneer
ar82a,37,2024-04-03T15:53:23Z,CTD911,maxDepth,CN,007,35.950084,-75.126585,max depth 30 m,OOI Pioneer
ar82a,38,2024-04-03T15:59:15Z,CTD911,recover,CN,007,35.950073,-75.126582,CTD on deck,OOI Pioneer
ar82a,39,2024-04-03T16:04:15Z,CTD911,deploy,CN,008,35.950092,-75.126585,CTD off deck; repeat cast at CN for troubleshooting turbidity issue,OOI Pioneer
ar82a,40,2024-04-03T16:13:38Z,CTD911,maxDepth,CN,008,35.95008,-75.126583,max depth 30.5 m,OOI Pioneer
ar82a,41,2024-04-03T16:20:13Z,CTD911,recover,CN,008,35.9501,-75.126582,CTD on deck,OOI Pioneer
ar82a,44,2024-04-03T21:32:19Z,IFCB continuous,start,CN,"",35.95423,-75.121153,OOI IFCB 206 underway sampling started,OOI Pioneer
ar82a,59,2024-04-04T14:05:00Z,SUNAV2,offCTD,"","",36.061313,-74.94908,SUNA not working properly remove instr battery and cable from CTD prior to C9,OOI Pioneer
ar82a,45,2024-04-04T17:21:23Z,Underway Science seawater diaphragm pump,IFCB Discrete,"",UW2,36.197145,-74.806647,run on LTER IFCB109 bottle filled straight from tygon supply not from bottle overflow,OOI Pioneer
ar82a,49,2024-04-04T19:18:53Z,CTD911,deploy,NO,009,36.174984,-74.826629,CTD off deck; NO site center,OOI Pioneer
ar82a,50,2024-04-04T19:27:43Z,CTD911,maxDepth,NO,009,36.174977,-74.826626,max depth 96 m,OOI Pioneer
ar82a,51,2024-04-04T19:47:42Z,CTD911,recover,NO,009,36.174959,-74.826602,CTD on deck,OOI Pioneer
ar82a,53,2024-04-04T20:22:14Z,IFCB continuous,stop,NO,"",36.178858,-74.818436,OOI IFCB 206 underway sampling stopped for discrete sampling,OOI Pioneer
ar82a,56,2024-04-04T23:08:59Z,CTD911,deploy,Glider 379 deploy,010,36.160938,-74.705264,CTD off deck; Glider 379 deploy site,OOI Pioneer
ar82a,57,2024-04-04T23:25:49Z,CTD911,maxDepth,Glider 379 deploy,010,36.160501,-74.704726,max depth 501 m,OOI Pioneer
ar82a,58,2024-04-04T23:54:12Z,CTD911,recover,Glider 379 deploy,010,36.159539,-74.703533,CTD on deck,OOI Pioneer
ar82a,60,2024-04-05T03:04:39Z,IFCB continuous,start,"","",36.176703,-74.819136,OOI IFCB 206 underway sampling started,OOI Pioneer
ar82a,64,2024-04-05T14:06:46Z,CTD911,deploy,SO,011,35.724416,-74.851109,CTD off deck; SO site center,OOI Pioneer
ar82a,65,2024-04-05T14:13:56Z,CTD911,maxDepth,SO,011,35.723785,-74.851462,max depth 94 m,OOI Pioneer
ar82a,66,2024-04-05T14:28:24Z,CTD911,recover,SO,011,35.722355,-74.852239,CTD on deck,OOI Pioneer
ar82a,68,2024-04-05T14:59:09Z,IFCB continuous,stop,SO,"",35.731172,-74.853302,OOI IFCB 206 underway sampling stopped for discrete sampling,OOI Pioneer
ar82a,72,2024-04-05T18:26:20Z,CTD911,deploy,Glider 387 and 913 deploy,012,35.880745,-74.834886,CTD off deck; glider 387 and 913 deploy site,OOI Pioneer
ar82a,73,2024-04-05T18:39:13Z,CTD911,maxDepth,Glider 387 and 913 deploy,012,35.881107,-74.834398,max depth 303 m,OOI Pioneer
ar82a,74,2024-04-05T19:03:15Z,CTD911,recover,Glider 387 and 913 deploy,012,35.882167,-74.833077,CTD on deck,OOI Pioneer
ar82a,75,2024-04-05T19:30:15Z,AUV,other,AUV ballast tests,"",35.882167,-74.833071,Start ballast tests for both AUVs SNs 06263 and 06264,OOI Pioneer
ar82a,76,2024-04-05T19:43:15Z,AUV,other,AUV ballast tests,"",35.882153,-74.833062,end AUV ballast tests,OOI Pioneer
ar82a,77,2024-04-05T21:14:01Z,IFCB continuous,start,"","",35.892019,-74.826593,OOI IFCB 206 underway sampling started,OOI Pioneer
ar82a,90,2024-04-05T22:30:00Z,SUNAV2,Replace batteries,"","",35.781905,-74.842052,4A fuse had blown; replace fuse confirm each Dcell good and reuse,OOI Pioneer
ar82a,79,2024-04-06T09:31:54Z,Underway Science seawater diaphragm pump,other,"","",35.826241,-74.939014,Sea strainer clogged. Cleaned.,OOI Pioneer
ar82a,92,2024-04-06T12:30:00Z,SUNAV2,Sync time,"","",35.931505,-75.313114,prior to C13,OOI Pioneer
ar82a,80,2024-04-06T12:33:20Z,AUV,deploy,AUV 06263,"",35.93146,-75.313106,AUV 06263 Rogers in water at AC-1,OOI Pioneer
ar82a,91,2024-04-06T12:45:00Z,SUNAV2,onCTD,"","",35.930241,-75.313088,not connected to voltage channel. dummied off,OOI Pioneer
ar82a,81,2024-04-06T12:52:08Z,UHDAS,stop,"","",35.930175,-75.313061,ack paused to help weith remus comms,OOI Pioneer
ar82a,82,2024-04-06T13:14:15Z,CTD911,deploy,AC-1,013,35.934858,-75.310614,CTD off deck; AUV 06263 Rogers deployment site,OOI Pioneer
ar82a,83,2024-04-06T13:20:13Z,CTD911,maxDepth,AC-1,013,35.934844,-75.310597,max depth 19 m,OOI Pioneer
ar82a,84,2024-04-06T13:27:25Z,CTD911,recover,AC-1,013,35.93484,-75.310622,CTD on deck,OOI Pioneer
ar82a,85,2024-04-06T15:43:02Z,UHDAS,start,"","",36.007212,-75.131106,Comms with remus OK.,OOI Pioneer
ar82a,86,2024-04-06T17:55:49Z,AUV,deploy,AUV 06264,"",36.171534,-74.968512,AUV 06264 Scotland in water at AL-1,OOI Pioneer
ar82a,88,2024-04-06T18:29:24Z,CTD911,maxDepth,AL-1,014,36.173307,-74.970177,max depth 32 m,OOI Pioneer
ar82a,87,2024-04-06T18:34:47Z,CTD911,deploy,AL-1,014,36.173216,-74.970095,CTD off deck; AUV 06264 Scotland deployment site,OOI Pioneer
ar82a,89,2024-04-06T18:42:33Z,CTD911,recover,AL-1,014,36.1724,-74.969541,CTD on deck,OOI Pioneer
ar82a,93,2024-04-07T00:12:12Z,AUV,recover,AUV 06263,"",35.930869,-74.762366,recovered AUV 06263 at AC-2,OOI Pioneer
ar82a,94,2024-04-07T00:22:15Z,CTD911,deploy,AC-2,015,35.930268,-74.762663,CTD off deck; AUV 06263 Rogers recovery site,OOI Pioneer
ar82a,97,2024-04-07T00:28:37Z,Underway Science seawater diaphragm pump,FCM Discrete,"",FCM_UW1,35.930156,-74.762948,preserved,OOI Pioneer
ar82a,95,2024-04-07T00:37:15Z,CTD911,maxDepth,AC-2,015,35.929934,-74.763407,max depth 501 m,OOI Pioneer
ar82a,96,2024-04-07T01:01:15Z,CTD911,recover,AC-2,015,35.929249,-74.764783,CTD on deck,OOI Pioneer
ar82a,98,2024-04-07T17:55:36Z,AUV,recover,AUV 06264,"",36.172043,-74.849157,recovered AUV 06264 at AL-7,OOI Pioneer
ar82a,99,2024-04-07T18:03:15Z,CTD911,deploy,AL-7,016,36.172017,-74.849173,CTD off deck; AUV 06264 recovery site,OOI Pioneer
ar82a,100,2024-04-07T18:10:46Z,CTD911,maxDepth,AL-7,016,36.171991,-74.849174,max depth 84 m,OOI Pioneer
ar82a,101,2024-04-07T18:21:15Z,CTD911,recover,AL-7,016,36.171727,-74.849163,CTD on deck,OOI Pioneer
ar82a,102,2024-04-07T19:32:53Z,SUNAV2,Sync time,"","",36.049047,-74.963214,1sec fast after C16,OOI Pioneer
ar82a,112,2024-04-08T15:26:31Z,CTD911,deploy,NE,017,36.053881,-74.777925,CTD off deck; NE site center,OOI Pioneer
ar82a,113,2024-04-08T15:37:56Z,CTD911,maxDepth,NE,017,36.053885,-74.777928,Max depth: 291 m,OOI Pioneer
ar82a,114,2024-04-08T16:00:48Z,CTD911,recover,NE,017,36.053886,-74.777917,CTD on deck,OOI Pioneer
ar82a,115,2024-04-08T16:29:03Z,IFCB continuous,stop,NE,"",36.020577,-74.770206,OOI IFCB 206 underway sampling stopped for discrete sampling,OOI Pioneer
ar82a,119,2024-04-08T19:58:54Z,CTD911,deploy,SE,018,35.851391,-74.848491,CTD off deck; SE site center,OOI Pioneer
ar82a,120,2024-04-08T20:11:56Z,CTD911,maxDepth,SE,018,35.851408,-74.848482,max depth 287 m,OOI Pioneer
ar82a,121,2024-04-08T20:39:18Z,CTD911,recover,SE,018,35.851398,-74.848481,CTD on deck,OOI Pioneer
ar82a,125,2024-04-10T02:11:38Z,UHDAS,other,"","",39.756856,-70.916708,Turn off 38 and 300; Ksync 150 withi EK80,OOI Pioneer
ar82a,126,2024-04-10T02:12:18Z,EK80 broadband,start,"","",39.758053,-70.914619,Ksync with 150; EK80 ping simultaneously not sequential,OOI Pioneer
ar82a,127,2024-04-10T02:38:39Z,Valeport SVS,stop,"","",39.823599,-70.881861,"",OOI Pioneer
ar82a,128,2024-04-10T10:23:57Z,IFCB continuous,stop,"","",41.193107,-70.886447,OOI IFCB206 stopped; underway about to be shut off,OOI Pioneer
ar82a,129,2024-04-10T10:27:58Z,PCO2,stop,"","",41.204813,-70.887993,"",OOI Pioneer
ar82a,130,2024-04-10T10:28:50Z,UHDAS,stop,"","",41.207353,-70.888285,"",OOI Pioneer
ar82a,131,2024-04-10T10:31:11Z,Attune Flow Cytometer,stop,"","",41.214261,-70.888933,finished for cruise,OOI Pioneer
ar82a,132,2024-04-10T10:34:42Z,EK80 broadband,stop,"","",41.224706,-70.88957,"",OOI Pioneer
ar82a,133,2024-04-10T10:35:08Z,IFCB continuous,stop,"","",41.226007,-70.889669,LTER IFCB115 stopped; underway about to be shut off,OOI Pioneer
ar82a,134,2024-04-10T11:04:09Z,Underway Science seawater diaphragm pump,stop,"","",41.303101,-70.893242,"",OOI Pioneer
en715,1,2024-04-30T13:27:01Z,MeteorologicalSensor,start,"","",41.49246,-71.418597,met sensors operating as usual,NESLTER
en715,3,2024-05-01T18:00:00Z,Wind Profiling Lidar,start,"","",41.492478,-71.418622,"",NESLTER
en715,4,2024-05-02T18:00:00Z,Wind Scanning Lidar,start,"","",41.492453,-71.418618,"",NESLTER
en715,2,2024-05-02T20:06:43Z,SUNAV2,sync time,"","",41.492437,-71.418618,SUNA is 0 second off. nice,NESLTER
en715,7,2024-05-03T12:20:38Z,Simrad EK-80,start,"","",41.492452,-71.418575,"",NESLTER
en715,11,2024-05-03T12:25:05Z,Other,other,"","",41.492447,-71.418583,Sci intros and orientation meeting Main Lab,NESLTER
en715,5,2024-05-03T12:54:34Z,Ship,other,"","",41.492462,-71.41861,gangway removed,NESLTER
en715,6,2024-05-03T13:04:42Z,Ship,startCruise,"","",41.492285,-71.418187,lines removed from the GSO dock,NESLTER
en715,8,2024-05-03T13:13:18Z,Echosounder12,start,"","",41.484395,-71.408428,12KHz started just after leaving GSO dock,NESLTER
en715,12,2024-05-03T13:25:07Z,Other,other,"","",41.45948,-71.409877,Sci Safety video (0925-0950 local time) and meeting and orientation by Mate John Mayne until ~1045 local time,NESLTER
en715,9,2024-05-03T13:39:16Z,UHDAS for both ADCPs,start,"","",41.425623,-71.403797,UHDAS controls both 75KHz and 300KHz ADCPs. Brodband is off for this cruise to prevent interference with the EK80,NESLTER
en715,10,2024-05-03T14:29:23Z,Underway Science seawater impeller,start,"","",41.367898,-71.231557,Impeller pump started after leaving Narragansett Bay. Flush hoses before opening valves to instruments or incubators,NESLTER
en715,13,2024-05-03T14:58:17Z,Underway Science seawater diaphragm pump,start,"","",41.323723,-71.139572,Diaphragm pump started at setting = 14 then increased to 18-21. Wet Lab outlet hose secured to Unistrut,NESLTER
en715,14,2024-05-03T15:09:01Z,Thermosalinographs on underway impeller,start,"","",41.306383,-71.10727,Seasave Acquisition for SBE21 ECOFLuor WETStar,NESLTER
en715,15,2024-05-03T15:13:30Z,Thermosalinographs on underway impeller,start,"","",41.300028,-71.09309,power on to SBE45 and external voltages ECO Fluorometer WETStar Fluorometer and Surface PAR,NESLTER
en715,16,2024-05-03T15:30:30Z,Attune Flow Cytometer,start,"","",41.274633,-71.042567,"",NESLTER
en715,17,2024-05-03T15:39:26Z,IFCB continuous,start,"","",41.261695,-71.016997,IFCB115,NESLTER
en715,18,2024-05-03T15:43:12Z,EIMS,start,"","",41.25632,-71.006097,"",NESLTER
en715,192,2024-05-03T15:43:29Z,Underway Science seawater impeller,chl discrete,"","",41.255902,-71.005293,"",NESLTER
en715,19,2024-05-03T17:21:00Z,Underway Science seawater diaphragm pump,IFCB discrete,L1,"",41.195242,-70.885245,sample to check on discrete instruments 109 and 102,NESLTER
en715,20,2024-05-03T17:27:41Z,CTD911,deploy,L1,01,41.19716,-70.886463,"",NESLTER
en715,23,2024-05-03T18:14:30Z,Bongo Net,deploy,L1,B1,41.207722,-70.891577,There was miss communication with the winch. We wanted wire out to be 26m but the winch only went to 22m wire out.,NESLTER
en715,24,2024-05-03T18:20:20Z,Bongo Net,recover,L1,B1,41.209613,-70.889133,"",NESLTER
en715,21,2024-05-03T18:49:57Z,Incubation Grazing,start,L1,01,41.179687,-70.884667,"",NESLTER
en715,49,2024-05-03T19:00:00Z,Incubation Mixotrophy,start,L1,01,41.17607,-70.885368,"",NESLTER
en715,22,2024-05-03T19:01:57Z,Sting Ray,deploy towed,L1,Tow001,41.175383,-70.88555,"",NESLTER
en715,25,2024-05-03T20:03:23Z,Sting Ray,recover,L1.5,Tow001,41.115297,-70.892907,"",NESLTER
en715,26,2024-05-03T20:04:17Z,Sting Ray,deploy towed,L1.5,Tow002,41.114533,-70.892788,"",NESLTER
en715,29,2024-05-03T20:05:10Z,Underway Science seawater diaphragm pump,TOI discrete,"","",41.113643,-70.892673,KM edit time from 21:04 to 20:05 to match logsheet per AC and SD,NESLTER
en715,27,2024-05-03T20:43:38Z,Underway Science seawater diaphragm pump,IFCB discrete,"","",41.066648,-70.890837,Run on both IFCB 109 and 102,NESLTER
en715,30,2024-05-03T21:15:00Z,Underway Science seawater diaphragm pump,TOI discrete,"","",41.02818,-70.883357,"",NESLTER
en715,31,2024-05-03T22:41:00Z,Underway Science seawater diaphragm pump,TOI discrete,"","",40.914198,-70.883765,"",NESLTER
en715,32,2024-05-03T23:21:00Z,Underway Science seawater diaphragm pump,TOI discrete,"","",40.860027,-70.883417,"",NESLTER
en715,28,2024-05-04T00:00:00Z,Wx Balloon,deploy,"","",40.806917,-70.883695,"",NESLTER
en715,33,2024-05-04T01:23:00Z,Underway Science seawater diaphragm pump,TOI discrete,"","",40.695382,-70.883525,"",NESLTER
en715,38,2024-05-04T01:30:00Z,Sting Ray,recover,L4,Tow002,40.69213,-70.883333,"",NESLTER
en715,36,2024-05-04T03:38:00Z,Underway Science seawater diaphragm pump,TOI discrete,"","",41.031413,-70.883722,"",NESLTER
en715,37,2024-05-04T03:51:00Z,Underway Science seawater diaphragm pump,TOI discrete,"","",41.03285,-70.884705,"",NESLTER
en715,34,2024-05-04T03:51:06Z,CTD911,deploy,L2,02,41.032852,-70.884707,"",NESLTER
en715,50,2024-05-04T04:00:00Z,Incubation Mixotrophy,start,L2,02,41.03312,-70.884585,"",NESLTER
en715,39,2024-05-04T04:25:07Z,Bongo Net,deploy,L2,B2,41.037203,-70.885152,The ring net got tangled at deployment so we had to pull the nets out of water to fixt it. This took about 5 minutes.,NESLTER
en715,40,2024-05-04T04:38:11Z,Bongo Net,recover,L2,B2,41.0417,-70.88667,"",NESLTER
en715,35,2024-05-04T04:43:06Z,Incubation Grazing,start,L2,02,41.043467,-70.88724,"",NESLTER
en715,57,2024-05-04T06:00:00Z,Wx Balloon,deploy,"","",40.856672,-70.883467,"",NESLTER
en715,193,2024-05-04T06:06:52Z,Underway Science seawater impeller,chl discrete,"","",40.8378,-70.882822,"",NESLTER
en715,41,2024-05-04T07:44:24Z,CTD911,deploy,u4a,03,40.698698,-70.772898,"",NESLTER
en715,43,2024-05-04T08:18:00Z,Underway Science seawater diaphragm pump,TOI discrete,"","",40.69854,-70.841763,"",NESLTER
en715,44,2024-05-04T08:28:00Z,Underway Science seawater diaphragm pump,TOI discrete,"","",40.697698,-70.87825,"",NESLTER
en715,45,2024-05-04T08:44:00Z,Underway Science seawater diaphragm pump,TOI discrete,"","",40.69832,-70.936533,"",NESLTER
en715,46,2024-05-04T08:57:00Z,Underway Science seawater diaphragm pump,TOI discrete,"","",40.696863,-70.983427,"",NESLTER
en715,42,2024-05-04T09:07:00Z,CTD911,deploy,d4a,04,40.696425,-71.00002,"",NESLTER
en715,61,2024-05-04T10:18:36Z,Bongo Net,deploy,L4,B5,40.697655,-70.883973,"",NESLTER
en715,62,2024-05-04T10:25:44Z,Bongo Net,recover,L4,B5,40.69914,-70.88633,"",NESLTER
en715,47,2024-05-04T10:42:40Z,CTD911,deploy,L4,05,40.695857,-70.88209,"",NESLTER
en715,48,2024-05-04T11:43:00Z,Incubation Grazing,start,L4,05,40.694197,-70.88434,"",NESLTER
en715,78,2024-05-04T11:47:00Z,Underway Science seawater diaphragm pump,TOI discrete,"","",40.695123,-70.883205,"",NESLTER
en715,52,2024-05-04T11:47:43Z,Isaacs-Kidd Midwater Trawl,deploy,L4,Tow1,40.695375,-70.883047,Target depth 45m,NESLTER
en715,79,2024-05-04T11:49:00Z,Underway Science seawater diaphragm pump,TOI discrete,"","",40.695967,-70.882778,"",NESLTER
en715,53,2024-05-04T11:59:58Z,Isaacs-Kidd Midwater Trawl,startSample,L4,Tow1,40.705838,-70.878172,Target depth 45m,NESLTER
en715,56,2024-05-04T12:00:00Z,Wx Balloon,deploy,"","",40.705838,-70.878172,"",NESLTER
en715,54,2024-05-04T12:19:46Z,Isaacs-Kidd Midwater Trawl,stopSample,L4,Tow1,40.724587,-70.86942,Target depth 45m,NESLTER
en715,55,2024-05-04T12:30:16Z,Isaacs-Kidd Midwater Trawl,recover,L4,Tow1,40.732517,-70.865775,Target depth 45m,NESLTER
en715,51,2024-05-04T12:36:31Z,Incubation Mixotrophy,start,L4,05,40.734158,-70.867003,"",NESLTER
en715,194,2024-05-04T13:11:39Z,Underway Science seawater impeller,chl discrete,"","",40.636852,-70.8833,"",NESLTER
en715,66,2024-05-04T13:53:54Z,Isaacs-Kidd Midwater Trawl,deploy,L5,Tow2,40.532082,-70.882178,Target depth 10m,NESLTER
en715,68,2024-05-04T14:01:16Z,Isaacs-Kidd Midwater Trawl,startSample,L5,Tow2,40.524643,-70.88325,Target depth 10m,NESLTER
en715,58,2024-05-04T14:11:09Z,Underway Science seawater diaphragm pump,IFCB discrete,"",UW3,40.513897,-70.883635,naming UW 3 for third IFCB discrete sample,NESLTER
en715,69,2024-05-04T14:21:01Z,Isaacs-Kidd Midwater Trawl,stopSample,L5,Tow2,40.503158,-70.883935,Target depth 10m,NESLTER
en715,67,2024-05-04T14:28:43Z,Isaacs-Kidd Midwater Trawl,recover,L5,Tow2,40.49787,-70.88433,Target depth 10m,NESLTER
en715,59,2024-05-04T14:51:08Z,CTD911,deploy,L5,06,40.514965,-70.882183,"",NESLTER
en715,65,2024-05-04T15:23:27Z,Bongo Net,other,L5,B6,40.519902,-70.884757,Bongo hit bottom on first deployment so we had to do bongo again,NESLTER
en715,72,2024-05-04T15:41:00Z,Echosounder12,other,"","",40.525042,-70.88585,sound velocity changed from 1500 to 1474 as per CTD06,NESLTER
en715,63,2024-05-04T15:44:25Z,Bongo Net,deploy,L5,B6,40.526188,-70.886235,"",NESLTER
en715,64,2024-05-04T15:54:16Z,Bongo Net,recover,L5,B6,40.529418,-70.88765,"",NESLTER
en715,60,2024-05-04T17:18:49Z,Sting Ray,deploy towed,L4,Tow003,40.701208,-70.882043,"",NESLTER
en715,70,2024-05-04T17:34:33Z,Underway Science seawater impeller,other,"",UW4,40.698632,-70.88362,collecting FCMs to run on imaging attune and observe two populations of pico plankton,NESLTER
en715,71,2024-05-04T17:57:31Z,Other,other,"","",40.670185,-70.883478,balloon launch,NESLTER
en715,91,2024-05-04T18:00:00Z,Wx Balloon,deploy,"","",40.666745,-70.883537,"",NESLTER
en715,73,2024-05-04T18:16:01Z,Echosounder12,other,"","",40.645005,-70.883768,sound velocity changed from 1474 as per CTD06 back to 1500,NESLTER
en715,74,2024-05-04T19:06:05Z,Incubation Grazing,stop,L1,01,40.580182,-70.882697,"",NESLTER
en715,75,2024-05-04T19:32:46Z,Ship,other,"","",40.544127,-70.881092,lost power. Stingray on bottom at 194053,NESLTER
en715,76,2024-05-04T20:00:00Z,Sting Ray,deploy towed,L5,Tow003,40.530523,-70.885247,recover after ship lost power and towed into bottom,NESLTER
en715,77,2024-05-04T22:00:40Z,Sting Ray,deploy towed,L5,Tow004,40.538565,-70.883862,First tow after power outage and hitting the bottom,NESLTER
en715,112,2024-05-04T22:15:42Z,Sting Ray,other,L5,Tow004,40.527025,-70.883515,MASH2k1 Moe remote control had to be reset by unplugging and replugging the upper Phoenix connector on the BRX module. Time is approximate,NESLTER
en715,90,2024-05-05T00:00:00Z,Wx Balloon,deploy,"","",40.385558,-70.88309,"",NESLTER
en715,80,2024-05-05T00:17:00Z,Underway Science seawater diaphragm pump,TOI discrete,"","",40.362318,-70.883048,"",NESLTER
en715,81,2024-05-05T01:54:00Z,Underway Science seawater diaphragm pump,TOI discrete,"","",40.227833,-70.884418,"",NESLTER
en715,84,2024-05-05T02:59:00Z,Underway Science seawater diaphragm pump,TOI discrete,"","",40.138678,-70.885018,"",NESLTER
en715,86,2024-05-05T03:26:00Z,Underway Science seawater diaphragm pump,TOI discrete,"","",40.100592,-70.884113,"",NESLTER
en715,82,2024-05-05T04:52:05Z,Incubation Grazing,stop,L2,02,39.982283,-70.883562,"",NESLTER
en715,87,2024-05-05T05:21:00Z,Underway Science seawater diaphragm pump,TOI discrete,"","",39.942753,-70.883572,"",NESLTER
en715,85,2024-05-05T05:41:40Z,Sting Ray,recover,L10,Tow004,39.9358,-70.877755,"",NESLTER
en715,98,2024-05-05T05:59:08Z,Isaacs-Kidd Midwater Trawl,deploy,L10,Tow3,39.947523,-70.885507,Target depth 18-37m,NESLTER
en715,88,2024-05-05T06:07:38Z,Isaacs-Kidd Midwater Trawl,startSample,L10,Tow3,39.942628,-70.885523,Target depth 18-37m,NESLTER
en715,97,2024-05-05T06:27:12Z,Isaacs-Kidd Midwater Trawl,stopSample,L10,Tow3,39.922965,-70.884273,Target depth 18-37m,NESLTER
en715,89,2024-05-05T06:30:00Z,Wx Balloon,deploy,"","",39.920255,-70.884363,"",NESLTER
en715,99,2024-05-05T06:37:42Z,Isaacs-Kidd Midwater Trawl,recover,L10,Tow3,39.915628,-70.88501,Target depth 18-37m,NESLTER
en715,92,2024-05-05T07:11:02Z,CTD911,deploy,L10,07,39.942277,-70.87977,"",NESLTER
en715,95,2024-05-05T08:19:40Z,Bongo Net,deploy,L10,B7,39.941808,-70.882453,"",NESLTER
en715,96,2024-05-05T08:46:48Z,Bongo Net,recover,L10,B7,39.951265,-70.873307,"",NESLTER
en715,130,2024-05-05T09:23:00Z,Underway Science seawater diaphragm pump,DO discrete,"","",39.866958,-70.883063,"",NESLTER
en715,131,2024-05-05T09:26:00Z,Underway Science seawater diaphragm pump,DO discrete,"","",39.858547,-70.883185,"",NESLTER
en715,132,2024-05-05T09:28:00Z,Underway Science seawater diaphragm pump,DO discrete,"","",39.852902,-70.88331,"",NESLTER
en715,93,2024-05-05T10:33:13Z,CTD911,deploy,u11a,08,39.773593,-70.774402,"",NESLTER
en715,94,2024-05-05T10:38:52Z,Incubation Grazing,stop,L4,05,39.774148,-70.774718,"",NESLTER
en715,101,2024-05-05T11:26:00Z,Underway Science seawater diaphragm pump,TOI discrete,"","",39.773188,-70.83733,"",NESLTER
en715,102,2024-05-05T11:39:00Z,Underway Science seawater diaphragm pump,TOI discrete,"","",39.773312,-70.885227,"",NESLTER
en715,103,2024-05-05T11:53:05Z,Underway Science seawater diaphragm pump,TOI discrete,"","",39.773133,-70.936952,"",NESLTER
en715,105,2024-05-05T12:00:00Z,Wx Balloon,deploy,"","",39.773217,-70.962217,"",NESLTER
en715,258,2024-05-05T12:10:07Z,Underway Science seawater diaphragm pump,TOI discrete,"","",39.77354,-70.990875,added at end of cruise per logsheet and AC and SD,NESLTER
en715,100,2024-05-05T12:12:21Z,CTD911,deploy,d11a,09,39.77373,-70.990903,"",NESLTER
en715,195,2024-05-05T12:48:10Z,Underway Science seawater impeller,chl discrete,"","",39.77419,-70.984475,"",NESLTER
en715,108,2024-05-05T13:26:36Z,Bongo Net,deploy,L11,B10,39.775032,-70.882598,"",NESLTER
en715,109,2024-05-05T13:50:02Z,Bongo Net,recover,L11,B10,39.779293,-70.874388,"",NESLTER
en715,169,2024-05-05T14:00:00Z,Incubation Mixotrophy,start,L11,10,39.773442,-70.88562,"",NESLTER
en715,106,2024-05-05T14:04:18Z,CTD911,deploy,L11,10,39.773798,-70.8856,"",NESLTER
en715,107,2024-05-05T15:00:46Z,Sting Ray,deploy towed,L11,Tow005,39.777248,-70.886972,"",NESLTER
en715,115,2024-05-05T15:18:00Z,Underway Science seawater diaphragm pump,TOI discrete,"","",39.785798,-70.882972,"",NESLTER
en715,116,2024-05-05T15:27:00Z,Underway Science seawater diaphragm pump,TOI discrete,"","",39.79194,-70.883232,"",NESLTER
en715,110,2024-05-05T15:54:07Z,Incubation Grazing,start,L11,10,39.807417,-70.883812,"",NESLTER
en715,196,2024-05-05T17:07:35Z,Underway Science seawater impeller,chl discrete,"","",39.838008,-70.896195,"",NESLTER
en715,111,2024-05-05T17:52:47Z,SUNAV2,sync time,"","",39.89216,-70.883633,2 seconds behind. downloaded data,NESLTER
en715,117,2024-05-05T18:30:00Z,Underway Science seawater diaphragm pump,TOI discrete,"","",39.944717,-70.884255,"",NESLTER
en715,118,2024-05-05T19:34:00Z,Underway Science seawater diaphragm pump,TOI discrete,"","",40.037302,-70.883655,"",NESLTER
en715,113,2024-05-05T19:51:01Z,Underway Science seawater diaphragm pump,IFCB discrete,"",uw5,40.061795,-70.883945,settings tests IFCB109,NESLTER
en715,114,2024-05-05T20:25:33Z,Underway Science seawater diaphragm pump,IFCB discrete,"",uw6,40.112392,-70.882983,"",NESLTER
en715,119,2024-05-05T20:52:00Z,Underway Science seawater diaphragm pump,TOI discrete,"","",40.149918,-70.883015,"",NESLTER
en715,125,2024-05-05T22:06:00Z,Underway Science seawater diaphragm pump,TOI discrete,"","",40.254487,-70.88318,"",NESLTER
en715,120,2024-05-05T23:31:58Z,Sting Ray,recover,L6,Tow005,40.363327,-70.879807,"",NESLTER
en715,121,2024-05-06T00:00:00Z,Wx Balloon,deploy,"","",40.363883,-70.80169,"",NESLTER
en715,122,2024-05-06T00:06:00Z,Wx Balloon,deploy,"","",40.362693,-70.780157,"",NESLTER
en715,123,2024-05-06T00:19:25Z,CTD911,deploy,u6a,11,40.362468,-70.772265,"",NESLTER
en715,126,2024-05-06T00:58:00Z,Underway Science seawater diaphragm pump,TOI discrete,"","",40.364647,-70.82158,"",NESLTER
en715,127,2024-05-06T01:13:00Z,Underway Science seawater diaphragm pump,TOI discrete,"","",40.363973,-70.87927,"",NESLTER
en715,128,2024-05-06T01:27:00Z,Underway Science seawater diaphragm pump,TOI discrete,"","",40.363562,-70.933427,"",NESLTER
en715,129,2024-05-06T01:41:00Z,Underway Science seawater diaphragm pump,TOI discrete,"","",40.363458,-70.98731,"",NESLTER
en715,124,2024-05-06T02:02:03Z,CTD911,deploy,d6a,12,40.36386,-70.990952,"",NESLTER
en715,133,2024-05-06T02:47:25Z,Isaacs-Kidd Midwater Trawl,deploy,L6,Tow4,40.362855,-70.9185,Target depth 82m,NESLTER
en715,157,2024-05-06T03:03:05Z,Isaacs-Kidd Midwater Trawl,startSample,L6,Tow4,40.362862,-70.900618,Target depth 82m,NESLTER
en715,158,2024-05-06T03:23:06Z,Isaacs-Kidd Midwater Trawl,stopSample,L6,Tow4,40.365272,-70.873373,Target depth 82m,NESLTER
en715,159,2024-05-06T03:33:48Z,Isaacs-Kidd Midwater Trawl,recover,L6,Tow4,40.366177,-70.860973,Target depth 82m,NESLTER
en715,135,2024-05-06T04:00:00Z,CTD911,deploy,L6,13,40.363247,-70.883113,"",NESLTER
en715,150,2024-05-06T04:40:00Z,Bongo Net,other,L6,B13,40.365673,-70.882792,Bongo hit bottom on first deployment so we had to do bongo again. Flowmeter includes start of 1st deployment until end of 2nd deployment.,NESLTER
en715,148,2024-05-06T05:13:06Z,Bongo Net,deploy,L6,B13,40.366803,-70.867563,"",NESLTER
en715,149,2024-05-06T05:26:23Z,Bongo Net,recover,L6,B13,40.365817,-70.860652,Flowmeter includes start of 1st deployment until end of 2nd deployment,NESLTER
en715,142,2024-05-06T06:00:00Z,Incubation Mixotrophy,start,L6,13,40.322238,-70.87748,"",NESLTER
en715,136,2024-05-06T06:01:08Z,Incubation Grazing,start,L6,13,40.320963,-70.87778,"",NESLTER
en715,137,2024-05-06T06:20:00Z,Underway Science seawater diaphragm pump,DO discrete,"","",40.274727,-70.881475,"",NESLTER
en715,138,2024-05-06T06:23:00Z,Underway Science seawater diaphragm pump,DO discrete,"","",40.266365,-70.881767,"",NESLTER
en715,139,2024-05-06T06:26:00Z,Underway Science seawater diaphragm pump,DO discrete,"","",40.258117,-70.881847,"",NESLTER
en715,140,2024-05-06T07:04:00Z,Underway Science seawater diaphragm pump,TOI discrete,"","",40.152568,-70.883475,"",NESLTER
en715,141,2024-05-06T07:07:00Z,Underway Science seawater diaphragm pump,TOI discrete,"","",40.150413,-70.883942,"",NESLTER
en715,151,2024-05-06T07:21:14Z,Bongo Net,other,L8,B14,40.149022,-70.884008,Bongo hit bottom on first deployment so we had to do bongo again,NESLTER
en715,155,2024-05-06T07:55:52Z,Bongo Net,deploy,L8,B14,40.1426,-70.874035,"",NESLTER
en715,156,2024-05-06T08:07:27Z,Bongo Net,recover,L8,B14,40.14163,-70.870595,"",NESLTER
en715,173,2024-05-06T08:30:00Z,Incubation Mixotrophy,start,L8,14,40.151378,-70.881843,"",NESLTER
en715,164,2024-05-06T08:31:14Z,Other,other,L8,14,40.151312,-70.881797,TDR tested on CTD. CTD depth = 135.7m. TDR depth = 132.7m.,NESLTER
en715,143,2024-05-06T08:31:20Z,CTD911,deploy,L8,14,40.151308,-70.881792,EN715_14  Bongo group's Star Oddi TDR taped to CTD frame extension stand upright at same level as pressure sensor,NESLTER
en715,145,2024-05-06T09:14:08Z,Isaacs-Kidd Midwater Trawl,deploy,L8,Tow5,40.155453,-70.87871,Target depth 113m,NESLTER
en715,160,2024-05-06T09:28:07Z,Isaacs-Kidd Midwater Trawl,startSample,L8,Tow5,40.164503,-70.868788,Target depth 113m,NESLTER
en715,161,2024-05-06T09:48:24Z,Isaacs-Kidd Midwater Trawl,stopSample,L8,Tow5,40.178467,-70.852895,Target depth 113m,NESLTER
en715,162,2024-05-06T10:01:20Z,Isaacs-Kidd Midwater Trawl,recover,L8,Tow5,40.184565,-70.846568,Target depth 113m,NESLTER
en715,146,2024-05-06T10:11:29Z,Incubation Grazing,start,L8,14,40.178895,-70.853005,"",NESLTER
en715,147,2024-05-06T10:35:28Z,Sting Ray,deploy towed,L8,Tow006,40.145783,-70.88506,"",NESLTER
en715,154,2024-05-06T11:51:25Z,Underway Science seawater diaphragm pump,TOI discrete,"","",40.245455,-70.883282,"",NESLTER
en715,152,2024-05-06T12:01:41Z,Wx Balloon,deploy,"","",40.259835,-70.883247,"",NESLTER
en715,197,2024-05-06T13:00:05Z,Underway Science seawater impeller,chl discrete,"","",40.342133,-70.88342,"",NESLTER
en715,153,2024-05-06T13:21:18Z,Underway Science seawater diaphragm pump,TOI discrete,"","",40.371388,-70.883747,"",NESLTER
en715,198,2024-05-06T14:11:33Z,Underway Science seawater impeller,chl discrete,"","",40.43961,-70.88059,"",NESLTER
en715,163,2024-05-06T15:03:50Z,Incubation Grazing,stop,L11,10,40.506897,-70.880193,"",NESLTER
en715,172,2024-05-06T15:05:00Z,Underway Science seawater diaphragm pump,TOI discrete,"","",40.508583,-70.880363,"",NESLTER
en715,165,2024-05-06T17:48:54Z,SUNAV2,sync time,"","",40.738162,-70.88249,SUNA is 3 seconds behind; downloaded data,NESLTER
en715,166,2024-05-06T18:02:45Z,Wx Balloon,deploy,"","",40.757717,-70.882885,Last balloon launch!,NESLTER
en715,167,2024-05-06T19:23:05Z,Sting Ray,recover,L3,Tow006,40.868905,-70.884658,"",NESLTER
en715,170,2024-05-06T19:45:38Z,Bongo Net,deploy,L3,B15,40.876593,-70.891842,Our target depth was 10m above the bottom depth instead of the usual 5m above the bottom. There was very little sample for 100um size fraction.,NESLTER
en715,171,2024-05-06T19:52:05Z,Bongo Net,recover,L3,B15,40.874202,-70.890653,"",NESLTER
en715,168,2024-05-06T20:04:58Z,CTD911,deploy,L3,15,40.871963,-70.8894,"",NESLTER
en715,199,2024-05-06T22:48:04Z,Underway Science seawater impeller,chl discrete,"","",40.482272,-70.883822,"",NESLTER
en715,200,2024-05-07T00:26:27Z,Underway Science seawater impeller,chl discrete,"","",40.19144,-70.88467,"",NESLTER
en715,174,2024-05-07T01:48:17Z,CTD911,deploy,u9a,16,40.046087,-70.775113,"",NESLTER
en715,176,2024-05-07T02:38:00Z,Underway Science seawater diaphragm pump,TOI discrete,"","",40.040923,-70.825923,"",NESLTER
en715,177,2024-05-07T02:53:00Z,Underway Science seawater diaphragm pump,TOI discrete,"","",40.041823,-70.885427,"",NESLTER
en715,178,2024-05-07T03:05:00Z,Underway Science seawater diaphragm pump,TOI discrete,"","",40.041417,-70.933218,"",NESLTER
en715,179,2024-05-07T03:17:00Z,Underway Science seawater diaphragm pump,TOI discrete,"","",40.044443,-70.980857,"",NESLTER
en715,175,2024-05-07T03:28:06Z,CTD911,deploy,d9a,17,40.0435,-70.994695,"",NESLTER
en715,180,2024-05-07T04:35:20Z,Isaacs-Kidd Midwater Trawl,deploy,L9,Tow6,40.039998,-70.93136,Target depth 80-120m,NESLTER
en715,210,2024-05-07T04:47:21Z,Isaacs-Kidd Midwater Trawl,startSample,L9,Tow6,40.040265,-70.919532,Target depth 80-120m,NESLTER
en715,211,2024-05-07T05:07:48Z,Isaacs-Kidd Midwater Trawl,stopSample,L9,Tow6,40.041225,-70.894923,Target depth 80-120m,NESLTER
en715,212,2024-05-07T05:20:30Z,Isaacs-Kidd Midwater Trawl,recover,L9,Tow6,40.0411,-70.884378,Target depth 80-120m,NESLTER
en715,181,2024-05-07T05:32:54Z,CTD911,deploy,L9,18,40.04186,-70.883978,"",NESLTER
en715,201,2024-05-07T06:07:09Z,Underway Science seawater impeller,chl discrete,"","",40.048135,-70.889728,"",NESLTER
en715,217,2024-05-07T06:30:54Z,Bongo Net,deploy,L9,B18,40.042785,-70.882767,Our target depth was 10m above the bottom depth instead of the usual 5m above the bottom.,NESLTER
en715,182,2024-05-07T06:52:41Z,Incubation Grazing,stop,L6,13,40.052652,-70.882605,"",NESLTER
en715,218,2024-05-07T07:02:45Z,Bongo Net,recover,L9,B18,40.057417,-70.882595,"",NESLTER
en715,188,2024-05-07T07:38:00Z,Underway Science seawater diaphragm pump,DO discrete,"","",40.089888,-70.882255,"",NESLTER
en715,189,2024-05-07T07:40:00Z,Underway Science seawater diaphragm pump,DO discrete,"","",40.088797,-70.880963,"",NESLTER
en715,190,2024-05-07T07:43:00Z,Underway Science seawater diaphragm pump,DO discrete,"","",40.087413,-70.877585,"",NESLTER
en715,183,2024-05-07T07:54:30Z,MK21 XBT launcher,start,L8.6,1,40.086513,-70.864675,SN 558922,NESLTER
en715,184,2024-05-07T08:27:00Z,Underway Science seawater diaphragm pump,TOI discrete,"","",40.153205,-70.883825,"",NESLTER
en715,185,2024-05-07T08:34:55Z,MK21 XBT launcher,start,L8.3,2,40.176015,-70.883732,SN 558919. was listed as 558918,NESLTER
en715,186,2024-05-07T08:35:47Z,MK21 XBT launcher,start,L8,3,40.178635,-70.88367,SN 558916,NESLTER
en715,187,2024-05-07T08:40:37Z,MK21 XBT launcher,start,L7.67,4,40.192532,-70.884785,SN 558925,NESLTER
en715,191,2024-05-07T08:50:40Z,MK21 XBT launcher,start,L7.33,5,40.221377,-70.884252,SN 558924,NESLTER
en715,219,2024-05-07T09:15:11Z,Bongo Net,deploy,L7,B19,40.25612,-70.8792,We went back to our usual target depth of 5m above the bottom.,NESLTER
en715,220,2024-05-07T09:27:10Z,Bongo Net,recover,L7,B19,40.255197,-70.875025,"",NESLTER
en715,207,2024-05-07T09:45:10Z,CTD911,deploy,L7,19,40.2579,-70.884457,"",NESLTER
en715,208,2024-05-07T10:00:00Z,Incubation Grazing,stop,L8,14,40.258548,-70.885368,"",NESLTER
en715,213,2024-05-07T10:30:20Z,Isaacs-Kidd Midwater Trawl,deploy,L7,Tow7,40.255808,-70.883632,Target depth 110-117m,NESLTER
en715,214,2024-05-07T10:41:35Z,Isaacs-Kidd Midwater Trawl,startSample,L7,Tow7,40.244018,-70.88332,Target depth 110-117m,NESLTER
en715,215,2024-05-07T11:01:09Z,Isaacs-Kidd Midwater Trawl,stopSample,L7,Tow7,40.22224,-70.883453,Target depth 110-117m,NESLTER
en715,216,2024-05-07T11:12:50Z,Isaacs-Kidd Midwater Trawl,recover,L7,Tow7,40.21136,-70.884095,Target depth 110-117m,NESLTER
en715,203,2024-05-07T11:36:58Z,Sting Ray,deploy towed,L7,Tow007,40.253923,-70.884098,"",NESLTER
en715,204,2024-05-07T12:18:55Z,MK21 XBT launcher,start,L6.67,6,40.307683,-70.882945,SN 558918,NESLTER
en715,205,2024-05-07T12:36:49Z,MK21 XBT launcher,start,L6.33,7,40.33297,-70.883403,SN 558921,NESLTER
en715,221,2024-05-07T12:55:24Z,Underway Science seawater diaphragm pump,TOI discrete,"","",40.359148,-70.88324,"",NESLTER
en715,206,2024-05-07T12:58:35Z,MK21 XBT launcher,start,L6,8,40.363512,-70.883195,SN 558915     Not558921,NESLTER
en715,209,2024-05-07T13:50:10Z,MK21 XBT launcher,start,L5.5,9,40.43394,-70.892088,SN 558914,NESLTER
en715,223,2024-05-07T14:43:00Z,Underway Science seawater diaphragm pump,TOI discrete,"","",40.508423,-70.88097,"",NESLTER
en715,228,2024-05-07T15:45:00Z,Underway Science seawater diaphragm pump,DO discrete,"","",40.594042,-70.882978,"",NESLTER
en715,229,2024-05-07T15:49:00Z,Underway Science seawater diaphragm pump,DO discrete,"","",40.599603,-70.883157,"",NESLTER
en715,230,2024-05-07T15:52:00Z,Underway Science seawater diaphragm pump,DO discrete,"","",40.603792,-70.883307,"",NESLTER
en715,224,2024-05-07T16:58:00Z,Underway Science seawater diaphragm pump,TOI discrete,"","",40.697845,-70.88538,"",NESLTER
en715,225,2024-05-07T18:47:15Z,SUNAV2,sync time,"","",40.859542,-70.883617,SUNA was 1 second behind. downloaded data,NESLTER
en715,226,2024-05-07T18:52:00Z,Underway Science seawater diaphragm pump,TOI discrete,"","",40.86667,-70.883538,"",NESLTER
en715,227,2024-05-07T19:43:00Z,Underway Science seawater diaphragm pump,TOI discrete,"","",40.943477,-70.883117,"",NESLTER
en715,231,2024-05-07T19:46:00Z,Underway Science seawater diaphragm pump,DO discrete,"","",40.94795,-70.883242,"",NESLTER
en715,232,2024-05-07T19:48:00Z,Underway Science seawater diaphragm pump,DO discrete,"","",40.951007,-70.88332,"",NESLTER
en715,233,2024-05-07T19:51:00Z,Underway Science seawater diaphragm pump,DO discrete,"","",40.955645,-70.88341,"",NESLTER
en715,234,2024-05-07T22:24:14Z,Sting Ray,recover,L1,Tow007,41.139337,-70.876142,"",NESLTER
en715,235,2024-05-07T23:20:38Z,CTD911,deploy,L2,20,41.029295,-70.881093,"",NESLTER
en715,236,2024-05-08T00:21:40Z,CTD911,deploy,u2a,21,41.029695,-70.771315,"",NESLTER
en715,238,2024-05-08T00:51:00Z,Underway Science seawater diaphragm pump,TOI discrete,"","",41.029678,-70.816603,"",NESLTER
en715,239,2024-05-08T01:10:00Z,Underway Science seawater diaphragm pump,TOI discrete,"","",41.03271,-70.884977,"",NESLTER
en715,240,2024-05-08T01:31:00Z,Underway Science seawater diaphragm pump,TOI discrete,"","",41.0295,-70.932292,"",NESLTER
en715,241,2024-05-08T01:44:00Z,Underway Science seawater diaphragm pump,TOI discrete,"","",41.029777,-70.98016,"",NESLTER
en715,237,2024-05-08T01:52:47Z,CTD911,deploy,d2a,22,41.029293,-70.992505,"",NESLTER
en715,242,2024-05-08T02:59:00Z,Underway Science seawater diaphragm pump,TOI discrete,"","",41.104113,-70.873367,"",NESLTER
en715,243,2024-05-08T03:29:00Z,Underway Science seawater diaphragm pump,TOI discrete,"","",41.189068,-70.883395,"",NESLTER
en715,244,2024-05-08T05:11:06Z,Bongo Net,deploy,MVCO,B23,41.31566,-70.579293,"",NESLTER
en715,246,2024-05-08T05:14:30Z,Bongo Net,recover,MVCO,B23,41.314563,-70.577227,"",NESLTER
en715,245,2024-05-08T05:37:14Z,CTD911,deploy,MVCO,23,41.317203,-70.585112,"",NESLTER
en715,247,2024-05-08T07:47:10Z,Simrad EK-80,stop,"","",41.213207,-70.953557,"",NESLTER
en715,248,2024-05-08T09:27:41Z,IFCB continuous,stop,"","",41.371687,-71.293005,end of cruise approaching Narraganset Bay,NESLTER
en715,249,2024-05-08T09:29:35Z,Attune Flow Cytometer,stop,"","",41.374503,-71.299627,end of cruise approaching Narraganset Bay,NESLTER
en715,250,2024-05-08T09:59:16Z,EIMS,stop,"","",41.420733,-71.401482,"",NESLTER
en715,251,2024-05-08T10:08:44Z,Underway Science seawater diaphragm pump,stop,"","",41.423448,-71.415435,south of Beavertail,NESLTER
en715,252,2024-05-08T10:10:43Z,Thermosalinographs on underway impeller,stop,"","",41.423267,-71.41609,SBE 21 Acq stopped,NESLTER
en715,253,2024-05-08T10:12:07Z,Underway Science seawater impeller,stop,"","",41.423145,-71.416472,south of Beavertail,NESLTER
en715,254,2024-05-08T10:46:55Z,Thermosalinographs on underway impeller,other,"","",41.424277,-71.417715,freshwater back flush complete - entire system,NESLTER
en715,255,2024-05-08T11:08:53Z,UHDAS for both ADCPs,stop,"","",41.439028,-71.411733,UHDAS controls both 75KHz and 300KHz ADCPs. Brodband was off for this cruise to prevent interference with the EK80,NESLTER
en715,256,2024-05-08T11:09:23Z,ADCP75,stop,"","",41.440445,-71.412125,UHDAS controls both 75KHz and 300KHz ADCPs. Brodband was off for this cruise to prevent interference with the EK80,NESLTER
en715,257,2024-05-08T11:10:09Z,ADCP300,stop,"","",41.442492,-71.412373,UHDAS controls both 75KHz and 300KHz ADCPs. Brodband was off for this cruise to prevent interference with the EK80,NESLTER
en715,259,2024-05-08T11:59:28Z,Ship,endCruise,"","",41.492458,-71.418548,Lines over to dock at GSO,NESLTER
en715,260,2024-05-08T12:15:38Z,Echosounder12,stop,"","",41.492445,-71.418597,"",NESLTER
en715,261,2024-05-08T12:38:36Z,Ship,other,"","",41.49244,-71.41859,Gangway in place to 02 deck at GSO dock,NESLTER
en715,262,2024-05-08T12:40:06Z,MeteorologicalSensor,other,"","",41.492432,-71.418588,met sensors operating as usual,NESLTER
en715,263,2024-05-08T12:41:13Z,Wind Profiling Lidar,stop,"","",41.492442,-71.418602,Wind Profiling Lidar to be stopped later today,NESLTER
en715,264,2024-05-08T12:41:36Z,Wind Scanning Lidar,stop,"","",41.492448,-71.418602,Wind Scanning Lidar to be stopped later today,NESLTER
en720,72,2024-09-06T14:04:25Z,Simrad EK-80,start,"","",41.492477,-71.4186,start ship acoustics when leaving GSO,NESLTER
en720,2,2024-09-06T14:10:03Z,Echosounder12,start,"","",41.492463,-71.4186,"",NESLTER
en720,3,2024-09-06T14:10:53Z,MeteorologicalSensor,other,"","",41.492477,-71.418613,Met sensors continue to run,NESLTER
en720,4,2024-09-06T14:31:19Z,Ship,startCruise,"","",41.483265,-71.407645,"",NESLTER
en720,5,2024-09-06T14:59:30Z,UHDAS for both ADCPs,start,"","",41.415608,-71.399682,"",NESLTER
en720,6,2024-09-06T15:18:51Z,Fluorometers on underway impeller,start,"","",41.40254,-71.337168,"",NESLTER
en720,7,2024-09-06T15:19:13Z,Thermosalinographs on underway impeller,start,"","",41.402297,-71.335968,"",NESLTER
en720,8,2024-09-06T15:19:32Z,Underway Science seawater impeller,start,"","",41.402063,-71.334997,"",NESLTER
en720,11,2024-09-06T16:00:00Z,Underway Science seawater diaphragm pump,start,"","",41.366353,-71.209448,"",NESLTER
en720,10,2024-09-06T16:09:00Z,Underway Science seawater impeller,other,"","",41.354122,-71.184318,PAR sensor cap removed - was on when flowthrough was started,NESLTER
en720,9,2024-09-06T16:23:17Z,IFCB continuous,start,"","",41.334167,-71.14462,both IFCB115 and IFCB102 start at same time,NESLTER
en720,12,2024-09-06T16:34:00Z,EIMS,start,"","",41.316817,-71.116145,"",NESLTER
en720,44,2024-09-06T16:40:00Z,Thermosalinographs on underway impeller,stop,"","",41.307343,-71.100295,Stop seasave data acq to clean shells out of SBE21,NESLTER
en720,43,2024-09-06T16:40:00Z,Fluorometers on underway impeller,stop,"","",41.307343,-71.100295,Seasave data acq stopped to clean shells out of SBE21,NESLTER
en720,13,2024-09-06T17:20:23Z,Attune Flow Cytometer,start,"","",41.250297,-70.985818,"",NESLTER
en720,47,2024-09-06T17:24:00Z,Thermosalinographs on underway impeller,start,"","",41.244328,-70.976035,Start seasave data acq after cleaning shells out of SBE21,NESLTER
en720,45,2024-09-06T17:24:00Z,Fluorometers on underway impeller,start,"","",41.244328,-70.976035,Start seasave data acq after cleaning shells out of SBE21,NESLTER
en720,189,2024-09-06T17:57:00Z,Underway Science seawater impeller,chl discrete,"","",41.196853,-70.884105,"",NESLTER
en720,18,2024-09-06T18:16:55Z,CTD911,other,"","",41.194887,-70.8801,replaced PAR sensor with new sensor (old: 70513 new: 70709),NESLTER
en720,14,2024-09-06T18:21:15Z,CTD911,deploy,L1,01,41.19495,-70.879963,"",NESLTER
en720,15,2024-09-06T18:28:16Z,CTD911,abort,L1,01,41.195513,-70.879482,CTD recovered to troubleshoot PAR sensor - PAR sensor outputting 0 voltage,NESLTER
en720,16,2024-09-06T18:48:54Z,CTD911,deploy,L1,02,41.195073,-70.879772,"",NESLTER
en720,17,2024-09-06T19:23:20Z,Bongo Net,deploy,L1,B2,41.196602,-70.880945,"",NESLTER
en720,20,2024-09-06T19:30:58Z,Bongo Net,recover,L1,B2,41.20067,-70.882368,"",NESLTER
en720,19,2024-09-06T19:37:00Z,Underway Science seawater diaphragm pump,FCM discrete,"","",41.198132,-70.881302,UW1,NESLTER
en720,30,2024-09-06T20:00:00Z,Incubation C13,start,L1,02,41.151377,-70.875225,"",NESLTER
en720,21,2024-09-06T20:03:35Z,Sting Ray,deploy towed,L1,Tow001,41.149353,-70.87417,"",NESLTER
en720,22,2024-09-06T20:04:37Z,Incubation Grazing,start,L1,002,41.148803,-70.874113,"",NESLTER
en720,23,2024-09-06T20:24:41Z,Incubation Mixotrophy,start,L1,002,41.129642,-70.872887,"",NESLTER
en720,24,2024-09-06T20:35:00Z,Underway Science seawater diaphragm pump,TOI discrete,"","",41.114962,-70.87228,bottle 611,NESLTER
en720,190,2024-09-06T20:35:00Z,Underway Science seawater impeller,chl discrete,"","",41.114962,-70.87228,"",NESLTER
en720,191,2024-09-06T21:06:00Z,Underway Science seawater impeller,chl discrete,"","",41.071102,-70.883293,"",NESLTER
en720,25,2024-09-06T21:32:00Z,Underway Science seawater diaphragm pump,TOI discrete,"","",41.035228,-70.883237,bottle 149,NESLTER
en720,26,2024-09-06T22:35:00Z,Underway Science seawater diaphragm pump,TOI discrete,"","",40.94664,-70.883328,bottle 367,NESLTER
en720,27,2024-09-06T23:34:00Z,Underway Science seawater diaphragm pump,TOI discrete,L3,"",40.86664,-70.883163,TOI 838,NESLTER
en720,256,2024-09-07T00:00:00Z,MeteorologicalSensor,other,"","",40.831725,-70.883635,pilot house relative humidity sensor dropped to near zero - bad data; time approximate,NESLTER
en720,28,2024-09-07T00:24:19Z,Sting Ray,recover,L3,Tow001,40.827815,-70.87282,"",NESLTER
en720,192,2024-09-07T01:05:00Z,Underway Science seawater impeller,chl discrete,"","",40.922422,-70.876488,"",NESLTER
en720,29,2024-09-07T01:57:22Z,CTD911,deploy,L2,003,41.030332,-70.883877,"",NESLTER
en720,39,2024-09-07T02:15:00Z,Underway Science seawater diaphragm pump,TOI discrete,L2,"",41.034288,-70.883418,TOI 536,NESLTER
en720,40,2024-09-07T02:22:00Z,Underway Science seawater diaphragm pump,TOI discrete,L2,"",41.036162,-70.882972,TOI 622,NESLTER
en720,35,2024-09-07T02:36:36Z,Bongo Net,deploy,L2,B3,41.039838,-70.88261,"",NESLTER
en720,36,2024-09-07T02:44:14Z,Bongo Net,recover,L2,B3,41.043612,-70.883568,"",NESLTER
en720,96,2024-09-07T03:03:13Z,Incubation C13,start,L2,03,41.04826,-70.883048,"",NESLTER
en720,38,2024-09-07T03:30:00Z,Incubation Mixotrophy,start,L2,003,41.006918,-70.877147,"",NESLTER
en720,31,2024-09-07T03:51:24Z,Incubation Grazing,start,L2,003,40.952755,-70.88129,"",NESLTER
en720,32,2024-09-07T04:19:57Z,SUNAV2,sync time,"","",40.879512,-70.884888,suna internal time is the same to the ship time. good! no need to sync time,NESLTER
en720,41,2024-09-07T04:24:00Z,Underway Science seawater diaphragm pump,TOI discrete,L3,"",40.8689,-70.884538,TOI 468,NESLTER
en720,193,2024-09-07T05:16:00Z,Underway Science seawater impeller,chl discrete,"","",40.734392,-70.88219,"",NESLTER
en720,37,2024-09-07T06:13:23Z,CTD911,deploy,u4a,004,40.697295,-70.771928,"",NESLTER
en720,42,2024-09-07T07:13:00Z,Underway Science seawater diaphragm pump,TOI discrete,L4,"",40.696688,-70.867377,TOI 578,NESLTER
en720,50,2024-09-07T07:48:01Z,Underway Science seawater diaphragm pump,TOI discrete,d4a,"",40.696343,-70.990057,TOI 249,NESLTER
en720,49,2024-09-07T08:08:26Z,CTD911,deploy,d4a,005,40.69385,-71.00276,"",NESLTER
en720,53,2024-09-07T09:09:00Z,Underway Science seawater diaphragm pump,TOI discrete,"","",40.69789,-70.885772,bottle 563,NESLTER
en720,51,2024-09-07T09:09:01Z,CTD911,deploy,L4,006,40.69789,-70.885772,"",NESLTER
en720,54,2024-09-07T09:11:00Z,Underway Science seawater diaphragm pump,TOI discrete,"","",40.697462,-70.886547,bottle 233,NESLTER
en720,52,2024-09-07T09:50:36Z,Bongo Net,deploy,L4,B6,40.695798,-70.885415,"",NESLTER
en720,55,2024-09-07T10:01:42Z,Bongo Net,recover,L4,B6,40.696927,-70.895537,"",NESLTER
en720,98,2024-09-07T10:10:34Z,Incubation C13,start,L4,06,40.699112,-70.90172,"",NESLTER
en720,56,2024-09-07T10:50:27Z,Incubation Grazing,start,L4,006,40.784122,-70.883567,"",NESLTER
en720,162,2024-09-07T11:00:00Z,Incubation Mixotrophy,start,L4,006,40.808755,-70.883592,"",NESLTER
en720,57,2024-09-07T11:20:07Z,Sting Ray,deploy towed,L3,Tow002,40.835262,-70.879363,"",NESLTER
en720,194,2024-09-07T11:47:00Z,Underway Science seawater impeller,chl discrete,"","",40.806423,-70.883265,"",NESLTER
en720,58,2024-09-07T15:45:43Z,Sting Ray,recover,L5,Tow002,40.509745,-70.870978,"",NESLTER
en720,63,2024-09-07T16:01:45Z,Isaacs-Kidd Midwater Trawl,deploy,L5,1,40.516693,-70.86146,"",NESLTER
en720,64,2024-09-07T16:08:37Z,Isaacs-Kidd Midwater Trawl,startSample,L5,1,40.519953,-70.854647,"",NESLTER
en720,65,2024-09-07T16:28:06Z,Isaacs-Kidd Midwater Trawl,stopSample,L5,1,40.52093,-70.83367,"",NESLTER
en720,66,2024-09-07T16:34:37Z,Isaacs-Kidd Midwater Trawl,recover,L5,1,40.520722,-70.827713,"",NESLTER
en720,60,2024-09-07T17:04:20Z,CTD911,deploy,L5,007,40.51542,-70.886522,"",NESLTER
en720,61,2024-09-07T17:46:25Z,Bongo Net,deploy,L5,B7,40.511802,-70.886245,"",NESLTER
en720,62,2024-09-07T17:55:29Z,Bongo Net,recover,L5,B7,40.516832,-70.887197,"",NESLTER
en720,67,2024-09-07T18:16:14Z,Sting Ray,deploy towed,L5,Tow003,40.52039,-70.880905,"",NESLTER
en720,68,2024-09-07T20:12:19Z,Incubation Grazing,stop,L1,002,40.375347,-70.88324,"",NESLTER
en720,69,2024-09-07T20:20:50Z,Underway Science seawater diaphragm pump,TOI discrete,"","",40.364135,-70.883588,bottle 839,NESLTER
en720,70,2024-09-07T21:40:14Z,Underway Science seawater diaphragm pump,TOI discrete,"","",40.255545,-70.882457,bottle 165,NESLTER
en720,71,2024-09-07T21:48:54Z,Incubation C13,stop,L1,02,40.242753,-70.88299,"",NESLTER
en720,76,2024-09-07T22:28:00Z,Underway Science seawater diaphragm pump,TOI discrete,"","",40.185878,-70.883092,TOI 473 front sampling,NESLTER
en720,77,2024-09-07T22:34:00Z,Underway Science seawater diaphragm pump,TOI discrete,"","",40.177205,-70.883117,TOI 568 front sampling,NESLTER
en720,78,2024-09-07T22:50:00Z,Underway Science seawater diaphragm pump,TOI discrete,L8,"",40.15432,-70.883073,TOI 277,NESLTER
en720,195,2024-09-07T23:20:00Z,Underway Science seawater impeller,chl discrete,"","",40.110092,-70.883517,"",NESLTER
en720,79,2024-09-07T23:22:00Z,Underway Science seawater diaphragm pump,TOI discrete,"","",40.107078,-70.883497,TOI 821 front sampling,NESLTER
en720,73,2024-09-07T23:35:31Z,Thermosalinographs on underway impeller,stop,"","",40.08727,-70.88366,Stop acquisition of SBE21/45 TSal data to clean 45/flourometer,NESLTER
en720,74,2024-09-07T23:43:08Z,Thermosalinographs on underway impeller,start,"","",40.076337,-70.883418,Start acquisition of SBE21/45 TSal data after backflushing SBE45,NESLTER
en720,82,2024-09-07T23:43:14Z,Fluorometers on underway impeller,other,"","",40.07612,-70.883423,Wetlabs Wetstar flurometer reading high; data should not be used; ECO-AFL ok; keep on collecting data until further notice per HS,NESLTER
en720,80,2024-09-07T23:44:00Z,Underway Science seawater diaphragm pump,TOI discrete,"","",40.075048,-70.883368,TOI 583 front sampling,NESLTER
en720,75,2024-09-07T23:50:35Z,Thermosalinographs on underway impeller,other,"","",40.06585,-70.88285,SBE 45/Wetlabs Fluorometer bypassed temporarialy to address flow issue; ACQ continued per HS; time approx,NESLTER
en720,83,2024-09-07T23:59:54Z,Thermosalinographs on underway impeller,other,"","",40.05249,-70.88271,SBE 45/Wetlabs Fluorometer back online after addressing flow issue; time approx,NESLTER
en720,81,2024-09-08T00:05:00Z,Underway Science seawater diaphragm pump,TOI discrete,L9,"",40.045247,-70.882713,TOI 645,NESLTER
en720,196,2024-09-08T01:29:00Z,Underway Science seawater impeller,chl discrete,"","",39.922838,-70.879867,"",NESLTER
en720,84,2024-09-08T03:19:00Z,Underway Science seawater diaphragm pump,TOI discrete,L11,"",39.776433,-70.883302,TOI 566,NESLTER
en720,85,2024-09-08T03:31:08Z,Incubation Grazing,stop,L2,003,39.767877,-70.888673,"",NESLTER
en720,87,2024-09-08T03:32:30Z,Thermosalinographs on underway impeller,other,"","",39.767912,-70.889598,SBE45 bypassed to attempt Wetstar cleaning 03:32-03:39,NESLTER
en720,86,2024-09-08T03:34:00Z,Sting Ray,recover,L11,Tow003,39.767957,-70.890603,"",NESLTER
en720,88,2024-09-08T05:03:00Z,CTD911,deploy,L10,008,39.941405,-70.883885,"",NESLTER
en720,97,2024-09-08T05:58:14Z,Incubation C13,stop,L2,03,39.94153,-70.898253,"",NESLTER
en720,94,2024-09-08T06:01:44Z,Bongo Net,deploy,L10,B8,39.941188,-70.899967,added elog entry later - fixed time,NESLTER
en720,95,2024-09-08T06:36:02Z,Bongo Net,recover,L10,B8,39.933265,-70.925058,added elog entry later - fixed time,NESLTER
en720,91,2024-09-08T08:47:00Z,CTD911,deploy,u11a,009,39.774413,-70.780878,"",NESLTER
en720,89,2024-09-08T09:51:52Z,Underway Science seawater diaphragm pump,TOI discrete,"","",39.773027,-70.88605,bottle 539,NESLTER
en720,99,2024-09-08T09:56:31Z,Incubation C13,stop,L4,06,39.773367,-70.903067,"",NESLTER
en720,90,2024-09-08T10:21:00Z,Underway Science seawater diaphragm pump,TOI discrete,d11a,"",39.773998,-70.984087,TOI 298,NESLTER
en720,92,2024-09-08T10:30:00Z,CTD911,deploy,d11a,010,39.774158,-70.989848,start time approximate,NESLTER
en720,197,2024-09-08T10:56:00Z,Underway Science seawater impeller,chl discrete,"","",39.775787,-71.006143,"",NESLTER
en720,93,2024-09-08T11:04:10Z,Incubation Grazing,stop,L4,006,39.777607,-71.009235,"",NESLTER
en720,100,2024-09-08T11:58:04Z,Bongo Net,deploy,L11,B11,39.774018,-70.883947,"",NESLTER
en720,198,2024-09-08T12:28:00Z,Underway Science seawater impeller,chl discrete,"","",39.775163,-70.914038,"",NESLTER
en720,101,2024-09-08T12:28:35Z,Bongo Net,recover,L11,B11,39.77516,-70.914673,"",NESLTER
en720,102,2024-09-08T12:58:03Z,Underway Science seawater diaphragm pump,TOI discrete,L11,"",39.771757,-70.881465,bottle 493,NESLTER
en720,103,2024-09-08T12:58:27Z,CTD911,deploy,L11,011,39.77176,-70.881677,"",NESLTER
en720,104,2024-09-08T13:02:01Z,Underway Science seawater diaphragm pump,TOI discrete,L11,"",39.771897,-70.883562,bottle 428,NESLTER
en720,105,2024-09-08T13:51:12Z,Other,other,"","",39.774813,-70.908493,deployed miniboat (educational passages),NESLTER
en720,170,2024-09-08T14:15:00Z,Incubation C13,start,L11,11,39.774038,-70.931035,"",NESLTER
en720,114,2024-09-08T14:19:44Z,Isaacs-Kidd Midwater Trawl,deploy,L11,2,39.774145,-70.926488,"",NESLTER
en720,106,2024-09-08T14:31:15Z,Fluorometers on underway impeller,other,"","",39.774082,-70.915562,water diverted from SBE45 and wetstar to swap new fluorometer in,NESLTER
en720,107,2024-09-08T14:31:37Z,Thermosalinographs on underway impeller,other,"","",39.774077,-70.915245,water diverted from SBE45 and wetstar to swap new fluorometer in,NESLTER
en720,111,2024-09-08T14:33:35Z,Fluorometers on underway impeller,stop,"","",39.774102,-70.913197,Stop acquisition of SBE21/45 TSal data to swap 21/flourometer (serial number:1177),NESLTER
en720,112,2024-09-08T14:33:35Z,Thermosalinographs on underway impeller,stop,"","",39.774102,-70.913197,Stop acquisition of SBE21/45 TSal data to swap 21/flourometer (serial number:1177),NESLTER
en720,115,2024-09-08T14:48:26Z,Isaacs-Kidd Midwater Trawl,startSample,L11,2,39.774182,-70.899388,"",NESLTER
en720,108,2024-09-08T14:51:39Z,Incubation Grazing,start,L11,011,39.774243,-70.896653,"",NESLTER
en720,109,2024-09-08T14:54:00Z,Fluorometers on underway impeller,start,"","",39.774293,-70.89493,replaced FLRTD sensor with new fluorometer (old: 1177  new:1499) using new XMLCON file,NESLTER
en720,110,2024-09-08T14:54:00Z,Thermosalinographs on underway impeller,start,"","",39.774293,-70.89493,replaced FLRTD sensor with new fluorometer (old: 1177  new:1499) using new XMLCON file,NESLTER
en720,147,2024-09-08T15:00:00Z,Incubation Mixotrophy,start,L11,011,39.774195,-70.889473,"",NESLTER
en720,116,2024-09-08T15:08:57Z,Isaacs-Kidd Midwater Trawl,stopSample,L11,2,39.77411,-70.881118,"",NESLTER
en720,199,2024-09-08T15:09:00Z,Underway Science seawater impeller,chl discrete,"","",39.77412,-70.881045,"",NESLTER
en720,117,2024-09-08T15:37:33Z,Isaacs-Kidd Midwater Trawl,recover,L11,2,39.774222,-70.855145,"",NESLTER
en720,113,2024-09-08T16:04:36Z,Sting Ray,deploy towed,L11,Tow004,39.777935,-70.850805,"",NESLTER
en720,121,2024-09-08T18:32:00Z,MK21 XBT launcher,start,L10.5,00001,39.860613,-70.88321,SN 1386147 - data bad starting ~400m - most likely contacted stingray or cable in the water,NESLTER
en720,119,2024-09-08T18:32:30Z,Underway Science seawater diaphragm pump,TOI discrete,"","",39.861175,-70.883217,bottle 320 shelfbreak front,NESLTER
en720,122,2024-09-08T18:39:00Z,MK21 XBT launcher,start,L10.5,00002,39.868488,-70.883032,SN 1386148,NESLTER
en720,124,2024-09-08T19:41:31Z,MK21 XBT launcher,start,L10,00003,39.940677,-70.883482,SN 1386149,NESLTER
en720,123,2024-09-08T19:41:52Z,Underway Science seawater diaphragm pump,TOI discrete,L10,"",39.941123,-70.88348,bottle 632 shelfbreak front,NESLTER
en720,125,2024-09-08T20:11:26Z,Underway Science seawater diaphragm pump,TOI discrete,"","",39.977593,-70.883507,bottle 331 shelfbreak front,NESLTER
en720,126,2024-09-08T20:23:08Z,MK21 XBT launcher,start,L9.5,00004,39.99217,-70.88319,SN 1386150,NESLTER
en720,127,2024-09-08T20:35:35Z,Underway Science seawater diaphragm pump,TOI discrete,"","",40.007817,-70.883217,bottle 293 shelfbreak front,NESLTER
en720,128,2024-09-08T21:08:34Z,Underway Science seawater diaphragm pump,TOI discrete,L9,"",40.046047,-70.892938,bottle 263 shelfbreak front,NESLTER
en720,134,2024-09-08T21:10:21Z,MK21 XBT launcher,start,L9,00005,40.048258,-70.891838,SN 1386151.  not dropped on trackline; diverted to avoid fishing gear,NESLTER
en720,129,2024-09-08T21:21:48Z,Underway Science seawater diaphragm pump,TOI discrete,"","",40.061942,-70.88363,bottle 237 shelfbreak front,NESLTER
en720,130,2024-09-08T21:32:55Z,Underway Science seawater diaphragm pump,TOI discrete,"","",40.074702,-70.88087,bottle 703 shelfbreak front,NESLTER
en720,131,2024-09-08T21:46:55Z,Underway Science seawater diaphragm pump,TOI discrete,"","",40.091735,-70.882532,bottle 722 shelfbreak front,NESLTER
en720,132,2024-09-08T21:54:08Z,MK21 XBT launcher,start,L8.5,00006,40.100677,-70.883177,SN 1386152,NESLTER
en720,133,2024-09-08T22:06:00Z,Underway Science seawater diaphragm pump,TOI discrete,"","",40.115112,-70.883325,bottle 260 shelfbreak front,NESLTER
en720,135,2024-09-08T22:32:33Z,Underway Science seawater diaphragm pump,TOI discrete,L8,"",40.152445,-70.882023,bottle 596 shelfbreak front,NESLTER
en720,137,2024-09-08T22:32:55Z,MK21 XBT launcher,start,L8,00007,40.153003,-70.881993,SN 1386153,NESLTER
en720,136,2024-09-08T22:36:26Z,SUNAV2,sync time,"","",40.157592,-70.881822,suna was 2 seconds behind. also downloaded data,NESLTER
en720,138,2024-09-08T22:38:57Z,Underway Science seawater diaphragm pump,TOI discrete,"","",40.160898,-70.881765,bottle 817 shelfbreak front,NESLTER
en720,200,2024-09-08T22:48:00Z,Underway Science seawater impeller,chl discrete,"","",40.173203,-70.882505,"",NESLTER
en720,141,2024-09-08T23:10:13Z,MK21 XBT launcher,start,L7.5,00008,40.204215,-70.883073,SN 1386154,NESLTER
en720,139,2024-09-08T23:47:00Z,Underway Science seawater diaphragm pump,TOI discrete,L7,"",40.2552,-70.88338,TOI 247,NESLTER
en720,140,2024-09-08T23:48:00Z,MK21 XBT launcher,start,L7,00009,40.256525,-70.883373,SN 1386155,NESLTER
en720,257,2024-09-09T00:00:00Z,MeteorologicalSensor,other,"","",40.27283,-70.883188,pilot house relative humidity sensor starting to read ok data again; time approximate,NESLTER
en720,142,2024-09-09T01:04:00Z,Underway Science seawater diaphragm pump,TOI discrete,L6,"",40.36051,-70.884638,TOI 217,NESLTER
en720,143,2024-09-09T01:13:17Z,Sting Ray,recover,L6,Tow004,40.365608,-70.888677,"",NESLTER
en720,144,2024-09-09T02:14:10Z,CTD911,deploy,u6a,012,40.366588,-70.779802,"",NESLTER
en720,145,2024-09-09T03:08:00Z,Underway Science seawater diaphragm pump,TOI discrete,L6,"",40.351893,-70.873707,TOI 321 slightly south of stn for fishing vessel,NESLTER
en720,148,2024-09-09T03:53:51Z,CTD911,deploy,d6a,013,40.363192,-70.99245,"",NESLTER
en720,149,2024-09-09T03:56:00Z,Underway Science seawater diaphragm pump,TOI discrete,d6a,"",40.3629,-70.992107,TOI 272,NESLTER
en720,201,2024-09-09T04:17:00Z,Underway Science seawater impeller,chl discrete,"","",40.365167,-70.980968,"",NESLTER
en720,151,2024-09-09T04:57:24Z,Bongo Net,deploy,L6,B14,40.361348,-70.888342,"",NESLTER
en720,152,2024-09-09T05:10:20Z,Bongo Net,recover,L6,B14,40.35674,-70.89736,"",NESLTER
en720,150,2024-09-09T05:25:26Z,CTD911,deploy,L6,014,40.35715,-70.900738,Transmissometer out of bracket - bad data,NESLTER
en720,172,2024-09-09T06:35:42Z,Incubation C13,start,L6,14,40.364595,-70.887705,"",NESLTER
en720,153,2024-09-09T07:03:57Z,Incubation Grazing,start,L6,014,40.314295,-70.883542,"",NESLTER
en720,155,2024-09-09T07:30:00Z,Incubation Mixotrophy,start,L6,014,40.247592,-70.883602,"",NESLTER
en720,154,2024-09-09T08:17:36Z,Bongo Net,deploy,L8,B15,40.152877,-70.88908,"",NESLTER
en720,252,2024-09-09T08:20:42Z,Incubation C13,stop,L6,14,40.152103,-70.89125,"",NESLTER
en720,160,2024-09-09T08:37:24Z,Bongo Net,recover,L8,B15,40.156003,-70.900558,"",NESLTER
en720,156,2024-09-09T08:54:20Z,CTD911,deploy,L8,015,40.151575,-70.882803,Transmissometer out of bracket - bad data,NESLTER
en720,157,2024-09-09T09:24:00Z,Underway Science seawater diaphragm pump,TOI discrete,L8,"",40.150082,-70.884182,bottle 308,NESLTER
en720,158,2024-09-09T09:26:00Z,Underway Science seawater diaphragm pump,TOI discrete,L8,"",40.149998,-70.884225,bottle 692,NESLTER
en720,164,2024-09-09T10:02:37Z,Isaacs-Kidd Midwater Trawl,deploy,L8,3,40.157943,-70.88178,"",NESLTER
en720,165,2024-09-09T10:13:17Z,Isaacs-Kidd Midwater Trawl,startSample,L8,3,40.151517,-70.885552,"",NESLTER
en720,173,2024-09-09T10:18:12Z,Incubation C13,start,L8,15,40.148185,-70.887498,"",NESLTER
en720,166,2024-09-09T10:33:51Z,Isaacs-Kidd Midwater Trawl,stopSample,L8,3,40.13702,-70.894342,"",NESLTER
en720,159,2024-09-09T10:37:48Z,Incubation Grazing,start,L8,015,40.134227,-70.89596,"",NESLTER
en720,167,2024-09-09T10:41:21Z,Isaacs-Kidd Midwater Trawl,recover,L8,3,40.131818,-70.897303,"",NESLTER
en720,161,2024-09-09T11:18:23Z,Incubation Mixotrophy,start,L8,015,40.065565,-70.883207,"",NESLTER
en720,163,2024-09-09T11:26:18Z,Sting Ray,deploy towed,L9,Tow005,40.064452,-70.886108,"",NESLTER
en720,202,2024-09-09T13:08:00Z,Underway Science seawater impeller,chl discrete,"","",40.14421,-70.882538,"",NESLTER
en720,171,2024-09-09T13:50:28Z,Incubation C13,stop,L11,11,40.182113,-70.883115,"",NESLTER
en720,168,2024-09-09T14:57:40Z,Incubation Grazing,stop,L11,011,40.237777,-70.883813,"",NESLTER
en720,169,2024-09-09T15:13:00Z,Underway Science seawater diaphragm pump,TOI discrete,L7,"",40.255673,-70.883528,bottle 755,NESLTER
en720,203,2024-09-09T17:50:00Z,Underway Science seawater impeller,chl discrete,"","",40.434532,-70.87988,"",NESLTER
en720,178,2024-09-09T19:15:32Z,Sting Ray,recover,L5,Tow005,40.515852,-70.890133,"",NESLTER
en720,175,2024-09-09T20:59:27Z,Bongo Net,deploy,L7,B16,40.256493,-70.884827,"",NESLTER
en720,176,2024-09-09T21:15:36Z,Bongo Net,recover,L7,B16,40.247167,-70.887108,"",NESLTER
en720,174,2024-09-09T21:35:00Z,CTD911,deploy,L7,016,40.255857,-70.885747,Transmissometer out of bracket - bad data,NESLTER
en720,179,2024-09-09T22:25:18Z,Isaacs-Kidd Midwater Trawl,deploy,L7,4,40.23828,-70.891532,"",NESLTER
en720,180,2024-09-09T22:39:09Z,Isaacs-Kidd Midwater Trawl,startSample,L7,4,40.227692,-70.898615,"",NESLTER
en720,181,2024-09-09T22:59:42Z,Isaacs-Kidd Midwater Trawl,stopSample,L7,4,40.210567,-70.910495,"",NESLTER
en720,204,2024-09-09T23:00:00Z,Underway Science seawater impeller,chl discrete,"","",40.21029,-70.910682,"",NESLTER
en720,182,2024-09-09T23:09:11Z,Isaacs-Kidd Midwater Trawl,recover,L7,4,40.203785,-70.91533,"",NESLTER
en720,177,2024-09-09T23:39:00Z,Underway Science seawater diaphragm pump,TOI discrete,L8,"",40.154795,-70.883747,TOI 104,NESLTER
en720,183,2024-09-10T01:26:00Z,Underway Science seawater diaphragm pump,TOI discrete,u9b,"",40.04568,-70.667332,TOI 530,NESLTER
en720,184,2024-09-10T02:14:25Z,CTD911,deploy,u9a,017,40.044847,-70.776107,transmissometer fell out of bracket - bad data,NESLTER
en720,185,2024-09-10T03:11:00Z,Underway Science seawater diaphragm pump,TOI discrete,L9,"",40.043883,-70.879072,TOI 196,NESLTER
en720,205,2024-09-10T03:27:00Z,Underway Science seawater impeller,chl discrete,"","",40.042458,-70.932707,"",NESLTER
en720,186,2024-09-10T03:50:35Z,CTD911,deploy,d9a,018,40.045103,-70.992858,transmissometer fell out of bracket - bad data,NESLTER
en720,187,2024-09-10T04:05:00Z,Underway Science seawater diaphragm pump,TOI discrete,d9a,"",40.046103,-70.990597,TOI 266,NESLTER
en720,188,2024-09-10T04:54:00Z,Underway Science seawater diaphragm pump,TOI discrete,d9b,"",40.045792,-71.09061,TOI 669,NESLTER
en720,206,2024-09-10T06:14:14Z,CTD911,deploy,L9,019,40.048138,-70.885677,TDR tested on CTD - transmissometer fell out of bracket - bad data,NESLTER
en720,207,2024-09-10T07:00:56Z,Incubation Grazing,stop,L6,014,40.037413,-70.88462,"",NESLTER
en720,209,2024-09-10T07:14:00Z,Bongo Net,deploy,L9,B19,40.030837,-70.883068,"",NESLTER
en720,210,2024-09-10T07:40:14Z,Bongo Net,recover,L9,B19,40.020245,-70.882823,"",NESLTER
en720,208,2024-09-10T08:31:00Z,Underway Science seawater diaphragm pump,TOI discrete,L10,"",39.93574,-70.879307,TOI 642,NESLTER
en720,211,2024-09-10T09:15:39Z,Sting Ray,deploy towed,L9.5,Tow006,39.991047,-70.88835,"",NESLTER
en720,212,2024-09-10T10:39:37Z,Incubation Grazing,stop,L8,015,40.048915,-70.888623,"",NESLTER
en720,213,2024-09-10T11:53:15Z,Underway Science seawater diaphragm pump,TOI discrete,L8,"",40.151927,-70.881437,bottle 844,NESLTER
en720,214,2024-09-10T12:26:22Z,Incubation C13,stop,L8,15,40.196267,-70.876278,"",NESLTER
en720,215,2024-09-10T14:19:34Z,Underway Science seawater diaphragm pump,TOI discrete,L6,"",40.358572,-70.882388,bottle 834,NESLTER
en720,216,2024-09-10T16:08:15Z,Underway Science seawater diaphragm pump,TOI discrete,L5,"",40.512263,-70.88654,bottle 459,NESLTER
en720,217,2024-09-10T17:27:19Z,SUNAV2,sync time,"","",40.620332,-70.88657,suna no time delay; also download data,NESLTER
en720,218,2024-09-10T18:18:11Z,Underway Science seawater diaphragm pump,TOI discrete,L4,"",40.694213,-70.882982,bottle 579,NESLTER
en720,219,2024-09-10T18:19:40Z,Underway Science seawater diaphragm pump,IFCB discrete,"",UW1,40.696362,-70.882968,analyze on both IFCB discerete and concentrate water for microscope,NESLTER
en720,220,2024-09-10T18:22:53Z,IFCB continuous,other,"","",40.701167,-70.882958,wipe off one of intake tips that appears dirty other was fine,NESLTER
en720,221,2024-09-10T20:23:42Z,Sting Ray,recover,L3,Tow006,40.86319,-70.887597,"",NESLTER
en720,231,2024-09-10T20:31:00Z,Underway Science seawater impeller,chl discrete,"","",40.862705,-70.886712,"",NESLTER
en720,222,2024-09-10T21:00:00Z,CTD911,deploy,L3,020,40.861315,-70.882598,time approx,NESLTER
en720,223,2024-09-10T21:12:03Z,Bongo Net,deploy,L3,B20,40.857203,-70.881698,"",NESLTER
en720,224,2024-09-10T21:22:53Z,Bongo Net,recover,L3,B20,40.851358,-70.881873,"",NESLTER
en720,228,2024-09-10T22:17:00Z,Underway Science seawater diaphragm pump,TOI discrete,L2.5,"",40.962485,-70.88344,TOI 702 slightly N of L2.5,NESLTER
en720,225,2024-09-10T22:51:42Z,CTD911,deploy,L2,021,41.028558,-70.883173,"",NESLTER
en720,232,2024-09-10T23:11:00Z,Underway Science seawater impeller,chl discrete,"","",41.028932,-70.872967,"",NESLTER
en720,226,2024-09-11T00:04:26Z,CTD911,deploy,u2a,022,41.026505,-70.77282,"",NESLTER
en720,233,2024-09-11T00:09:00Z,Underway Science seawater impeller,chl discrete,"","",41.025768,-70.772757,"",NESLTER
en720,238,2024-09-11T00:15:00Z,Underway Science seawater impeller,chl discrete,"","",41.026143,-70.791773,"",NESLTER
en720,234,2024-09-11T00:17:00Z,Underway Science seawater impeller,chl discrete,"","",41.02639,-70.799235,"",NESLTER
en720,235,2024-09-11T00:20:00Z,Underway Science seawater impeller,chl discrete,"","",41.026917,-70.81043,"",NESLTER
en720,236,2024-09-11T00:29:00Z,Underway Science seawater impeller,chl discrete,"","",41.028408,-70.844005,"",NESLTER
en720,237,2024-09-11T00:31:00Z,Underway Science seawater impeller,chl discrete,"","",41.028795,-70.851435,"",NESLTER
en720,229,2024-09-11T00:38:00Z,Underway Science seawater diaphragm pump,TOI discrete,L2,"",41.029862,-70.877215,TOI 147,NESLTER
en720,227,2024-09-11T01:16:25Z,CTD911,deploy,d2a,023,41.028577,-70.993355,"",NESLTER
en720,230,2024-09-11T01:17:00Z,Underway Science seawater diaphragm pump,TOI discrete,d2a,"",41.028465,-70.99335,TOI 806,NESLTER
en720,239,2024-09-11T03:24:00Z,Underway Science seawater diaphragm pump,TOI discrete,"","",41.145982,-70.872168,TOI 181 resuming line after wind farm,NESLTER
en720,240,2024-09-11T05:32:34Z,CTD911,deploy,MVCO,024,41.31836,-70.577608,"",NESLTER
en720,241,2024-09-11T05:53:05Z,Bongo Net,deploy,MVCO,B24,41.315973,-70.585915,"",NESLTER
en720,242,2024-09-11T05:59:16Z,Bongo Net,recover,MVCO,B24,41.31428,-70.589727,"",NESLTER
en720,243,2024-09-11T09:06:29Z,Simrad EK-80,stop,"","",41.308198,-71.090388,end of transect line,NESLTER
en720,260,2024-09-11T10:13:23Z,MeteorologicalSensor,other,"","",41.394508,-71.280977,pilot house relative humidity sensor starting to read ok data again; time approximate,NESLTER
en720,244,2024-09-11T10:39:57Z,Attune Flow Cytometer,stop,"","",41.412672,-71.366287,"",NESLTER
en720,245,2024-09-11T10:46:58Z,IFCB continuous,stop,"","",41.417418,-71.389007,Stop both IFCB102 and IFCB115 for underway to be shut off,NESLTER
en720,246,2024-09-11T11:03:58Z,UHDAS for both ADCPs,stop,"","",41.41963,-71.40679,"",NESLTER
en720,247,2024-09-11T11:05:32Z,Thermosalinographs on underway impeller,stop,"","",41.419495,-71.407158,Stop acquisition of SBE21,NESLTER
en720,248,2024-09-11T11:06:06Z,Fluorometers on underway impeller,stop,"","",41.419442,-71.407287,Stop acquisition of SBE21,NESLTER
en720,249,2024-09-11T11:24:10Z,Underway Science seawater impeller,stop,"","",41.417802,-71.411405,"",NESLTER
en720,250,2024-09-11T11:26:15Z,EIMS,stop,"","",41.417625,-71.411878,"",NESLTER
en720,251,2024-09-11T11:26:45Z,Underway Science seawater diaphragm pump,stop,"","",41.417558,-71.411995,"",NESLTER
en720,253,2024-09-11T13:27:58Z,Ship,endCruise,"","",41.49245,-71.418605,"",NESLTER
en720,254,2024-09-11T13:28:22Z,MeteorologicalSensor,other,"","",41.49245,-71.418593,Met sensors continue to run,NESLTER
en720,255,2024-09-11T13:28:34Z,Echosounder12,stop,"","",41.492455,-71.418593,"",NESLTER
ae2426,148,2024-11-05T15:00:00Z,Wind Profiling Lidar,start,"","",41.523457,-70.67181,Data collection began during mob,NESLTER
ae2426,149,2024-11-05T15:00:00Z,Wind Scanning Lidar,start,"","",41.523457,-70.67181,Data collection began during mob,NESLTER
ae2426,1,2024-11-06T13:00:00Z,Ship,startCruise,"","",41.493007,-70.680232,departing dock,NESLTER
ae2426,2,2024-11-06T13:12:00Z,Underway Science seawater impeller,start,"","",41.502278,-70.673435,"",NESLTER
ae2426,10,2024-11-06T13:19:18Z,Simrad EK-80,start,"","",41.48755,-70.688257,"",NESLTER
ae2426,3,2024-11-06T13:21:00Z,Underway Science seawater diaphragm pump,start,"","",41.484157,-70.692465,"",NESLTER
ae2426,6,2024-11-06T13:46:31Z,IFCB continuous,start,"","",41.447452,-70.760245,IFCB115 started,NESLTER
ae2426,14,2024-11-06T16:26:00Z,CTD911,deploy,L1,01,41.197605,-70.882867,added retroactively,NESLTER
ae2426,4,2024-11-06T16:37:53Z,Attune Flow Cytometer,start,"","",41.195428,-70.883682,"",NESLTER
ae2426,8,2024-11-06T17:09:12Z,Bongo Net,deploy,L1,B1,41.18662,-70.88841,"",NESLTER
ae2426,9,2024-11-06T17:17:08Z,Bongo Net,recover,L1,B1,41.183633,-70.885967,ring net got tangled and ripped during deployment so no sample for part of SIA,NESLTER
ae2426,5,2024-11-06T17:48:09Z,Incubation C13,start,L1,01,41.170373,-70.88133,"",NESLTER
ae2426,11,2024-11-06T17:50:00Z,Sting Ray,deploy towed,L1,tow001,41.169622,-70.881007,"",NESLTER
ae2426,7,2024-11-06T18:33:20Z,Incubation Grazing,start,L1,01,41.121703,-70.892113,"",NESLTER
ae2426,12,2024-11-07T01:43:54Z,Sting Ray,recover,L4.5,tow001,40.62089,-70.893632,"",NESLTER
ae2426,13,2024-11-07T05:24:14Z,CTD911,deploy,u2a,02,41.030177,-70.77091,"",NESLTER
ae2426,23,2024-11-07T05:55:00Z,Wx Balloon,deploy,"","",41.033992,-70.760398,Added retroactively,NESLTER
ae2426,15,2024-11-07T07:21:11Z,CTD911,deploy,d2a,03,41.029835,-70.994553,"",NESLTER
ae2426,16,2024-11-07T08:30:00Z,CTD911,deploy,L2,04,41.030642,-70.882982,"",NESLTER
ae2426,19,2024-11-07T09:20:20Z,Bongo Net,deploy,L2,B4,41.02612,-70.889803,"",NESLTER
ae2426,20,2024-11-07T09:30:29Z,Bongo Net,recover,L2,B4,41.023658,-70.894777,ring net cod end lost during deployment so no ring net sample,NESLTER
ae2426,17,2024-11-07T09:32:16Z,Incubation C13,start,L2,04,41.023333,-70.895348,"",NESLTER
ae2426,18,2024-11-07T10:14:18Z,Incubation Grazing,start,L2,04,40.946902,-70.884372,"",NESLTER
ae2426,30,2024-11-07T11:47:00Z,Underway Science seawater diaphragm pump,stop,"","",40.69297,-70.885043,pump stopped to clean suction strainer,NESLTER
ae2426,25,2024-11-07T11:47:00Z,Underway Science seawater impeller,stop,"","",40.69297,-70.885043,pump stopped to clean suction strainer,NESLTER
ae2426,21,2024-11-07T11:50:33Z,Underway Science seawater diaphragm pump,service,"","",40.683215,-70.884795,reduced flow on wet wall stop to investigate sea strainer rinse and reinstall not very fouled,NESLTER
ae2426,29,2024-11-07T11:51:00Z,Underway Science seawater impeller,start,"","",40.682025,-70.884777,pump restarted after suction strainer cleaning,NESLTER
ae2426,28,2024-11-07T11:51:30Z,Underway Science seawater diaphragm pump,start,"","",40.680557,-70.884687,pump restarted after suction strainer cleaning,NESLTER
ae2426,22,2024-11-07T11:56:32Z,Underway Science seawater impeller,start,"","",40.667085,-70.884333,rinsed seastrainer but doesnt appear to have made a difference in flow start sampling again,NESLTER
ae2426,24,2024-11-07T11:57:00Z,Wx Balloon,deploy,"","",40.665697,-70.884348,"",NESLTER
ae2426,27,2024-11-07T12:25:00Z,Underway Science seawater impeller,service,"","",40.588497,-70.882023,strainer upstream of lab sampling ports cleaned line closed for ~3 minutes,NESLTER
ae2426,26,2024-11-07T13:04:00Z,CTD911,deploy,L5,05,40.513022,-70.883612,did not submit at deployment filled in retroactively,NESLTER
ae2426,32,2024-11-07T13:43:26Z,Bongo Net,deploy,L5,B5,40.509693,-70.883835,"",NESLTER
ae2426,33,2024-11-07T13:52:37Z,Bongo Net,recover,L5,B5,40.505472,-70.886275,lots of salps in each net only portion of whole sample used for each net,NESLTER
ae2426,31,2024-11-07T15:05:59Z,Sting Ray,deploy towed,L4.5,tow002,40.624108,-70.883297,"",NESLTER
ae2426,34,2024-11-07T17:02:16Z,Incubation C13,stop,L1,01,40.470743,-70.884645,"",NESLTER
ae2426,36,2024-11-07T17:56:00Z,Wx Balloon,deploy,"","",40.396312,-70.883383,"",NESLTER
ae2426,37,2024-11-07T18:34:52Z,Incubation Grazing,stop,L1,01,40.34127,-70.883675,"",NESLTER
ae2426,38,2024-11-07T19:23:33Z,SUNAV2,sync time,"","",40.27604,-70.883362,first time sync of cruise 1 sec fast from time.windows betwen C5 and 6,NESLTER
ae2426,39,2024-11-07T23:57:00Z,Wx Balloon,deploy,"","",39.907485,-70.883315,"",NESLTER
ae2426,40,2024-11-08T01:54:00Z,Wx Balloon,deploy,"","",39.760007,-70.883667,extra launch over warm side of pinocchio's nose front,NESLTER
ae2426,41,2024-11-08T03:20:12Z,Sting Ray,recover,L11.5,tow002,39.663302,-70.889977,"",NESLTER
ae2426,42,2024-11-08T04:32:44Z,CTD911,deploy,L11,06,39.77158,-70.882887,water collection for John S. Hemiaulus experiment only,NESLTER
ae2426,43,2024-11-08T05:59:00Z,Wx Balloon,deploy,"","",39.77417,-70.77456,"",NESLTER
ae2426,44,2024-11-08T06:18:54Z,CTD911,deploy,u11a,07,39.774395,-70.77464,"",NESLTER
ae2426,52,2024-11-08T07:10:34Z,Incubation C13,start,L11,10,39.773267,-70.829455,"",NESLTER
ae2426,45,2024-11-08T08:01:50Z,CTD911,deploy,u11b,08,39.772027,-70.991697,"",NESLTER
ae2426,46,2024-11-08T08:42:58Z,Incubation C13,stop,L2,04,39.773208,-70.994118,"",NESLTER
ae2426,47,2024-11-08T09:14:01Z,Incubation Grazing,stop,L2,04,39.77341,-70.890167,"",NESLTER
ae2426,55,2024-11-08T09:26:49Z,Bongo Net,deploy,L11,B10,39.77389,-70.88047,"",NESLTER
ae2426,56,2024-11-08T09:53:42Z,Bongo Net,recover,L11,B10,39.773852,-70.864075,ring net had a rip in it so no ring net sample,NESLTER
ae2426,48,2024-11-08T10:11:37Z,CTD911,deploy,L11,09,39.77286,-70.885123,CTD recovered without cast because of faulty conductivity sensors,NESLTER
ae2426,139,2024-11-08T10:16:00Z,CTD911,abort,L11,09,39.772433,-70.885308,bad cond and oxy matchup. recover to flush sensors,NESLTER
ae2426,49,2024-11-08T10:33:56Z,CTD911,deploy,L11,10,39.772623,-70.884945,"",NESLTER
ae2426,62,2024-11-08T11:03:00Z,Thermosalinographs on underway impeller,other,"","",39.770277,-70.88698,flow stopped for strainer cleaning from approx 10:45 until 11:03,NESLTER
ae2426,61,2024-11-08T11:03:00Z,Fluorometers on underway impeller,other,"","",39.770277,-70.88698,flow stopped for strainer cleaning from approx 10:45 until 11:03,NESLTER
ae2426,57,2024-11-08T11:31:14Z,Isaacs-Kidd Midwater Trawl,deploy,L11,tow1,39.769298,-70.890443,"",NESLTER
ae2426,58,2024-11-08T11:40:47Z,Isaacs-Kidd Midwater Trawl,startSample,L11,tow1,39.776167,-70.883525,"",NESLTER
ae2426,59,2024-11-08T12:00:45Z,Isaacs-Kidd Midwater Trawl,stopSample,L11,tow1,39.791427,-70.86626,"",NESLTER
ae2426,51,2024-11-08T12:02:00Z,Wx Balloon,deploy,"","",39.792302,-70.864978,"",NESLTER
ae2426,60,2024-11-08T12:07:10Z,Isaacs-Kidd Midwater Trawl,recover,L11,tow1,39.795155,-70.860435,"",NESLTER
ae2426,53,2024-11-08T12:34:32Z,Sting Ray,deploy towed,L11,tow003,39.778435,-70.886,"",NESLTER
ae2426,54,2024-11-08T12:47:12Z,Incubation Grazing,start,L11,10,39.786923,-70.886813,"",NESLTER
ae2426,84,2024-11-08T16:31:59Z,Sting Ray,recover,L10,tow003,39.951207,-70.883972,recover just north of L10,NESLTER
ae2426,66,2024-11-08T17:02:31Z,Bongo Net,deploy,L10,B11,39.939677,-70.880175,"",NESLTER
ae2426,67,2024-11-08T17:25:25Z,Bongo Net,recover,L10,B11,39.930762,-70.89104,"",NESLTER
ae2426,63,2024-11-08T17:49:40Z,CTD911,deploy,L10,11,39.939223,-70.882682,"",NESLTER
ae2426,64,2024-11-08T17:59:00Z,Wx Balloon,deploy,"","",39.937343,-70.87682,"",NESLTER
ae2426,68,2024-11-08T18:41:41Z,Isaacs-Kidd Midwater Trawl,deploy,L10,tow2,39.927457,-70.863305,"",NESLTER
ae2426,65,2024-11-08T19:10:01Z,Incubation C13,start,L10,11,39.952295,-70.866513,"",NESLTER
ae2426,69,2024-11-08T19:17:26Z,Isaacs-Kidd Midwater Trawl,startSample,L10,tow2,39.957862,-70.86268,"",NESLTER
ae2426,70,2024-11-08T19:37:00Z,Isaacs-Kidd Midwater Trawl,stopSample,L10,tow2,39.972497,-70.850148,"",NESLTER
ae2426,71,2024-11-08T20:07:03Z,Isaacs-Kidd Midwater Trawl,recover,L10,tow2,39.992645,-70.82594,"",NESLTER
ae2426,72,2024-11-08T21:07:00Z,Sting Ray,deploy towed,L10,tow004,39.939563,-70.888975,"",NESLTER
ae2426,83,2024-11-08T23:30:16Z,Sting Ray,recover,L8.75,tow004,40.070792,-70.89034,"",NESLTER
ae2426,73,2024-11-08T23:42:00Z,IFCB continuous,start,"","",40.073238,-70.89511,start ifcb188,NESLTER
ae2426,74,2024-11-09T00:02:00Z,Wx Balloon,deploy,"","",40.070063,-70.904148,"",NESLTER
ae2426,146,2024-11-09T00:20:00Z,IFCB continuous,stop,"","",40.060075,-70.91445,stop IFCB188 to run discrete,NESLTER
ae2426,75,2024-11-09T00:58:00Z,CTD911,deploy,L9,12,40.049507,-70.881295,"",NESLTER
ae2426,79,2024-11-09T01:18:00Z,Underway Science seawater impeller,stop,"","",40.048097,-70.88418,clear jellies,NESLTER
ae2426,80,2024-11-09T01:18:00Z,Underway Science seawater diaphragm pump,stop,"","",40.048097,-70.88418,stopped underway seawater impeller,NESLTER
ae2426,82,2024-11-09T01:22:00Z,Underway Science seawater diaphragm pump,start,"","",40.048168,-70.884538,impeller restarted,NESLTER
ae2426,81,2024-11-09T01:22:00Z,Underway Science seawater impeller,start,"","",40.048168,-70.884538,restarting after cleaning,NESLTER
ae2426,76,2024-11-09T01:45:00Z,Bongo Net,deploy,L9,B12,40.050705,-70.89278,"",NESLTER
ae2426,78,2024-11-09T02:09:00Z,ADCP75,stop,"","",40.05509,-70.908228,stopped working due to electrical issues,NESLTER
ae2426,77,2024-11-09T02:12:00Z,Bongo Net,recover,L9,B12,40.055437,-70.909877,"",NESLTER
ae2426,86,2024-11-09T06:00:00Z,Wx Balloon,abort,"","",40.107725,-70.856038,Launch called off due to strong winds on the bow,NESLTER
ae2426,85,2024-11-09T10:10:48Z,IFCB continuous,start,"","",40.227832,-70.95504,IFCB188 start on underway,NESLTER
ae2426,87,2024-11-09T11:56:00Z,Wx Balloon,deploy,"","",40.062987,-70.883062,"",NESLTER
ae2426,88,2024-11-09T12:46:01Z,Incubation C13,stop,L11,10,39.9657,-70.881523,"",NESLTER
ae2426,89,2024-11-09T13:23:35Z,Incubation Grazing,stop,L11,10,39.915825,-70.883303,"",NESLTER
ae2426,90,2024-11-09T14:17:23Z,MK21 XBT launcher,start,"",01,39.883303,-70.884952,file T0_00001.edf,NESLTER
ae2426,91,2024-11-09T14:55:02Z,MK21 XBT launcher,start,"",02,39.930147,-70.883118,file T0_00002.edf,NESLTER
ae2426,140,2024-11-09T15:15:00Z,MK21 XBT launcher,other,"",03,39.956915,-70.88364,failed launch. time approximate. XBT04 successful at this site,NESLTER
ae2426,92,2024-11-09T15:22:31Z,MK21 XBT launcher,start,"",04,39.96697,-70.883562,file T0_00004.edf,NESLTER
ae2426,93,2024-11-09T15:43:18Z,MK21 XBT launcher,start,"",05,39.993512,-70.883808,file T0_00005.edf,NESLTER
ae2426,141,2024-11-09T16:03:01Z,MK21 XBT launcher,other,"","",40.020538,-70.883845,additional failed XBT launch unsure what cast number. additional xbt launched and saved over file,NESLTER
ae2426,94,2024-11-09T16:03:58Z,MK21 XBT launcher,start,"",06,40.021708,-70.8837,file T0_00006.edf,NESLTER
ae2426,95,2024-11-09T16:30:07Z,MK21 XBT launcher,start,"",07,40.057578,-70.883775,file T0_00007.edf,NESLTER
ae2426,96,2024-11-09T17:01:25Z,MK21 XBT launcher,start,"",08,40.100903,-70.886248,file T0_00008.edf,NESLTER
ae2426,97,2024-11-09T17:23:57Z,MK21 XBT launcher,start,"",09,40.133837,-70.883942,file T0_00009.edf,NESLTER
ae2426,98,2024-11-09T17:46:01Z,Incubation C13,stop,L10,11,40.154162,-70.88736,"",NESLTER
ae2426,99,2024-11-09T18:00:37Z,Wx Balloon,deploy,"","",40.159005,-70.894015,"",NESLTER
ae2426,135,2024-11-09T18:20:00Z,CTD911,deploy,L8,13,40.159312,-70.901877,"",NESLTER
ae2426,136,2024-11-09T18:28:00Z,CTD911,abort,L8,13,40.159087,-70.906095,abort cast file due to modulo errors. plan to make new c14 file to avoid bad data,NESLTER
ae2426,137,2024-11-09T18:29:00Z,CTD911,other,L8,14,40.159035,-70.906605,start new cast file c14 already in water after stopping previous file due to modulo errors,NESLTER
ae2426,138,2024-11-09T18:34:00Z,CTD911,abort,L8,14,40.159178,-70.90939,abort cast and recover. modulo errors again. suspect sea cable issue,NESLTER
ae2426,100,2024-11-09T19:12:48Z,Bongo Net,deploy,L8,B13,40.153588,-70.889165,Ring net with 20um broke so no ring net samples,NESLTER
ae2426,101,2024-11-09T19:33:21Z,Bongo Net,recover,L8,B13,40.162247,-70.89853,"",NESLTER
ae2426,142,2024-11-09T19:53:53Z,MK21 XBT launcher,start,"",10,40.1665,-70.906338,file T0_00010.edf,NESLTER
ae2426,102,2024-11-09T21:10:21Z,Sting Ray,deploy towed,L9,tow005,40.057108,-70.884463,"",NESLTER
ae2426,103,2024-11-10T00:04:00Z,Wx Balloon,deploy,"","",40.215655,-70.887597,"",NESLTER
ae2426,104,2024-11-10T02:10:27Z,Sting Ray,recover,L6.5,tow005,40.327357,-70.88543,"",NESLTER
ae2426,112,2024-11-10T02:38:00Z,Incubation C13,start,L8,16,40.273208,-70.883372,"",NESLTER
ae2426,105,2024-11-10T02:50:11Z,Bongo Net,deploy,L7,B15,40.254212,-70.883678,no ring net samples,NESLTER
ae2426,106,2024-11-10T03:15:52Z,Bongo Net,recover,L7,B15,40.2665,-70.88336,"",NESLTER
ae2426,110,2024-11-10T03:38:00Z,CTD911,deploy,L7,15,40.2565,-70.884218,"",NESLTER
ae2426,107,2024-11-10T04:17:48Z,Isaacs-Kidd Midwater Trawl,deploy,L7,tow3,40.258703,-70.882845,"",NESLTER
ae2426,119,2024-11-10T04:26:55Z,Isaacs-Kidd Midwater Trawl,startSample,L7,tow3,40.26554,-70.881263,"",NESLTER
ae2426,147,2024-11-10T04:40:00Z,IFCB continuous,stop,"","",40.277725,-70.881415,stop IFCB188 to run discrete,NESLTER
ae2426,120,2024-11-10T04:51:50Z,Isaacs-Kidd Midwater Trawl,stopSample,L7,tow3,40.288687,-70.882197,"",NESLTER
ae2426,108,2024-11-10T05:04:36Z,Isaacs-Kidd Midwater Trawl,recover,L7,tow3,40.299995,-70.883475,"",NESLTER
ae2426,109,2024-11-10T05:57:00Z,Wx Balloon,deploy,"","",40.201083,-70.883373,"",NESLTER
ae2426,111,2024-11-10T06:29:57Z,CTD911,deploy,L8,16,40.151443,-70.88377,"",NESLTER
ae2426,113,2024-11-10T08:23:31Z,Incubation Grazing,start,L8,16,40.345973,-70.883295,"",NESLTER
ae2426,117,2024-11-10T08:44:05Z,Bongo Net,deploy,L6,B17,40.361443,-70.883335,no ring net samples,NESLTER
ae2426,118,2024-11-10T09:11:28Z,Bongo Net,recover,L6,B17,40.368295,-70.911952,"",NESLTER
ae2426,114,2024-11-10T09:33:00Z,CTD911,deploy,L6,17,40.363035,-70.881495,"",NESLTER
ae2426,121,2024-11-10T10:14:12Z,Isaacs-Kidd Midwater Trawl,deploy,L6,tow4,40.368667,-70.881318,"",NESLTER
ae2426,122,2024-11-10T10:20:22Z,Isaacs-Kidd Midwater Trawl,startSample,L6,tow4,40.373645,-70.882967,"",NESLTER
ae2426,115,2024-11-10T10:24:32Z,Incubation C13,start,L6,17,40.377622,-70.88358,"",NESLTER
ae2426,123,2024-11-10T10:40:07Z,Isaacs-Kidd Midwater Trawl,stopSample,L6,tow4,40.393055,-70.884252,"",NESLTER
ae2426,116,2024-11-10T10:45:10Z,Incubation Grazing,start,L6,17,40.398235,-70.884442,"",NESLTER
ae2426,124,2024-11-10T10:50:42Z,Isaacs-Kidd Midwater Trawl,recover,L6,tow4,40.403555,-70.884515,"",NESLTER
ae2426,125,2024-11-10T11:56:00Z,Wx Balloon,deploy,"","",40.57991,-70.884472,"",NESLTER
ae2426,126,2024-11-10T12:43:43Z,CTD911,deploy,L4,18,40.69969,-70.884508,"",NESLTER
ae2426,133,2024-11-10T13:26:44Z,Bongo Net,deploy,L4,B18,40.695453,-70.886665,no ring net samples,NESLTER
ae2426,127,2024-11-10T13:34:45Z,Incubation C13,start,L4,18,40.69276,-70.891963,"",NESLTER
ae2426,134,2024-11-10T13:37:52Z,Bongo Net,recover,L4,B18,40.69175,-70.893947,"",NESLTER
ae2426,129,2024-11-10T13:50:58Z,Isaacs-Kidd Midwater Trawl,deploy,L4,tow5,40.693338,-70.888472,"",NESLTER
ae2426,128,2024-11-10T13:52:59Z,Incubation Grazing,start,L4,18,40.694213,-70.886477,"",NESLTER
ae2426,130,2024-11-10T13:58:48Z,Isaacs-Kidd Midwater Trawl,startSample,L4,tow5,40.696613,-70.881085,"",NESLTER
ae2426,131,2024-11-10T14:18:22Z,Isaacs-Kidd Midwater Trawl,stopSample,L4,tow5,40.704182,-70.862697,"",NESLTER
ae2426,132,2024-11-10T14:25:56Z,Isaacs-Kidd Midwater Trawl,recover,L4,tow5,40.707307,-70.856097,"",NESLTER
ae2426,143,2024-11-10T17:11:49Z,Sting Ray,deploy towed,L6.5,tow006,40.337985,-70.883643,"",NESLTER
ae2426,144,2024-11-10T17:57:00Z,Wx Balloon,deploy,"","",40.38803,-70.883597,"",NESLTER
ae2426,145,2024-11-10T19:11:17Z,IFCB continuous,start,"","",40.4653,-70.883598,IFCB188 start on underway,NESLTER
ae2426,150,2024-11-10T23:56:00Z,Wx Balloon,deploy,"","",40.828088,-70.882475,"",NESLTER
ae2426,151,2024-11-11T01:47:30Z,Sting Ray,recover,L2.5,tow006,40.965422,-70.890095,"",NESLTER
ae2426,154,2024-11-11T02:55:46Z,CTD911,deploy,L2,19,41.031525,-70.883332,did L2 again due to wx couldnt get to L3,NESLTER
ae2426,152,2024-11-11T03:14:27Z,Bongo Net,deploy,L2,B19,41.028823,-70.884993,no ring net samples,NESLTER
ae2426,153,2024-11-11T03:23:50Z,Bongo Net,recover,L2,B19,41.025145,-70.890422,"",NESLTER
ae2426,155,2024-11-11T06:31:36Z,Incubation C13,stop,L8,16,41.32228,-70.556973,"",NESLTER
ae2426,156,2024-11-11T06:39:53Z,CTD911,deploy,MVCO,20,41.322682,-70.552213,"",NESLTER
ae2426,157,2024-11-11T07:24:42Z,Incubation Grazing,stop,L8,16,41.3201,-70.602858,"",NESLTER
ae2426,158,2024-11-11T08:32:49Z,Incubation C13,stop,L6,17,41.260365,-70.663837,"",NESLTER
ae2426,159,2024-11-11T09:18:55Z,IFCB continuous,start,"","",41.233207,-70.721212,IFCB188 on underway,NESLTER
ae2426,160,2024-11-11T09:26:49Z,Incubation Grazing,stop,L6,17,41.227768,-70.728748,"",NESLTER
ae2426,161,2024-11-11T10:04:15Z,Incubation C13,stop,L4,18,41.212198,-70.786152,"",NESLTER
ae2426,162,2024-11-11T11:16:04Z,Incubation Grazing,stop,L4,18,41.193432,-70.886368,"",NESLTER
ae2426,163,2024-11-11T13:21:51Z,Attune Flow Cytometer,stop,"","",41.360163,-70.870013,"",NESLTER
ae2426,164,2024-11-11T13:22:17Z,IFCB continuous,stop,"","",41.361048,-70.869185,Stop both IFCB188 and IFCB115 for end of cruise,NESLTER
ae2426,165,2024-11-11T13:47:43Z,Simrad EK-80,stop,"","",41.413308,-70.81255,"",NESLTER
ae2426,166,2024-11-11T14:29:00Z,Underway Science seawater diaphragm pump,stop,"","",41.476743,-70.703832,end of cruise shutdown,NESLTER
ae2426,167,2024-11-11T14:29:10Z,Underway Science seawater impeller,stop,"","",41.476995,-70.703428,end of cruise shutdown,NESLTER
ae2426,168,2024-11-11T14:45:00Z,UHDAS for both ADCPs,stop,"","",41.5024,-70.671248,end of cruise shutdown; approximate GPS time,NESLTER
ae2426,169,2024-11-11T15:00:00Z,Ship,endCruise,"","",41.523435,-70.671788,"",NESLTER
en727,154,2025-01-23T15:01:00Z,SUNAV2,sync time,"","",41.492465,-71.41861,sync a2nd day of mob before any casts,NESLTER
en727,1,2025-01-24T12:13:51Z,MeteorologicalSensor,other,"","",41.49247,-71.418582,Met sensors operating as before,NESLTER
en727,2,2025-01-24T15:06:43Z,Ship,startCruise,"","",41.492225,-71.418013,"",NESLTER
en727,3,2025-01-24T15:06:56Z,Echosounder12,start,"","",41.492163,-71.417905,"",NESLTER
en727,5,2025-01-24T15:08:30Z,Simrad EK-80,start,"","",41.491503,-71.416632,"",NESLTER
en727,11,2025-01-24T15:15:04Z,ADCP300,start,"","",41.48578,-71.41096,"",NESLTER
en727,10,2025-01-24T15:15:34Z,ADCP75,start,"","",41.48534,-71.410502,"",NESLTER
en727,13,2025-01-24T15:15:57Z,UHDAS,start,"","",41.484973,-71.41012,"",NESLTER
en727,6,2025-01-24T16:42:46Z,Attune Flow Cytometer,start,"","",41.335522,-71.224487,"",NESLTER
en727,9,2025-01-24T17:00:01Z,Thermosalinographs on underway impeller,start,"","",41.309237,-71.161475,"",NESLTER
en727,15,2025-01-24T17:00:09Z,Underway Science seawater impeller,start,"","",41.309128,-71.161233,"",NESLTER
en727,12,2025-01-24T17:00:29Z,Thermosalinograph SBE21,start,"","",41.308587,-71.159968,"",NESLTER
en727,16,2025-01-24T17:00:32Z,Underway Science seawater diaphragm pump,start,"","",41.308472,-71.159677,"",NESLTER
en727,14,2025-01-24T17:00:47Z,Fluorometer,start,"","",41.308082,-71.158763,"",NESLTER
en727,7,2025-01-24T17:05:12Z,IFCB continuous,start,"","",41.301583,-71.142623,start both ifcb188 and ifcb115,NESLTER
en727,8,2025-01-24T17:05:40Z,EIMS,start,"","",41.300985,-71.141138,"",NESLTER
en727,166,2025-01-24T17:55:01Z,Underway Science seawater impeller,chl discrete,"","",41.23636,-70.979753,"",NESLTER
en727,17,2025-01-24T18:56:20Z,CTD911,deploy,L1,1,41.196667,-70.887148,"",NESLTER
en727,21,2025-01-24T19:40:09Z,Bongo Net,deploy,L1,B1,41.187185,-70.88991,"",NESLTER
en727,22,2025-01-24T19:44:44Z,Bongo Net,recover,L1,B1,41.186398,-70.892042,"",NESLTER
en727,18,2025-01-24T19:57:22Z,Incubation C13,start,L1,1,41.191215,-70.894973,"",NESLTER
en727,19,2025-01-24T20:27:25Z,Sting Ray,deploy towed,L1,Tow001,41.193905,-70.87654,"",NESLTER
en727,20,2025-01-24T20:27:53Z,Incubation Grazing,start,L1,1,41.19391,-70.876865,"",NESLTER
en727,167,2025-01-24T21:02:00Z,Underway Science seawater impeller,chl discrete,"","",41.158118,-70.883293,"",NESLTER
en727,38,2025-01-24T21:37:00Z,Underway Science seawater diaphragm pump,TOI discrete,"","",41.111263,-70.873558,bottle 844,NESLTER
en727,168,2025-01-24T21:55:47Z,Underway Science seawater impeller,chl discrete,"","",41.087757,-70.882917,"",NESLTER
en727,53,2025-01-24T22:00:00Z,Underway Science seawater diaphragm pump,DO discrete,"","",41.08219,-70.883055,bottle 32,NESLTER
en727,54,2025-01-24T22:06:00Z,Underway Science seawater diaphragm pump,DO discrete,"","",41.074227,-70.883157,bottle 4,NESLTER
en727,39,2025-01-24T22:49:00Z,Underway Science seawater diaphragm pump,TOI discrete,"","",41.015672,-70.883457,bottle 678,NESLTER
en727,55,2025-01-24T23:13:00Z,Underway Science seawater diaphragm pump,DO discrete,"","",40.98228,-70.883313,bottle 2,NESLTER
en727,40,2025-01-24T23:43:00Z,Underway Science seawater diaphragm pump,TOI discrete,"","",40.939857,-70.883285,bottle 640,NESLTER
en727,41,2025-01-25T00:43:00Z,Underway Science seawater diaphragm pump,TOI discrete,"","",40.855832,-70.88323,bottle 471,NESLTER
en727,23,2025-01-25T02:02:27Z,Sting Ray,recover,L3.5,Tow001,40.753317,-70.883292,"",NESLTER
en727,169,2025-01-25T03:40:15Z,Underway Science seawater impeller,chl discrete,"","",40.983563,-70.885092,"",NESLTER
en727,24,2025-01-25T04:13:39Z,CTD911,deploy,L2,2,41.028553,-70.88544,"",NESLTER
en727,42,2025-01-25T04:28:00Z,Underway Science seawater diaphragm pump,TOI discrete,"","",41.02792,-70.887032,bottle 798,NESLTER
en727,43,2025-01-25T04:29:00Z,Underway Science seawater diaphragm pump,TOI discrete,"","",41.027847,-70.887105,bottle 803,NESLTER
en727,27,2025-01-25T04:49:32Z,Bongo Net,deploy,L2,B2,41.029515,-70.893227,"",NESLTER
en727,28,2025-01-25T04:56:25Z,Bongo Net,recover,L2,B2,41.030543,-70.896968,"",NESLTER
en727,26,2025-01-25T05:08:31Z,Incubation C13,start,L2,2,41.032535,-70.894228,"",NESLTER
en727,29,2025-01-25T06:05:38Z,Incubation Grazing,start,L2,2,40.883823,-70.88354,"",NESLTER
en727,45,2025-01-25T07:22:00Z,Underway Science seawater diaphragm pump,TOI discrete,"","",40.69683,-70.821577,bottle 719,NESLTER
en727,30,2025-01-25T07:42:55Z,CTD911,deploy,u4a,3,40.697948,-70.771885,"",NESLTER
en727,47,2025-01-25T09:00:00Z,Underway Science seawater diaphragm pump,TOI discrete,"","",40.696297,-70.981637,bottle 311,NESLTER
en727,170,2025-01-25T09:03:48Z,Underway Science seawater impeller,chl discrete,"","",40.696902,-70.991478,"",NESLTER
en727,48,2025-01-25T09:05:00Z,Underway Science seawater diaphragm pump,TOI discrete,"","",40.696895,-70.99184,bottle 273,NESLTER
en727,31,2025-01-25T09:08:05Z,CTD911,deploy,d4a,4,40.696875,-70.992417,"",NESLTER
en727,56,2025-01-25T10:04:00Z,Underway Science seawater diaphragm pump,DO discrete,"","",40.696057,-70.88471,bottle 1,NESLTER
en727,32,2025-01-25T10:06:00Z,CTD911,deploy,L4,5,40.69593,-70.884733,"",NESLTER
en727,57,2025-01-25T10:11:00Z,Underway Science seawater diaphragm pump,DO discrete,"","",40.695537,-70.884787,bottle 35,NESLTER
en727,58,2025-01-25T10:11:00Z,Underway Science seawater diaphragm pump,DO discrete,"","",40.695537,-70.884787,bottle 25,NESLTER
en727,49,2025-01-25T10:30:00Z,Underway Science seawater diaphragm pump,TOI discrete,"","",40.69595,-70.886328,bottle 261,NESLTER
en727,50,2025-01-25T10:32:00Z,Underway Science seawater diaphragm pump,TOI discrete,"","",40.6961,-70.886515,bottle 714,NESLTER
en727,33,2025-01-25T11:08:26Z,Incubation C13,start,L4,5,40.694417,-70.887598,"",NESLTER
en727,36,2025-01-25T11:13:49Z,Bongo Net,deploy,L4,B5,40.694527,-70.889352,"",NESLTER
en727,37,2025-01-25T11:21:57Z,Bongo Net,recover,L4,B5,40.694643,-70.893072,"",NESLTER
en727,34,2025-01-25T11:33:19Z,Incubation Grazing,start,L4,5,40.694892,-70.894905,"",NESLTER
en727,35,2025-01-25T12:18:57Z,Sting Ray,deploy towed,L3.5,Tow002,40.775077,-70.8829,"",NESLTER
en727,171,2025-01-25T14:20:20Z,Underway Science seawater impeller,chl discrete,"","",40.608057,-70.87856,"",NESLTER
en727,155,2025-01-25T14:30:01Z,SUNAV2,sync time,"","",40.593732,-70.87959,2 sec slow after cast 5,NESLTER
en727,51,2025-01-25T15:30:00Z,Underway Science seawater diaphragm pump,TOI discrete,"","",40.50498,-70.883125,bottle 458,NESLTER
en727,52,2025-01-25T17:15:00Z,Underway Science seawater diaphragm pump,TOI discrete,"","",40.356462,-70.887428,bottle 470,NESLTER
en727,59,2025-01-25T17:38:00Z,Underway Science seawater diaphragm pump,DO discrete,"","",40.323792,-70.883498,bottle 12,NESLTER
en727,60,2025-01-25T17:42:00Z,Underway Science seawater diaphragm pump,DO discrete,"","",40.317943,-70.883805,bottle 22,NESLTER
en727,61,2025-01-25T17:46:00Z,Underway Science seawater diaphragm pump,DO discrete,"","",40.312488,-70.884265,bottle 23,NESLTER
en727,46,2025-01-25T18:27:16Z,Underway Science seawater diaphragm pump,TOI discrete,"","",40.25575,-70.883422,bottle 834,NESLTER
en727,62,2025-01-25T19:03:34Z,Underway Science seawater diaphragm pump,service,"","",40.206918,-70.883348,"",NESLTER
en727,63,2025-01-25T19:14:09Z,Underway Science seawater diaphragm pump,start,"","",40.192982,-70.882998,Start after repair,NESLTER
en727,88,2025-01-25T19:44:00Z,Underway Science seawater diaphragm pump,TOI discrete,"","",40.150542,-70.88301,bottle 805,NESLTER
en727,64,2025-01-25T19:49:13Z,Incubation C13,stop,L1,1,40.143253,-70.88333,"",NESLTER
en727,65,2025-01-25T20:43:58Z,Incubation Grazing,stop,L1,1,40.068868,-70.884187,"",NESLTER
en727,89,2025-01-25T21:02:00Z,Underway Science seawater diaphragm pump,TOI discrete,"","",40.044283,-70.883417,bottle 250,NESLTER
en727,66,2025-01-25T21:13:54Z,Other,other,"","",40.028215,-70.883648,Restarted scs after comport issue from knudsen,NESLTER
en727,67,2025-01-25T21:52:38Z,Echosounder12,other,"","",39.974598,-70.885078,Knudsen periodically not pinging or being sent to scs during troubleshooting of usb port issue,NESLTER
en727,172,2025-01-25T22:14:50Z,Underway Science seawater impeller,chl discrete,"","",39.944658,-70.882212,"",NESLTER
en727,90,2025-01-26T00:17:00Z,Underway Science seawater diaphragm pump,TOI discrete,"","",39.779093,-70.883472,bottle 297,NESLTER
en727,102,2025-01-26T00:22:00Z,Incubation C13,start,L11,6,39.775368,-70.8835,"",NESLTER
en727,85,2025-01-26T01:14:00Z,Underway Science seawater diaphragm pump,DO discrete,"","",39.769802,-70.89863,bottle 35,NESLTER
en727,86,2025-01-26T01:18:00Z,Underway Science seawater diaphragm pump,DO discrete,"","",39.769578,-70.899853,bottle 17,NESLTER
en727,173,2025-01-26T01:18:11Z,Underway Science seawater impeller,chl discrete,"","",39.769523,-70.899943,"",NESLTER
en727,87,2025-01-26T01:21:00Z,Underway Science seawater diaphragm pump,DO discrete,"","",39.769257,-70.900987,bottle 27,NESLTER
en727,68,2025-01-26T01:44:22Z,Sting Ray,recover,L11,Tow002,39.767455,-70.90751,"",NESLTER
en727,71,2025-01-26T02:14:41Z,Isaacs-Kidd Midwater Trawl,deploy,L11,1,39.761712,-70.925833,"",NESLTER
en727,72,2025-01-26T02:26:08Z,Isaacs-Kidd Midwater Trawl,startSample,L11,1,39.760895,-70.940028,"",NESLTER
en727,73,2025-01-26T02:46:43Z,Isaacs-Kidd Midwater Trawl,stopSample,L11,1,39.758997,-70.96815,"",NESLTER
en727,74,2025-01-26T03:01:17Z,Isaacs-Kidd Midwater Trawl,recover,L11,1,39.758567,-70.97708,far from station,NESLTER
en727,69,2025-01-26T03:21:37Z,Incubation C13,stop,L2,2,39.763933,-70.944797,"",NESLTER
en727,70,2025-01-26T04:09:28Z,CTD911,deploy,L11,6,39.77075,-70.88737,"",NESLTER
en727,78,2025-01-26T05:01:36Z,Bongo Net,deploy,L11,B6,39.758963,-70.90185,"",NESLTER
en727,79,2025-01-26T05:29:41Z,Bongo Net,recover,L11,B6,39.74968,-70.911033,"",NESLTER
en727,75,2025-01-26T06:23:37Z,Incubation Grazing,start,L11,6,39.774045,-70.81226,"",NESLTER
en727,76,2025-01-26T06:24:09Z,Incubation Grazing,stop,L2,2,39.773955,-70.8103,"",NESLTER
en727,77,2025-01-26T06:50:30Z,CTD911,deploy,u11a,7,39.774673,-70.77642,"",NESLTER
en727,80,2025-01-26T08:46:29Z,CTD911,deploy,d11a,8,39.77189,-70.993578,"",NESLTER
en727,174,2025-01-26T09:18:40Z,Underway Science seawater impeller,chl discrete,"","",39.76434,-70.998697,"",NESLTER
en727,81,2025-01-26T10:17:21Z,Incubation C13,stop,L4,5,39.821275,-70.883098,"",NESLTER
en727,82,2025-01-26T11:10:58Z,CTD911,deploy,L10,9,39.938407,-70.883908,"",NESLTER
en727,83,2025-01-26T11:17:13Z,Incubation Grazing,stop,L4,5,39.937203,-70.884115,"",NESLTER
en727,92,2025-01-26T12:07:41Z,Bongo Net,deploy,L10,B9,39.926,-70.887362,"",NESLTER
en727,93,2025-01-26T12:32:50Z,Bongo Net,recover,L10,B9,39.915272,-70.890307,"",NESLTER
en727,84,2025-01-26T13:07:00Z,Sting Ray,deploy towed,L10.25,Tow003,39.905225,-70.895602,"",NESLTER
en727,91,2025-01-26T15:08:31Z,Underway Science seawater diaphragm pump,TOI discrete,"","",40.046455,-70.883317,bottle 467,NESLTER
en727,94,2025-01-26T16:55:58Z,Sting Ray,recover,L8,Tow003,40.161817,-70.893727,"",NESLTER
en727,96,2025-01-26T17:10:16Z,Isaacs-Kidd Midwater Trawl,deploy,L8,2,40.160842,-70.899238,"",NESLTER
en727,97,2025-01-26T17:25:52Z,Isaacs-Kidd Midwater Trawl,startSample,L8,2,40.16311,-70.91592,"",NESLTER
en727,98,2025-01-26T17:45:18Z,Isaacs-Kidd Midwater Trawl,stopSample,L8,2,40.166728,-70.937453,"",NESLTER
en727,99,2025-01-26T17:51:46Z,Isaacs-Kidd Midwater Trawl,recover,L8,2,40.167753,-70.942952,"",NESLTER
en727,95,2025-01-26T19:01:45Z,CTD911,deploy,L8,10,40.145365,-70.89279,"",NESLTER
en727,183,2025-01-26T19:05:00Z,Underway Science seawater diaphragm pump,TOI discrete,"","",40.144435,-70.893738,bottle 659,NESLTER
en727,184,2025-01-26T19:08:00Z,Underway Science seawater diaphragm pump,TOI discrete,"","",40.143893,-70.894375,bottle 839,NESLTER
en727,100,2025-01-26T19:27:54Z,Bongo Net,deploy,L8,B10,40.144038,-70.90168,"",NESLTER
en727,106,2025-01-26T19:50:56Z,Bongo Net,recover,L8,B10,40.133442,-70.912437,"",NESLTER
en727,101,2025-01-26T20:02:38Z,Incubation C13,start,L8,10,40.136855,-70.916277,"",NESLTER
en727,103,2025-01-26T21:19:21Z,CTD911,deploy,L9,11,40.042758,-70.89391,"",NESLTER
en727,104,2025-01-26T21:31:54Z,Incubation Grazing,start,L8,10,40.040278,-70.89816,"",NESLTER
en727,107,2025-01-26T21:58:02Z,Bongo Net,deploy,L9,B11,40.040173,-70.910238,"",NESLTER
en727,109,2025-01-26T22:34:36Z,Bongo Net,recover,L9,B11,40.027525,-70.939693,"",NESLTER
en727,175,2025-01-26T22:47:05Z,Underway Science seawater impeller,chl discrete,"","",40.029503,-70.944432,"",NESLTER
en727,185,2025-01-26T23:20:00Z,Underway Science seawater diaphragm pump,TOI discrete,"","",40.046082,-70.871727,bottle 337,NESLTER
en727,105,2025-01-26T23:53:15Z,CTD911,deploy,u9a,12,40.044545,-70.78442,Not exactly at station stop by little ahead because of fishing boats,NESLTER
en727,186,2025-01-27T00:35:00Z,Underway Science seawater diaphragm pump,TOI discrete,"","",40.045663,-70.836333,bottle 615,NESLTER
en727,187,2025-01-27T00:51:00Z,Underway Science seawater diaphragm pump,TOI discrete,"","",40.045802,-70.8907,bottle 769,NESLTER
en727,188,2025-01-27T01:06:00Z,Underway Science seawater diaphragm pump,TOI discrete,"","",40.046155,-70.94251,bottle 468,NESLTER
en727,108,2025-01-27T01:26:21Z,CTD911,deploy,d9a,13,40.045077,-70.99176,"",NESLTER
en727,176,2025-01-27T02:57:39Z,Underway Science seawater impeller,chl discrete,"","",40.123768,-70.882768,"",NESLTER
en727,110,2025-01-27T03:05:28Z,Fluorometer,other,"","",40.147308,-70.882655,wetstar fluorometer reading jumped after pierre too a point sample.  Start troubleshooting.,NESLTER
en727,111,2025-01-27T03:11:03Z,Fluorometer,other,"","",40.164062,-70.882967,Low flow had caused water to not flow to the fluorometer and sbe45 run on the flow though manifold.  Data looks normal again.,NESLTER
en727,112,2025-01-27T03:35:13Z,CTD911,deploy,L7,14,40.236178,-70.883762,"",NESLTER
en727,114,2025-01-27T04:43:44Z,Bongo Net,deploy,L7,B14,40.249742,-70.904918,"",NESLTER
en727,115,2025-01-27T05:00:52Z,Bongo Net,recover,L7,B14,40.248017,-70.91474,"",NESLTER
en727,113,2025-01-27T05:17:09Z,Incubation C13,stop,L11,6,40.252782,-70.90839,"",NESLTER
en727,162,2025-01-27T05:45:00Z,Incubation C13,stop,L8,10,40.315585,-70.882803,"",NESLTER
en727,190,2025-01-27T06:04:00Z,Underway Science seawater diaphragm pump,TOI discrete,"","",40.363887,-70.87711,bottle 569,NESLTER
en727,191,2025-01-27T06:18:00Z,Underway Science seawater diaphragm pump,TOI discrete,"","",40.36405,-70.821667,bottle 145,NESLTER
en727,116,2025-01-27T07:08:29Z,CTD911,deploy,u6a,15,40.364827,-70.773628,"",NESLTER
en727,117,2025-01-27T07:21:04Z,Incubation Grazing,stop,L11,6,40.364543,-70.779965,"",NESLTER
en727,192,2025-01-27T07:38:00Z,Underway Science seawater diaphragm pump,TOI discrete,"","",40.364098,-70.83373,bottle 562,NESLTER
en727,193,2025-01-27T07:49:00Z,Underway Science seawater diaphragm pump,TOI discrete,"","",40.36262,-70.875652,bottle 794,NESLTER
en727,194,2025-01-27T08:09:00Z,Underway Science seawater diaphragm pump,TOI discrete,"","",40.363648,-70.951312,bottle 557,NESLTER
en727,195,2025-01-27T08:22:00Z,Underway Science seawater diaphragm pump,TOI discrete,"","",40.363475,-70.992005,bottle 698,NESLTER
en727,118,2025-01-27T08:26:55Z,CTD911,deploy,d6a,16,40.364278,-70.992213,"",NESLTER
en727,128,2025-01-27T09:28:43Z,Bongo Net,deploy,L6,B17,40.363617,-70.882445,"",NESLTER
en727,129,2025-01-27T09:41:09Z,Bongo Net,recover,L6,B17,40.359815,-70.88535,"",NESLTER
en727,119,2025-01-27T09:56:40Z,CTD911,deploy,L6,17,40.364643,-70.882692,Cast aborted because fishing boat,NESLTER
en727,153,2025-01-27T10:07:00Z,CTD911,abort,L6,17,40.36306,-70.881395,full down up profile collected aborted due to fishing gear dangerously close to ship,NESLTER
en727,120,2025-01-27T10:20:26Z,CTD911,deploy,L6,18,40.362127,-70.883007,"",NESLTER
en727,124,2025-01-27T11:05:08Z,Isaacs-Kidd Midwater Trawl,deploy,L6,3,40.353503,-70.884665,"",NESLTER
en727,125,2025-01-27T11:14:37Z,Isaacs-Kidd Midwater Trawl,startSample,L6,3,40.347548,-70.886325,"",NESLTER
en727,121,2025-01-27T11:19:37Z,Incubation C13,start,L6,18,40.34271,-70.885587,"",NESLTER
en727,126,2025-01-27T11:34:21Z,Isaacs-Kidd Midwater Trawl,stopSample,L6,3,40.328228,-70.88303,"",NESLTER
en727,127,2025-01-27T11:42:46Z,Isaacs-Kidd Midwater Trawl,recover,L6,3,40.321552,-70.88449,"",NESLTER
en727,122,2025-01-27T12:24:14Z,Incubation Grazing,start,L6,18,40.250693,-70.894588,"",NESLTER
en727,196,2025-01-27T12:27:00Z,Underway Science seawater diaphragm pump,TOI discrete,"","",40.244088,-70.898232,bottle 383,NESLTER
en727,123,2025-01-27T13:10:45Z,Sting Ray,deploy towed,L8,Tow004,40.14856,-70.889142,"",NESLTER
en727,189,2025-01-27T14:26:15Z,Underway Science seawater diaphragm pump,TOI discrete,"","",40.23048,-70.883627,bottle 137,NESLTER
en727,200,2025-01-27T15:45:00Z,Underway Science seawater diaphragm pump,DO discrete,"","",40.330195,-70.883752,bottle 32,NESLTER
en727,NaN,2025-01-27T15:49:00Z,Underway Science seawater diaphragm pump,DO discrete,"","",40.3357,-70.8838,bottle 4,NESLTER
en727,202,2025-01-27T15:52:00Z,Underway Science seawater diaphragm pump,DO discrete,"","",40.33977,-70.88371,bottle 2,NESLTER
en727,177,2025-01-27T16:13:02Z,Underway Science seawater impeller,chl discrete,"","",40.369068,-70.883772,"",NESLTER
en727,197,2025-01-27T18:04:00Z,Underway Science seawater diaphragm pump,TOI discrete,"","",40.516348,-70.887323,bottle 702,NESLTER
en727,130,2025-01-27T18:20:21Z,Sting Ray,recover,L5,Tow004,40.515495,-70.896558,"",NESLTER
en727,131,2025-01-27T18:30:57Z,Isaacs-Kidd Midwater Trawl,deploy,L5,4,40.515002,-70.901658,"",NESLTER
en727,132,2025-01-27T18:41:56Z,Isaacs-Kidd Midwater Trawl,startSample,L5,4,40.514482,-70.914042,"",NESLTER
en727,133,2025-01-27T19:01:33Z,Isaacs-Kidd Midwater Trawl,stopSample,L5,4,40.513662,-70.938523,"",NESLTER
en727,134,2025-01-27T19:09:55Z,Isaacs-Kidd Midwater Trawl,recover,L5,4,40.513295,-70.948215,"",NESLTER
en727,178,2025-01-27T19:26:26Z,Underway Science seawater impeller,chl discrete,"","",40.514007,-70.954238,"",NESLTER
en727,135,2025-01-27T20:16:40Z,CTD911,deploy,L5,19,40.509293,-70.886983,"",NESLTER
en727,179,2025-01-27T20:28:49Z,Underway Science seawater impeller,chl discrete,"","",40.506953,-70.891958,"",NESLTER
en727,138,2025-01-27T20:34:00Z,Bongo Net,deploy,L5,B19,40.503928,-70.894147,"",NESLTER
en727,139,2025-01-27T20:44:14Z,Bongo Net,recover,L5,B19,40.498573,-70.897528,"",NESLTER
en727,136,2025-01-27T21:01:38Z,Sting Ray,deploy towed,L5,Tow005,40.490548,-70.905055,"",NESLTER
en727,137,2025-01-27T21:53:31Z,Incubation Grazing,stop,L8,10,40.534982,-70.883027,"",NESLTER
en727,180,2025-01-28T01:37:09Z,Underway Science seawater impeller,chl discrete,"","",40.844037,-70.883048,"",NESLTER
en727,140,2025-01-28T02:00:00Z,Sting Ray,recover,L3,Tow005,40.835465,-70.893507,"",NESLTER
en727,141,2025-01-28T02:37:01Z,CTD911,deploy,L3,20,40.858583,-70.877702,"",NESLTER
en727,142,2025-01-28T02:58:07Z,Bongo Net,deploy,L3,B20,40.849697,-70.875462,"",NESLTER
en727,143,2025-01-28T03:08:00Z,Bongo Net,recover,L3,B20,40.844243,-70.876382,"",NESLTER
en727,198,2025-01-28T05:23:00Z,Underway Science seawater diaphragm pump,TOI discrete,"","",41.021938,-70.877405,bottle 325,NESLTER
en727,181,2025-01-28T08:17:32Z,Underway Science seawater impeller,chl discrete,"","",41.29713,-70.607083,"",NESLTER
en727,146,2025-01-28T09:24:36Z,Bongo Net,deploy,MVCO,B21,41.304887,-70.573132,"",NESLTER
en727,147,2025-01-28T09:28:56Z,Bongo Net,recover,MVCO,B21,41.303433,-70.573442,"",NESLTER
en727,144,2025-01-28T09:48:47Z,CTD911,deploy,MVCO,21,41.29833,-70.571565,"",NESLTER
en727,145,2025-01-28T09:50:00Z,IFCB continuous,stop,"","",41.298075,-70.57145,stop IFCB188 leave IFCB115 running,NESLTER
en727,199,2025-01-28T10:28:00Z,Underway Science seawater diaphragm pump,TOI discrete,"","",41.290695,-70.5743,bottle 285,NESLTER
en727,148,2025-01-28T11:42:45Z,Incubation C13,stop,L6,18,41.224662,-70.702477,"",NESLTER
en727,149,2025-01-28T11:43:09Z,Incubation Grazing,stop,L6,18,41.224227,-70.703273,"",NESLTER
en727,150,2025-01-28T13:29:54Z,Simrad EK-80,stop,"","",41.192387,-70.933857,end of transect line for cruise,NESLTER
en727,151,2025-01-28T14:13:30Z,Attune Flow Cytometer,stop,"","",41.241618,-71.026707,"",NESLTER
en727,152,2025-01-28T14:14:01Z,IFCB continuous,stop,"","",41.242142,-71.027772,stop IFCB115 both instr now stopped,NESLTER
en727,182,2025-01-28T15:00:00Z,EIMS,stop,"","",41.2899,-71.1273,"",NESLTER
en727,156,2025-01-28T15:38:03Z,Thermosalinographs on underway impeller,end,"","",41.339377,-71.210435,"",NESLTER
en727,158,2025-01-28T15:39:02Z,Fluorometers on underway impeller,stop,"","",41.34097,-71.212627,"",NESLTER
en727,159,2025-01-28T15:39:27Z,Thermosalinograph SBE21,end,"","",41.341637,-71.213455,"",NESLTER
en727,160,2025-01-28T15:39:44Z,Underway Science seawater impeller,stop,"","",41.34211,-71.214098,"",NESLTER
en727,161,2025-01-28T15:45:41Z,Underway Science seawater diaphragm pump,stop,"","",41.351915,-71.226983,"",NESLTER
en727,163,2025-01-28T17:34:29Z,ADCP75,stop,"","",41.421597,-71.417272,"",NESLTER
en727,164,2025-01-28T17:34:58Z,ADCP300,stop,"","",41.421645,-71.417395,"",NESLTER
en727,165,2025-01-28T17:35:24Z,UHDAS,stop,"","",41.421672,-71.41749,"",NESLTER
en727,203,2025-01-28T20:26:06Z,Echosounder12,stop,"","",41.492572,-71.418622,"",NESLTER
en727,204,2025-01-28T20:26:54Z,MeteorologicalSensor,other,"","",41.492513,-71.418602,Met sensors continue to run,NESLTER
ar87a,1,2025-03-28T13:49:47Z,Ship,startCruise,"","",41.524012,-70.672319,Leg 1 AR87a,OOI Pioneer
ar87a,2,2025-03-28T13:50:07Z,UHDAS,start,"","",41.524009,-70.672349,"",OOI Pioneer
ar87a,3,2025-03-28T13:50:59Z,HZG Wave Radar,start,"","",41.523886,-70.672504,"",OOI Pioneer
ar87a,4,2025-03-28T14:02:48Z,EM712,start,"","",41.502682,-70.667762,"",OOI Pioneer
ar87a,5,2025-03-28T15:13:07Z,Underway Science seawater,start,"","",41.444278,-70.76797,"",OOI Pioneer
ar87a,6,2025-03-28T15:44:21Z,IFCB continuous,start,"","",41.387605,-70.870935,IFCB115,OOI Pioneer
ar87a,7,2025-03-28T15:44:35Z,Attune Flow Cytometer,start,"","",41.387151,-70.871678,"",OOI Pioneer
ar87a,8,2025-03-28T17:12:17Z,IFCB continuous,start,"","",41.152598,-70.890169,OOI IFCB 200 underway sampling started,OOI Pioneer
ar87a,9,2025-03-28T18:12:26Z,IFCB continuous,start,"","",40.990474,-70.883071,IFCB218,OOI Pioneer
ar87a,13,2025-03-28T18:13:38Z,CTD911,recover,LTER L6,001,40.987311,-70.883114,CTD on deck,OOI Pioneer
ar87a,10,2025-03-28T18:32:37Z,Valeport SVS,start,"","",40.935387,-70.883669,"",OOI Pioneer
ar87a,17,2025-03-28T20:00:00Z,IFCB continuous,start,"","",40.693709,-70.884747,IFCB101,OOI Pioneer
ar87a,11,2025-03-28T21:59:17Z,CTD911,deploy,LTER L6,001,40.363151,-70.883075,ctd off deck,OOI Pioneer
ar87a,12,2025-03-28T22:07:00Z,CTD911,maxDepth,LTER L6,001,40.363195,-70.883154,max depth 90 m,OOI Pioneer
ar87a,186,2025-03-28T22:20:00Z,IFCB continuous,stop,"","",40.356256,-70.884084,IFCB101 & IFCB218 stop for discretes,OOI Pioneer
ar87a,14,2025-03-28T23:35:02Z,CTD911,deploy,LTER L8,002,40.151316,-70.882787,CTD off deck,OOI Pioneer
ar87a,15,2025-03-28T23:44:26Z,CTD911,maxDepth,LTER L8,002,40.150959,-70.881935,max depth 132,OOI Pioneer
ar87a,16,2025-03-28T23:53:55Z,CTD911,recover,L8,002,40.150577,-70.881012,CTD on deck,OOI Pioneer
ar87a,18,2025-03-29T01:12:41Z,CTD911,deploy,LTER L10,003,39.939925,-70.884036,CTD off deck,OOI Pioneer
ar87a,19,2025-03-29T01:29:04Z,CTD911,maxDepth,LTER L10,003,39.940226,-70.884544,max depth 436 m,OOI Pioneer
ar87a,20,2025-03-29T01:41:42Z,CTD911,recover,L10,003,39.940235,-70.884552,CTD on deck,OOI Pioneer
ar87a,188,2025-03-29T03:50:00Z,IFCB continuous,start,"","",39.691067,-71.110891,IFCB101 & IFCB218,OOI Pioneer
ar87a,21,2025-03-29T14:58:30Z,EM712,start,"","",38.936976,-72.937653,"",OOI Pioneer
ar87a,24,2025-03-30T17:58:07Z,Other,end,"","",35.84957,-74.807632,test,OOI Pioneer
ar87a,25,2025-03-30T18:02:32Z,Other,other,"","",35.8496,-74.807751,"",OOI Pioneer
ar87a,26,2025-03-30T18:44:23Z,CTD911,deploy,Glider deploy site: 564 and 376,004,35.849748,-74.808248,ctd off deck,OOI Pioneer
ar87a,27,2025-03-30T19:05:24Z,CTD911,maxDepth,Glider deploy site: 564 and 376,004,35.84946,-74.806734,max depth 500 m,OOI Pioneer
ar87a,28,2025-03-30T19:42:19Z,CTD911,recover,Glider deploy site: 564 and 376,004,35.849069,-74.80433,CTD on deck,OOI Pioneer
ar87a,187,2025-03-30T21:00:00Z,IFCB continuous,stop,"","",35.763937,-74.836611,IFCB101 & IFCB218 stop for discretes,OOI Pioneer
ar87a,29,2025-03-30T21:16:58Z,IFCB continuous,stop,"","",35.779207,-74.829504,OOI IFCB 200 underway sampling stopped for discrete sampling,OOI Pioneer
ar87a,189,2025-03-31T00:30:00Z,IFCB continuous,start,"","",35.720765,-74.849125,IFCB101 & IFCB218,OOI Pioneer
ar87a,33,2025-03-31T00:39:24Z,CTD911,deploy,SOSM,005,35.72062,-74.848405,CTD off deck,OOI Pioneer
ar87a,34,2025-03-31T00:52:19Z,CTD911,maxDepth,SOSM,005,35.720385,-74.847046,max depth 95 m,OOI Pioneer
ar87a,35,2025-03-31T01:17:22Z,CTD911,recover,SOSM,005,35.720027,-74.845189,CTD on deck,OOI Pioneer
ar87a,190,2025-03-31T03:00:00Z,IFCB continuous,stop,"","",35.727195,-74.8458,IFCB101 stop for discretes,OOI Pioneer
ar87a,191,2025-03-31T04:30:00Z,IFCB continuous,start,"","",35.727249,-74.845773,IFCB101,OOI Pioneer
ar87a,37,2025-03-31T06:01:53Z,IFCB continuous,start,"","",35.727267,-74.845786,OOI IFCB 200 underway sampling started,OOI Pioneer
ar87a,39,2025-03-31T11:26:38Z,LISST,other,"","",35.845544,-74.847923,Small battery changed,OOI Pioneer
ar87a,40,2025-03-31T12:07:29Z,LISST,other,"","",35.858788,-74.841423,Sampling program started for cast 006,OOI Pioneer
ar87a,45,2025-03-31T14:35:18Z,CTD911,deploy,SE,006,35.843336,-74.847546,CTD off deck; SE site center,OOI Pioneer
ar87a,47,2025-03-31T14:54:56Z,CTD911,maxDepth,SE,006,35.843238,-74.846571,max depth 251 m,OOI Pioneer
ar87a,46,2025-03-31T15:05:22Z,CTD911,recover,SE,006,35.84323,-74.846029,CTD on deck,OOI Pioneer
ar87a,52,2025-03-31T15:29:11Z,CTD911,deploy,SE,007,35.843142,-74.843857,CTD off deck,OOI Pioneer
ar87a,48,2025-03-31T15:42:49Z,CTD911,maxDepth,"","",35.842961,-74.84207,"",OOI Pioneer
ar87a,51,2025-03-31T15:42:59Z,CTD911,maxDepth,SE,007,35.842961,-74.842052,max depth 294 m,OOI Pioneer
ar87a,50,2025-03-31T16:09:06Z,CTD911,recover,SE,007,35.842613,-74.840093,CTD on deck,OOI Pioneer
ar87a,192,2025-03-31T17:50:00Z,IFCB continuous,stop,"","",35.854497,-74.85121,IFCB101 & IFCB218 stop for discretes,OOI Pioneer
ar87a,55,2025-03-31T17:51:20Z,IFCB continuous,stop,"","",35.854506,-74.851224,OOI IFCB 200 underway sampling stopped for discrete sampling,OOI Pioneer
ar87a,57,2025-03-31T21:23:15Z,IFCB continuous,start,"","",35.855204,-74.853188,OOI IFCB 200 underway sampling started,OOI Pioneer
ar87a,193,2025-03-31T22:38:00Z,IFCB continuous,start,"","",35.855359,-74.854307,IFCB218,OOI Pioneer
ar87a,58,2025-04-01T00:06:36Z,UHDAS,stop,"","",35.738862,-74.853058,"",OOI Pioneer
ar87a,59,2025-04-01T00:07:19Z,EK80 broadband,start,SOSM,"",35.738853,-74.853122,"",OOI Pioneer
ar87a,60,2025-04-01T00:42:49Z,EK80 broadband,other,SOSM,"",35.721481,-74.833436,passive at end of pass 1 before sosm 1 and 2,OOI Pioneer
ar87a,36,2025-04-01T01:16:39Z,METBK,start,SOSM,"",35.728265,-74.847022,SOSM METBK comparison started,OOI Pioneer
ar87a,194,2025-04-01T01:43:00Z,IFCB continuous,start,"","",35.728278,-74.846974,IFCB101,OOI Pioneer
ar87a,63,2025-04-01T08:50:00Z,Underway Science seawater,other,"","",35.728244,-74.846934,"",OOI Pioneer
ar87a,61,2025-04-01T10:13:21Z,EK80 broadband,other,SOSM,"",35.728461,-74.846888,passive,OOI Pioneer
ar87a,62,2025-04-01T10:23:35Z,EK80 broadband,stop,SOSM,"",35.728456,-74.8469,"",OOI Pioneer
ar87a,64,2025-04-01T12:36:31Z,Underway Science seawater,service,"","",35.728274,-74.847255,Flow through wall clog cleared,OOI Pioneer
ar87a,67,2025-04-01T18:01:22Z,Eppley PIR,other,"","",35.860352,-74.83595,LWR sensor is broken,OOI Pioneer
ar87a,68,2025-04-01T20:28:28Z,LISST,other,"","",36.162246,-74.766749,Small battery changed,OOI Pioneer
ar87a,69,2025-04-01T20:29:37Z,LISST,other,"","",36.162234,-74.766745,Sampling program started for cast 008,OOI Pioneer
ar87a,71,2025-04-01T22:31:07Z,CTD911,deploy,Glider deploy site: 339,008,36.162878,-74.766682,CTD off deck,OOI Pioneer
ar87a,72,2025-04-01T22:40:18Z,CTD911,maxDepth,Glider deploy site: 339,008,36.16304,-74.767002,max depth 202 m,OOI Pioneer
ar87a,73,2025-04-01T23:00:36Z,CTD911,recover,Glider deploy site: 339,008,36.163491,-74.767934,CTD on deck,OOI Pioneer
ar87a,195,2025-04-01T23:45:19Z,IFCB continuous,stop,"","",36.062474,-74.750431,IFCB101 & IFCB218 stop for discretes,OOI Pioneer
ar87a,74,2025-04-02T00:01:00Z,IFCB continuous,stop,"","",36.018473,-74.745816,OOI IFCB 200 underway sampling stopped for discrete sampling,OOI Pioneer
ar87a,76,2025-04-02T00:40:27Z,CTD911,deploy,Glider recovery site: 514,009,36.012162,-74.745576,CTD off deck,OOI Pioneer
ar87a,77,2025-04-02T00:56:48Z,CTD911,maxDepth,Glider recovery site: 514,009,36.012821,-74.745379,max depth 612 m,OOI Pioneer
ar87a,78,2025-04-02T01:26:28Z,CTD911,recover,Glider recovery site: 514,009,36.011113,-74.746715,CTD on deck,OOI Pioneer
ar87a,79,2025-04-02T03:10:44Z,IFCB continuous,start,"","",35.794295,-74.821791,OOI IFCB 200 underway sampling started,OOI Pioneer
ar87a,80,2025-04-02T03:45:02Z,METBK,start,NOSM,"",35.726616,-74.8472,Arrive at NOSM moorings for overnight Met survey,OOI Pioneer
ar87a,196,2025-04-02T05:05:00Z,IFCB continuous,start,"","",35.726612,-74.847182,IFCB101 & IFCB218,OOI Pioneer
ar87a,81,2025-04-02T06:00:00Z,Underway Science seawater,other,"","",35.726595,-74.847188,Water wall clogged,OOI Pioneer
ar87a,82,2025-04-02T09:45:25Z,Underway Science seawater,other,"","",35.95052,-75.131322,flow through wall unclogged,OOI Pioneer
ar87a,83,2025-04-02T12:01:13Z,LISST,other,"","",35.937436,-75.150126,small battery changed,OOI Pioneer
ar87a,84,2025-04-02T12:01:57Z,LISST,other,"","",35.937483,-75.150115,sampling program started for cast 10,OOI Pioneer
ar87a,87,2025-04-02T13:31:41Z,SUNAV2,Sync time,"","",35.945932,-75.13787,approx 1 sec slow sync before C10,OOI Pioneer
ar87a,89,2025-04-02T14:31:32Z,CTD911,deploy,CNSM,010,35.9492,-75.125713,CTD off deck,OOI Pioneer
ar87a,90,2025-04-02T14:40:27Z,CTD911,maxDepth,CNSM,010,35.949203,-75.125717,max depth 28 m,OOI Pioneer
ar87a,91,2025-04-02T14:52:20Z,CTD911,recover,CNSM,010,35.949197,-75.125727,CTD on deck,OOI Pioneer
ar87a,197,2025-04-02T16:15:00Z,IFCB continuous,stop,"","",35.94946,-75.125873,IFCB101 & IFCB218 stop for discretes,OOI Pioneer
ar87a,93,2025-04-02T16:38:39Z,IFCB continuous,stop,"","",35.949467,-75.125882,OOI IFCB 200 underway sampling stopped for discrete sampling,OOI Pioneer
ar87a,95,2025-04-02T18:11:40Z,LISST,other,"","",36.016643,-75.03501,Sampling program started for cast 011,OOI Pioneer
ar87a,198,2025-04-02T21:00:09Z,IFCB continuous,start,"","",36.169615,-74.840232,IFCB101 & IFCB218,OOI Pioneer
ar87a,97,2025-04-02T21:08:46Z,IFCB continuous,start,"","",36.170693,-74.838654,OOI IFCB 200 underway sampling started,OOI Pioneer
ar87a,99,2025-04-02T21:59:50Z,CTD911,deploy,NOSM,011,36.179454,-74.819533,CTD off deck,OOI Pioneer
ar87a,100,2025-04-02T22:06:03Z,CTD911,maxDepth,NOSM,011,36.180127,-74.819642,max depth 98 m,OOI Pioneer
ar87a,101,2025-04-02T22:23:57Z,CTD911,recover,NOSM,011,36.182038,-74.819981,CTD on deck,OOI Pioneer
ar87a,104,2025-04-02T23:16:39Z,UHDAS,stop,"","",36.173137,-74.826732,"",OOI Pioneer
ar87a,199,2025-04-02T23:30:01Z,IFCB continuous,stop,"","",36.173042,-74.842935,IFCB101 & IFCB218 stop for discretes,OOI Pioneer
ar87a,105,2025-04-03T00:00:41Z,EK80 broadband,start,NOSM,"",36.173193,-74.842499,passive start,OOI Pioneer
ar87a,106,2025-04-03T00:09:53Z,IFCB continuous,stop,"","",36.173158,-74.842653,OOI IFCB 200 underway sampling stopped for discrete sampling,OOI Pioneer
ar87a,107,2025-04-03T00:37:46Z,EK80 broadband,stop,NOSM,"",36.173703,-74.809941,passive end line/start for overnight,OOI Pioneer
ar87a,108,2025-04-03T03:07:50Z,IFCB continuous,start,"","",36.173303,-74.829011,OOI IFCB 200 underway sampling started,OOI Pioneer
ar87a,200,2025-04-03T03:20:31Z,IFCB continuous,start,"","",36.173301,-74.829013,IFCB101 & IFCB218,OOI Pioneer
ar87a,109,2025-04-03T09:47:13Z,EK80 broadband,other,NOSM,"",35.77347,-74.857647,passive,OOI Pioneer
ar87a,110,2025-04-03T09:55:44Z,EK80 broadband,stop,NOSM,"",35.749301,-74.853667,"",OOI Pioneer
ar87a,111,2025-04-03T10:15:01Z,UHDAS,start,"","",35.732755,-74.850985,"",OOI Pioneer
ar87a,112,2025-04-03T10:15:10Z,EM712,start,"","",35.732755,-74.850998,"",OOI Pioneer
ar87a,118,2025-04-03T18:40:22Z,AUV,deploy,AC-1,"",35.93941,-75.303115,AUV 06263 Rogers in water at AC-1,OOI Pioneer
ar87a,117,2025-04-03T18:51:30Z,AUV,deploy,AC-1,"",35.939411,-75.303114,AUV mission start: AUV 06263 Rogers at AC-1,OOI Pioneer
ar87a,115,2025-04-03T18:51:49Z,LISST,other,"","",35.939401,-75.303116,Small battery changed,OOI Pioneer
ar87a,116,2025-04-03T18:52:33Z,LISST,other,"","",35.939404,-75.303116,Sampling program started for cast 012 onwards,OOI Pioneer
ar87a,119,2025-04-03T19:13:59Z,CTD911,deploy,AC-1,012,35.935947,-75.305813,CTD off deck,OOI Pioneer
ar87a,120,2025-04-03T19:19:33Z,CTD911,maxDepth,AC-1,012,35.935919,-75.305809,max depth 15 m,OOI Pioneer
ar87a,121,2025-04-03T19:30:17Z,CTD911,recover,AC-1,012,35.935908,-75.305805,CTD on deck,OOI Pioneer
ar87a,201,2025-04-03T22:15:00Z,IFCB continuous,stop,"","",36.10686,-75.031751,IFCB101 & IFCB218 stop for discretes,OOI Pioneer
ar87a,123,2025-04-03T23:17:04Z,AUV,deploy,AL-1,"",36.177784,-74.961552,AUV 06264 Scotland in water at AL-1,OOI Pioneer
ar87a,122,2025-04-03T23:31:11Z,AUV,deploy,AL-1,"",36.177777,-74.961539,AUV mission start: AUV 06264 Scotland at AL-1,OOI Pioneer
ar87a,124,2025-04-04T00:01:29Z,CTD911,deploy,AL-1,013,36.175462,-74.964183,CTD off deck,OOI Pioneer
ar87a,125,2025-04-04T00:12:14Z,CTD911,maxDepth,AL-1,013,36.175377,-74.963872,max depth 31 m,OOI Pioneer
ar87a,126,2025-04-04T00:17:45Z,CTD911,recover,AL-1,013,36.175332,-74.963583,CTD on deck,OOI Pioneer
ar87a,202,2025-04-04T02:30:01Z,IFCB continuous,start,"","",36.167596,-74.831917,IFCB101,OOI Pioneer
ar87a,127,2025-04-04T02:40:27Z,CTD911,deploy,NO,014,36.170644,-74.824128,ctd off deck,OOI Pioneer
ar87a,128,2025-04-04T02:48:50Z,CTD911,maxDepth,NO,014,36.170641,-74.824129,max depth 97m,OOI Pioneer
ar87a,129,2025-04-04T02:54:05Z,CTD911,recover,NO,014,36.170681,-74.824265,ctd on deck,OOI Pioneer
ar87a,130,2025-04-04T03:31:25Z,CTD911,deploy,AS-1,015,36.099085,-74.837201,ctd off deck,OOI Pioneer
ar87a,131,2025-04-04T03:39:53Z,CTD911,maxDepth,AS-1,015,36.099072,-74.837226,max depth 95m,OOI Pioneer
ar87a,132,2025-04-04T03:48:50Z,CTD911,recover,AS-1,015,36.098929,-74.836769,ctd on deck,OOI Pioneer
ar87a,133,2025-04-04T04:26:52Z,CTD911,deploy,AS-2,016,36.024497,-74.834636,ctd off deck,OOI Pioneer
ar87a,134,2025-04-04T04:36:57Z,CTD911,maxDepth,AS-2,016,36.024652,-74.834975,max depth 95m,OOI Pioneer
ar87a,135,2025-04-04T04:43:28Z,CTD911,recover,AS-2,016,36.024701,-74.835054,ctd on deck,OOI Pioneer
ar87a,136,2025-04-04T05:25:03Z,CTD911,deploy,EA,017,35.948402,-74.845323,ctd off deck,OOI Pioneer
ar87a,137,2025-04-04T05:33:27Z,CTD911,maxDepth,EA,017,35.94864,-74.845728,max depth 95m,OOI Pioneer
ar87a,138,2025-04-04T05:40:37Z,CTD911,recover,EA,017,35.948907,-74.846163,ctd on deck,OOI Pioneer
ar87a,203,2025-04-04T06:09:25Z,IFCB continuous,start,"","",35.997989,-74.799502,IFCB218,OOI Pioneer
ar87a,139,2025-04-04T09:20:06Z,CTD911,deploy,AS-3,018,35.876448,-74.873317,CTD off deck,OOI Pioneer
ar87a,140,2025-04-04T09:29:03Z,CTD911,maxDepth,AS-3,018,35.876438,-74.873312,max depth 94.2 m,OOI Pioneer
ar87a,141,2025-04-04T09:33:12Z,CTD911,recover,AS-3,018,35.876449,-74.873318,CTD on deck,OOI Pioneer
ar87a,142,2025-04-04T09:42:58Z,PCO2,service,"","",35.873036,-74.873105,cleaning filter,OOI Pioneer
ar87a,143,2025-04-04T09:49:21Z,PCO2,service,"","",35.857101,-74.87461,clean filter complete,OOI Pioneer
ar87a,150,2025-04-04T09:50:00Z,LISST,other,"","",35.855381,-74.874733,Small battery changed,OOI Pioneer
ar87a,151,2025-04-04T09:50:00Z,LISST,other,"","",35.855381,-74.874733,Sampling program started for cast 019 and 020,OOI Pioneer
ar87a,144,2025-04-04T10:45:08Z,CTD911,deploy,AS-4,019,35.799539,-74.878023,CTD off deck,OOI Pioneer
ar87a,145,2025-04-04T10:55:35Z,CTD911,maxDepth,AS-4,019,35.799411,-74.877792,max depth 92 m,OOI Pioneer
ar87a,146,2025-04-04T11:05:06Z,CTD911,recover,AS-4,019,35.799389,-74.877731,CTD on deck,OOI Pioneer
ar87a,147,2025-04-04T12:28:30Z,CTD911,deploy,SO,20,35.724351,-74.853344,ctd off deck,OOI Pioneer
ar87a,148,2025-04-04T12:36:05Z,CTD911,maxDepth,SO,020,35.724344,-74.853344,max depth 92 m,OOI Pioneer
ar87a,149,2025-04-04T12:46:02Z,CTD911,recover,SO,020,35.724361,-74.853359,CTD on deck,OOI Pioneer
ar87a,152,2025-04-04T13:32:02Z,LISST,other,"","",35.724346,-74.853357,Sampling program started for cast 021 and 022,OOI Pioneer
ar87a,156,2025-04-04T18:53:03Z,AUV,recover,AC-4,"",36.039834,-75.306003,recovered  AUV 06263 Rogers at AC-4,OOI Pioneer
ar87a,153,2025-04-04T19:02:49Z,CTD911,deploy,AC-4,021,36.039847,-75.305845,CTD off deck,OOI Pioneer
ar87a,154,2025-04-04T19:10:00Z,CTD911,maxDepth,AC-4,021,36.039961,-75.305467,max depth 26 m,OOI Pioneer
ar87a,155,2025-04-04T19:23:00Z,CTD911,recover,AC-4,021,36.040257,-75.304462,CTD on deck,OOI Pioneer
ar87a,204,2025-04-04T19:40:00Z,IFCB continuous,stop,"","",36.052686,-75.26246,IFCB101 & IFCB218 stop for discretes,OOI Pioneer
ar87a,205,2025-04-04T22:00:03Z,IFCB continuous,start,"","",36.189316,-74.834829,IFCB101,OOI Pioneer
ar87a,157,2025-04-04T22:59:45Z,AUV,recover,AL-7,"",36.178434,-74.843908,recovered AUV 06264 Scotland AL-7,OOI Pioneer
ar87a,158,2025-04-04T23:11:43Z,CTD911,deploy,AL-7,022,36.178807,-74.843601,CTD off deck,OOI Pioneer
ar87a,159,2025-04-04T23:21:58Z,CTD911,maxDepth,AL-7,022,36.178814,-74.843591,max depth 82 m,OOI Pioneer
ar87a,160,2025-04-04T23:32:55Z,CTD911,recover,AL-7,022,36.178672,-74.843142,CTD on deck,OOI Pioneer
ar87a,162,2025-04-05T01:15:09Z,CTD911,deploy,Glider deploy site: 1145,023,36.15847,-74.769311,CTD off deck,OOI Pioneer
ar87a,163,2025-04-05T01:31:04Z,CTD911,maxDepth,Glider deploy site: 1145,023,36.158485,-74.769312,max depth 320 m,OOI Pioneer
ar87a,164,2025-04-05T01:59:14Z,CTD911,recover,Glider deploy site: 1145,023,36.158483,-74.769319,CTD on deck,OOI Pioneer
ar87a,206,2025-04-05T02:40:00Z,IFCB continuous,stop,"","",36.094498,-74.869578,IFCB101 stop for discretes,OOI Pioneer
ar87a,207,2025-04-05T04:05:00Z,IFCB continuous,start,"","",35.954048,-75.118042,IFCB101 & IFCB218,OOI Pioneer
ar87a,165,2025-04-05T04:17:31Z,UHDAS,stop,"","",35.946625,-75.132177,"",OOI Pioneer
ar87a,166,2025-04-05T04:30:25Z,EK80 broadband,start,CNSM,"",35.947936,-75.140441,start 5 min passive for survey,OOI Pioneer
ar87a,167,2025-04-05T05:06:27Z,EK80 broadband,stop,CNSM,"",35.947968,-75.109023,passive at end of pass 1 before going to center,OOI Pioneer
ar87a,168,2025-04-05T09:55:03Z,EK80 broadband,other,CNSM,"",35.949348,-75.127725,passive,OOI Pioneer
ar87a,169,2025-04-05T10:05:10Z,EK80 broadband,stop,CNSM,"",35.949351,-75.127736,"",OOI Pioneer
ar87a,170,2025-04-05T11:43:08Z,UHDAS,start,"","",35.951808,-75.116811,"",OOI Pioneer
ar87a,171,2025-04-05T11:43:19Z,UHDAS,start,"","",35.951807,-75.116811,"",OOI Pioneer
ar87a,176,2025-04-05T23:55:08Z,METBK,start,CNSM,"",35.966169,-75.097394,CNSM METBK comparison started,OOI Pioneer
ar87a,181,2025-04-07T11:45:45Z,EM124,start,"","",38.407288,-72.962341,"",OOI Pioneer
ar87a,182,2025-04-07T11:45:59Z,EM712,stop,"","",38.407713,-72.961654,"",OOI Pioneer
ar87a,183,2025-04-07T18:50:45Z,Underway Science seawater diaphragm pump,start,"","",39.203855,-71.735697,Starting filling MIT seawater carboys from underway,OOI Pioneer
ar87a,184,2025-04-07T19:12:26Z,Underway Science seawater diaphragm pump,stop,"","",39.244094,-71.67217,Completed filling MIT seawater carboys from underway,OOI Pioneer
ar87a,185,2025-04-07T23:56:31Z,EK80 broadband,start,"","",39.809922,-70.88719,in CW narrowband mode for LTER line; ADCPs left ON,OOI Pioneer
ar87a,208,2025-04-08T02:54:19Z,Valeport SVS,stop,"","",40.38109,-70.880078,"",OOI Pioneer
ar87a,209,2025-04-08T08:55:39Z,Attune Flow Cytometer,start,"","",41.379641,-70.885991,"",OOI Pioneer
ar87a,210,2025-04-08T08:56:38Z,IFCB continuous,stop,"","",41.381359,-70.882708,all IFCBs stopped - 101 115 219 200,OOI Pioneer
ar87a,211,2025-04-08T09:02:18Z,EK80 broadband,stop,"","",41.392353,-70.864705,"",OOI Pioneer
ar87a,212,2025-04-08T10:19:04Z,PCO2,other,"","",41.473315,-70.742001,running standards,OOI Pioneer
ar87a,213,2025-04-08T10:54:16Z,PCO2,stop,"","",41.473314,-70.742001,"",OOI Pioneer
ar87a,214,2025-04-08T10:54:29Z,Underway Science seawater diaphragm pump,stop,"","",41.473316,-70.742004,"",OOI Pioneer
ar87a,215,2025-04-08T10:54:57Z,Underway Science seawater,service,"","",41.473313,-70.742004,freshwater rinse,OOI Pioneer
ar87a,216,2025-04-08T11:55:00Z,UHDAS,stop,"","",41.513281,-70.67102,"",OOI Pioneer
ar87a,217,2025-04-08T12:15:46Z,Ship,endCruise,"","",41.524008,-70.672295,Leg 1 AR87a: end,OOI Pioneer
ar87a,218,2025-04-08T12:42:36Z,Ship,endCruise,"","",41.524012,-70.672294,"",OOI Pioneer
ar87b,1,2025-04-10T13:47:13Z,Ship,startCruise,"","",41.524,-70.6723,"",OOI Pioneer
ar87b,2,2025-04-10T13:47:33Z,UHDAS,start,"","",41.524,-70.672309,"",OOI Pioneer
ar87b,3,2025-04-10T13:48:45Z,HZG Wave Radar,start,"","",41.523892,-70.672479,"",OOI Pioneer
ar87b,4,2025-04-10T14:02:03Z,EM712,start,"","",41.500558,-70.670691,"",OOI Pioneer
ar87b,15,2025-04-10T14:25:00Z,LISST,other,"","",41.454552,-70.744555,Small battery changed,OOI Pioneer
ar87b,5,2025-04-10T15:01:03Z,Underway Science seawater diaphragm pump,start,"","",41.38483,-70.873831,"",OOI Pioneer
ar87b,6,2025-04-10T15:01:17Z,PCO2,start,"","",41.384337,-70.87459,"",OOI Pioneer
ar87b,7,2025-04-10T15:16:27Z,IFCB continuous,start,"","",41.345311,-70.903254,OOI IFCB 200 underway sampling started,OOI Pioneer
ar87b,8,2025-04-10T15:19:55Z,Attune Flow Cytometer,start,"","",41.334305,-70.901446,"",OOI Pioneer
ar87b,9,2025-04-10T15:25:07Z,IFCB continuous,start,"","",41.319958,-70.899287,IFCB115 IFCB101 and IFCB218 all start,OOI Pioneer
ar87b,10,2025-04-10T15:57:18Z,Valeport SVS,start,"","",41.232968,-70.88734,"",OOI Pioneer
ar87b,31,2025-04-10T19:00:00Z,SUNAV2,Sync time,"","",40.735491,-70.885073,sync before first cast,OOI Pioneer
ar87b,11,2025-04-10T19:23:24Z,CTD911,deploy,L4,001,40.696668,-70.883302,CTD off deck,OOI Pioneer
ar87b,12,2025-04-10T19:31:28Z,CTD911,maxDepth,L4,001,40.696981,-70.883083,max depth 60 m,OOI Pioneer
ar87b,13,2025-04-10T19:36:34Z,CTD911,recover,L4,001,40.69719,-70.882948,CTD on deck,OOI Pioneer
ar87b,255,2025-04-10T19:50:06Z,IFCB continuous,stop,"","",40.670733,-70.88357,IFCB101 & IFCB218 stop for discretes,OOI Pioneer
ar87b,14,2025-04-10T19:51:42Z,IFCB continuous,stop,"","",40.66592,-70.883564,IFCB101 & IFCB218 stop for discretes,OOI Pioneer
ar87b,16,2025-04-10T20:07:30Z,LISST,other,"","",40.618663,-70.883237,Sampling program started for casts 002 to 004,OOI Pioneer
ar87b,17,2025-04-10T21:27:28Z,EK80 broadband,start,"","",40.381581,-70.884109,did no collect passive data at start,OOI Pioneer
ar87b,18,2025-04-10T21:37:55Z,CTD911,deploy,L6,002,40.363547,-70.883227,CTD off deck,OOI Pioneer
ar87b,19,2025-04-10T21:45:46Z,CTD911,maxDepth,L6,002,40.364262,-70.882934,max depth 98 m,OOI Pioneer
ar87b,20,2025-04-10T21:53:31Z,CTD911,recover,L6,002,40.364817,-70.882589,CTD on deck,OOI Pioneer
ar87b,21,2025-04-10T23:15:00Z,CTD911,deploy,L8,003,40.151721,-70.881793,CTD off deck,OOI Pioneer
ar87b,22,2025-04-10T23:24:34Z,CTD911,maxDepth,L8,003,40.152362,-70.88172,max depth 131 m,OOI Pioneer
ar87b,23,2025-04-10T23:34:29Z,CTD911,recover,L8,003,40.153149,-70.881626,CTD on deck,OOI Pioneer
ar87b,24,2025-04-11T00:55:29Z,CTD911,deploy,L10,004,39.939611,-70.883759,CTD off deck,OOI Pioneer
ar87b,25,2025-04-11T01:11:44Z,CTD911,maxDepth,L10,004,39.940874,-70.884214,max depth 436 m,OOI Pioneer
ar87b,26,2025-04-11T01:29:32Z,CTD911,recover,L10,004,39.942248,-70.884736,CTD on deck,OOI Pioneer
ar87b,27,2025-04-11T02:39:25Z,EK80 broadband,stop,"","",39.755474,-70.916102,"",OOI Pioneer
ar87b,28,2025-04-11T04:18:55Z,IFCB continuous,start,"","",39.583883,-71.26511,IFCB101 & IFCB218,OOI Pioneer
ar87b,256,2025-04-11T04:20:00Z,IFCB continuous,start,"","",39.581979,-71.268901,IFCB101 & IFCB218,OOI Pioneer
ar87b,29,2025-04-11T13:58:02Z,EM712,start,"","",38.510148,-73.249589,"",OOI Pioneer
ar87b,30,2025-04-11T13:58:17Z,EM124,stop,"","",38.509681,-73.250387,"",OOI Pioneer
ar87b,32,2025-04-12T13:10:42Z,LISST,other,"","",35.954106,-75.125139,Small battery changed,OOI Pioneer
ar87b,33,2025-04-12T13:11:56Z,LISST,other,"","",35.95411,-75.12514,Sampling program started for casts 005 and 006,OOI Pioneer
ar87b,36,2025-04-12T13:54:23Z,SWM,recover,CNSW-1,"",35.953953,-75.125157,MFN on deck,OOI Pioneer
ar87b,37,2025-04-12T14:08:37Z,SWM,recover,CNSW-1,"",35.953194,-75.12491,Buoy on deck,OOI Pioneer
ar87b,38,2025-04-12T14:09:55Z,SWM,recover,CNSW-1,"",35.953142,-75.124893,recovery end of cnsw-1,OOI Pioneer
ar87b,40,2025-04-12T16:17:01Z,SWM,deploy,CNSW-2,"",35.946025,-75.125095,start deployment,OOI Pioneer
ar87b,39,2025-04-12T16:21:16Z,SUNAV2,Sync time,"","",35.946023,-75.12508,1 sec slow before C5,OOI Pioneer
ar87b,41,2025-04-12T16:24:40Z,SWM,deploy,CNSW-2,"",35.946031,-75.125098,buoy in water,OOI Pioneer
ar87b,44,2025-04-12T16:33:15Z,SWM,deploy,CNSW-2,"",35.946027,-75.125097,end deployment of CNSW-2,OOI Pioneer
ar87b,43,2025-04-12T16:40:52Z,SWM,deploy,CNSW-2,"",35.945902,-75.125042,anchor drop,OOI Pioneer
ar87b,45,2025-04-12T16:57:16Z,CTD911,deploy,CNSW,005,35.94448,-75.128168,CTD off deck,OOI Pioneer
ar87b,46,2025-04-12T17:02:38Z,CTD911,maxDepth,CNSW,005,35.943227,-75.127932,max depth 27 m,OOI Pioneer
ar87b,51,2025-04-12T17:14:06Z,CTD911,recover,CNSW,005,35.941047,-75.127553,CTD on deck,OOI Pioneer
ar87b,52,2025-04-12T17:18:27Z,SWM,other,CNSW-2,"",35.941413,-75.127716,start anchor survey; release 65021,OOI Pioneer
ar87b,53,2025-04-12T17:43:08Z,SWM,other,CNSW-2,"",35.94924,-75.127795,end anchor survey,OOI Pioneer
ar87b,54,2025-04-12T18:55:07Z,IFCB continuous,stop,"","",35.946621,-75.138908,OOI IFCB 200 underway sampling stopped for discrete sampling,OOI Pioneer
ar87b,257,2025-04-12T19:00:00Z,IFCB continuous,stop,"","",35.945765,-75.155428,IFCB101 & IFCB218 stop for discretes,OOI Pioneer
ar87b,58,2025-04-12T20:22:38Z,SWM,deploy,WESW-2,"",35.945895,-75.333377,start deployment,OOI Pioneer
ar87b,59,2025-04-12T20:23:33Z,SWM,deploy,CNSW-2,"",35.945904,-75.333368,buoy in water,OOI Pioneer
ar87b,61,2025-04-12T20:30:34Z,SWM,deploy,WESW-2,"",35.945879,-75.333352,end deployment of WESW-2,OOI Pioneer
ar87b,60,2025-04-12T20:32:29Z,SWM,deploy,CNSW-2,"",35.945913,-75.33336,anchor drop,OOI Pioneer
ar87b,55,2025-04-12T20:44:41Z,CTD911,deploy,WESW,006,35.944623,-75.335828,CTD off deck,OOI Pioneer
ar87b,56,2025-04-12T20:50:46Z,CTD911,maxDepth,WESW,006,35.943099,-75.335711,max depth 23 m,OOI Pioneer
ar87b,57,2025-04-12T20:59:40Z,CTD911,recover,WESW,006,35.940956,-75.335723,CTD on deck,OOI Pioneer
ar87b,63,2025-04-12T23:26:37Z,SWM,recover,WESW-1,"",35.955064,-75.333587,mfn on deck,OOI Pioneer
ar87b,64,2025-04-12T23:40:58Z,SWM,recover,WESW-1,"",35.955077,-75.333579,Buoy on deck,OOI Pioneer
ar87b,62,2025-04-13T00:13:00Z,SWM,other,WESW-2,"",35.949588,-75.33315,start anchor survey 65023,OOI Pioneer
ar87b,67,2025-04-13T00:43:31Z,SWM,other,WESW-2,"",35.943694,-75.337447,end anchor survey,OOI Pioneer
ar87b,258,2025-04-13T01:00:00Z,IFCB continuous,start,"","",35.943486,-75.338248,IFCB101 & IFCB218,OOI Pioneer
ar87b,68,2025-04-13T02:59:06Z,IFCB continuous,start,"","",35.943059,-75.339028,OOI IFCB 200 underway sampling started,OOI Pioneer
ar87b,69,2025-04-13T12:00:36Z,LISST,other,"","",35.950546,-75.335567,Small battery changed,OOI Pioneer
ar87b,70,2025-04-13T12:01:40Z,LISST,other,"","",35.950563,-75.335528,Sampling program started for cast 007 to 012,OOI Pioneer
ar87b,71,2025-04-13T12:07:08Z,CTD911,deploy,WE,007,35.950586,-75.335412,ctd off deck,OOI Pioneer
ar87b,72,2025-04-13T12:12:46Z,CTD911,maxDepth,WE,007,35.950607,-75.335362,max depth 22 m,OOI Pioneer
ar87b,260,2025-04-13T12:15:00Z,IFCB continuous,stop,"","",35.950599,-75.335391,IFCB218 stop for discretes,OOI Pioneer
ar87b,73,2025-04-13T12:16:34Z,CTD911,recover,WE,007,35.950593,-75.335407,CTD on deck,OOI Pioneer
ar87b,74,2025-04-13T12:29:11Z,Bongo Net,deploy,WE,"",35.951465,-75.336131,bongo 1 - aborted,OOI Pioneer
ar87b,75,2025-04-13T12:46:17Z,Bongo Net,deploy,WE,1,35.95304,-75.338127,flow meter moving for about 1 min until hit water,OOI Pioneer
ar87b,76,2025-04-13T12:50:36Z,Bongo Net,recover,WE,1,35.954236,-75.338699,"",OOI Pioneer
ar87b,77,2025-04-13T13:01:30Z,Bongo Net,deploy,WE,2,35.957656,-75.3404,"",OOI Pioneer
ar87b,78,2025-04-13T13:03:51Z,Bongo Net,recover,WE,2,35.95843,-75.340709,weight hit bottom,OOI Pioneer
ar87b,79,2025-04-13T13:48:27Z,CTD911,deploy,CS-1,008,35.94968,-75.229374,CTD off deck,OOI Pioneer
ar87b,80,2025-04-13T13:55:21Z,CTD911,maxDepth,CS-1,008,35.949131,-75.229053,max depth 27 m,OOI Pioneer
ar87b,81,2025-04-13T13:59:41Z,CTD911,recover,CS-1,008,35.948309,-75.228447,CTD on deck,OOI Pioneer
ar87b,84,2025-04-13T14:37:16Z,CTD911,recover,CN,009,35.949092,-75.1368,CTD on deck,OOI Pioneer
ar87b,82,2025-04-13T14:37:34Z,CTD911,deploy,CN,009,35.94908,-75.136786,CTD off deck,OOI Pioneer
ar87b,83,2025-04-13T14:43:55Z,CTD911,maxDepth,CN,009,35.947732,-75.136383,max depth 28 m,OOI Pioneer
ar87b,85,2025-04-13T14:59:00Z,Bongo Net,deploy,CN,1,35.947794,-75.137344,flow meters spinning  in wind quite a bit.,OOI Pioneer
ar87b,86,2025-04-13T15:02:12Z,Bongo Net,recover,CN,1,35.948147,-75.137659,weight hit bottom,OOI Pioneer
ar87b,87,2025-04-13T15:10:08Z,Bongo Net,deploy,CN,2,35.949286,-75.138678,adjusted weight closer to net to avoid hitting bottom,OOI Pioneer
ar87b,88,2025-04-13T15:13:12Z,Bongo Net,recover,CN,2,35.949761,-75.138985,deployed much better with weight adjusted,OOI Pioneer
ar87b,89,2025-04-13T15:52:29Z,CTD911,deploy,CS-2,010,35.94991,-75.031923,CTD off deck,OOI Pioneer
ar87b,90,2025-04-13T15:58:17Z,CTD911,maxDepth,CS-2,010,35.948544,-75.03181,max depth 35 m,OOI Pioneer
ar87b,91,2025-04-13T16:03:21Z,CTD911,recover,CS-2,010,35.94761,-75.031691,CTD on deck,OOI Pioneer
ar87b,259,2025-04-13T16:10:00Z,IFCB continuous,stop,"","",35.948199,-75.021389,IFCB101 stop for discretes,OOI Pioneer
ar87b,92,2025-04-13T16:37:28Z,CTD911,deploy,CS-3,011,35.949902,-74.938023,CTD off deck,OOI Pioneer
ar87b,93,2025-04-13T16:44:49Z,CTD911,maxDepth,CS-3,011,35.948531,-74.937797,max depth 65 m,OOI Pioneer
ar87b,94,2025-04-13T16:52:03Z,CTD911,recover,CS-3,011,35.947342,-74.937634,CTD on deck,OOI Pioneer
ar87b,95,2025-04-13T16:59:39Z,Bongo Net,deploy,CS-3,1,35.94802,-74.938821,bongo at surface of water,OOI Pioneer
ar87b,96,2025-04-13T17:06:19Z,Bongo Net,recover,CS-3,1,35.948713,-74.939864,bongo returned to surface of water,OOI Pioneer
ar87b,97,2025-04-13T17:13:23Z,Bongo Net,deploy,CS-3,2,35.949667,-74.941258,"",OOI Pioneer
ar87b,98,2025-04-13T17:19:32Z,Bongo Net,recover,CS-3,2,35.95035,-74.942343,"",OOI Pioneer
ar87b,113,2025-04-13T17:40:00Z,SUNAV2,Sync time,"","",35.950351,-74.942883,2 sec slow before C13,OOI Pioneer
ar87b,99,2025-04-13T19:02:00Z,CTD911,deploy,EA,012,35.949848,-74.845458,CTD off deck,OOI Pioneer
ar87b,100,2025-04-13T19:10:03Z,CTD911,maxDepth,EA,012,35.948241,-74.845006,max depth 91 m,OOI Pioneer
ar87b,101,2025-04-13T19:18:04Z,CTD911,recover,EA,012,35.946992,-74.845111,CTD on deck,OOI Pioneer
ar87b,102,2025-04-13T19:52:14Z,CTD911,deploy,CS-4,013,35.950253,-74.752397,CTD off deck,OOI Pioneer
ar87b,103,2025-04-13T20:17:09Z,CTD911,maxDepth,CS-4,013,35.948205,-74.752839,max depth 762 m,OOI Pioneer
ar87b,104,2025-04-13T20:56:52Z,CTD911,recover,CS-4,013,35.946162,-74.755182,CTD on deck,OOI Pioneer
ar87b,105,2025-04-13T21:01:58Z,Bongo Net,deploy,CS-4,1,35.947228,-74.756253,"",OOI Pioneer
ar87b,106,2025-04-13T21:19:39Z,Bongo Net,recover,CS-4,1,35.950857,-74.759394,"",OOI Pioneer
ar87b,107,2025-04-13T21:27:34Z,Bongo Net,deploy,CS-4,2,35.953169,-74.760844,"",OOI Pioneer
ar87b,108,2025-04-13T21:46:43Z,Bongo Net,recover,CS-4,2,35.957648,-74.764119,marked a bit late,OOI Pioneer
ar87b,109,2025-04-13T21:53:36Z,UHDAS,stop,"","",35.958593,-74.765235,"",OOI Pioneer
ar87b,110,2025-04-13T21:54:13Z,EK80 broadband,start,CS-4,"",35.958573,-74.765293,start 5 min passive for survey,OOI Pioneer
ar87b,261,2025-04-13T23:55:00Z,IFCB continuous,start,"","",35.960029,-75.032831,IFCB101,OOI Pioneer
ar87b,262,2025-04-14T02:00:00Z,IFCB continuous,start,"","",35.959889,-75.328174,IFCB218,OOI Pioneer
ar87b,111,2025-04-14T02:06:21Z,EK80 broadband,stop,"","",35.958647,-75.336068,5 min of passive to end survey,OOI Pioneer
ar87b,112,2025-04-14T02:11:16Z,UHDAS,start,"","",35.958587,-75.336464,"",OOI Pioneer
ar87b,117,2025-04-14T09:50:23Z,CTD911,deploy,SOPM,014,35.726651,-74.857392,CTD off deck,OOI Pioneer
ar87b,123,2025-04-14T10:20:48Z,CTD911,recover,SOPM,014,35.724886,-74.85824,CTD on deck,OOI Pioneer
ar87b,115,2025-04-14T13:23:28Z,SUNAV2,Sync time,"","",35.726858,-74.856607,0 sec off; still sync before C14,OOI Pioneer
ar87b,118,2025-04-14T13:58:56Z,LISST,on CTD rosette,"","",35.724982,-74.852428,Small battery changed,OOI Pioneer
ar87b,119,2025-04-14T13:59:58Z,LISST,other,"","",35.724986,-74.852424,Sampling program started for cast 014,OOI Pioneer
ar87b,120,2025-04-14T14:04:56Z,CTD911,maxDepth,SOPM,014,35.724983,-74.852431,max depth 96 m,OOI Pioneer
ar87b,263,2025-04-14T16:00:00Z,IFCB continuous,stop,"","",35.723961,-74.852481,IFCB101 & IFCB218 stop for discretes,OOI Pioneer
ar87b,124,2025-04-14T16:17:16Z,IFCB continuous,stop,"","",35.723867,-74.85221,OOI IFCB 200 underway sampling stopped for discrete sampling,OOI Pioneer
ar87b,264,2025-04-14T19:20:07Z,IFCB continuous,start,"","",35.729561,-74.852261,IFCB101,OOI Pioneer
ar87b,130,2025-04-14T19:34:25Z,CTD911,deploy,SO,015,35.724961,-74.852456,CTD off deck,OOI Pioneer
ar87b,131,2025-04-14T19:43:31Z,CTD911,maxDepth,SO,015,35.724377,-74.852563,max depth 93 m,OOI Pioneer
ar87b,132,2025-04-14T19:50:06Z,CTD911,recover,SO,015,35.723735,-74.852811,CTD on deck,OOI Pioneer
ar87b,133,2025-04-14T20:50:12Z,IFCB continuous,start,"","",35.724044,-74.853782,OOI IFCB 200 underway sampling started,OOI Pioneer
ar87b,134,2025-04-14T21:21:30Z,CTD911,deploy,AS-4,016,35.799394,-74.878506,CTD off deck,OOI Pioneer
ar87b,136,2025-04-14T21:29:38Z,CTD911,maxDepth,AS-4,016,35.799281,-74.878189,max depth 94 m,OOI Pioneer
ar87b,137,2025-04-14T21:36:01Z,CTD911,recover,AS-4,016,35.799077,-74.877659,CTD on deck,OOI Pioneer
ar87b,138,2025-04-14T22:10:28Z,CTD911,deploy,AS-3,017,35.876144,-74.873343,CTD off deck,OOI Pioneer
ar87b,139,2025-04-14T22:17:57Z,CTD911,maxDepth,AS-3,017,35.875993,-74.872912,max depth 95 m,OOI Pioneer
ar87b,140,2025-04-14T22:24:27Z,CTD911,recover,AS-3,017,35.875837,-74.872488,CTD on deck,OOI Pioneer
ar87b,141,2025-04-14T22:59:34Z,CTD911,deploy,EA,018,35.950046,-74.845572,CTD off deck,OOI Pioneer
ar87b,142,2025-04-14T23:07:15Z,CTD911,maxDepth,EA,018,35.949923,-74.845175,max depth 94 m,OOI Pioneer
ar87b,143,2025-04-14T23:13:27Z,CTD911,recover,EA,018,35.949765,-74.844736,CTD on deck,OOI Pioneer
ar87b,144,2025-04-14T23:48:15Z,CTD911,deploy,AS-2,019,36.024513,-74.835216,CTD off deck,OOI Pioneer
ar87b,145,2025-04-14T23:56:03Z,CTD911,maxDepth,AS-2,019,36.02439,-74.834875,max depth 96.7 m,OOI Pioneer
ar87b,146,2025-04-15T00:01:32Z,CTD911,recover,AS-2,019,36.02423,-74.834464,CTD on deck,OOI Pioneer
ar87b,147,2025-04-15T00:37:00Z,CTD911,deploy,AS-1,020,36.099939,-74.83634,CTD off deck,OOI Pioneer
ar87b,148,2025-04-15T00:47:44Z,CTD911,maxDepth,AS-1,020,36.09973,-74.835829,max depth 96 m,OOI Pioneer
ar87b,149,2025-04-15T00:51:42Z,CTD911,recover,AS-1,020,36.099634,-74.835591,CTD on deck,OOI Pioneer
ar87b,150,2025-04-15T01:27:45Z,CTD911,deploy,NO,021,36.173319,-74.825937,CTD off deck,OOI Pioneer
ar87b,151,2025-04-15T01:34:59Z,CTD911,maxDepth,NO,021,36.173194,-74.825603,max depth 96 m,OOI Pioneer
ar87b,152,2025-04-15T01:40:50Z,CTD911,recover,NO,021,36.173044,-74.825267,CTD on deck,OOI Pioneer
ar87b,153,2025-04-15T01:44:29Z,UHDAS,stop,"","",36.173052,-74.825228,"",OOI Pioneer
ar87b,154,2025-04-15T01:44:59Z,EK80 broadband,start,"","",36.173098,-74.825252,start 5 min passive for survey,OOI Pioneer
ar87b,265,2025-04-15T01:50:00Z,IFCB continuous,start,"","",36.173733,-74.825662,IFCB218,OOI Pioneer
ar87b,155,2025-04-15T09:47:33Z,EK80 broadband,other,"","",36.174885,-74.826434,passive,OOI Pioneer
ar87b,156,2025-04-15T09:56:33Z,EK80 broadband,stop,"","",36.174895,-74.826441,"",OOI Pioneer
ar87b,157,2025-04-15T09:56:48Z,UHDAS,start,"","",36.174895,-74.826442,"",OOI Pioneer
ar87b,160,2025-04-15T10:02:25Z,CTD911,deploy,NOPM,022,36.17489,-74.826442,CTD off deck,OOI Pioneer
ar87b,158,2025-04-15T13:07:44Z,LISST,other,"","",36.179035,-74.815563,Small battery changed,OOI Pioneer
ar87b,159,2025-04-15T13:09:25Z,LISST,other,"","",36.178629,-74.816082,Sampling program started for casts 022 and 023,OOI Pioneer
ar87b,164,2025-04-15T14:16:28Z,CTD911,recover,NOPM,022,36.174435,-74.823122,CTD on deck,OOI Pioneer
ar87b,165,2025-04-15T14:20:28Z,CTD911,deploy,NOPM,023,36.174298,-74.822874,CTD off deck,OOI Pioneer
ar87b,166,2025-04-15T14:28:10Z,CTD911,maxDepth,NOPM,022,36.173984,-74.822218,max depth 15 m,OOI Pioneer
ar87b,167,2025-04-15T14:28:45Z,CTD911,maxDepth,NOPM,023,36.173953,-74.822153,max depth 99 m,OOI Pioneer
ar87b,168,2025-04-15T14:49:25Z,CTD911,recover,NOPM,023,36.17288,-74.81996,CTD on deck,OOI Pioneer
ar87b,266,2025-04-15T17:00:00Z,IFCB continuous,stop,"","",36.178103,-74.825889,IFCB101 & IFCB218 stop for discretes,OOI Pioneer
ar87b,169,2025-04-15T17:16:29Z,IFCB continuous,stop,"","",36.178362,-74.826228,OOI IFCB 200 underway sampling stopped for discrete sampling,OOI Pioneer
ar87b,173,2025-04-15T19:23:11Z,ADCP38,stop,"","",36.168331,-74.821244,stopped for adcp survey,OOI Pioneer
ar87b,267,2025-04-15T20:36:00Z,IFCB continuous,start,"","",36.153052,-74.850317,IFCB218,OOI Pioneer
ar87b,268,2025-04-15T23:00:00Z,IFCB continuous,start,"","",35.915445,-75.083076,IFCB101,OOI Pioneer
ar87b,245,2025-04-15T23:20:00Z,IFCB continuous,start,"","",35.88157,-75.042341,OOI IFCB 200 underway sampling started,OOI Pioneer
ar87b,174,2025-04-16T04:01:16Z,ADCP38,start,"","",36.17116,-74.829253,38 back on after survey complete,OOI Pioneer
ar87b,182,2025-04-16T12:55:34Z,CTD911,recover,EAPM,024,36.048327,-74.779238,CTD on deck,OOI Pioneer
ar87b,175,2025-04-16T14:14:54Z,LISST,other,"","",35.945109,-74.844939,Small battery changed,OOI Pioneer
ar87b,177,2025-04-16T16:13:21Z,LISST,other,"","",35.943302,-74.841714,Sampling program started for cast 024,OOI Pioneer
ar87b,180,2025-04-16T16:41:54Z,CTD911,deploy,EAPM,024,35.95034,-74.845867,CTD off deck,OOI Pioneer
ar87b,181,2025-04-16T16:51:00Z,CTD911,maxDepth,EAPM,024,35.950327,-74.845889,max depth 95 m,OOI Pioneer
ar87b,269,2025-04-16T17:55:00Z,IFCB continuous,stop,"","",35.958202,-74.848509,IFCB101 & IFCB218 stop for discretes,OOI Pioneer
ar87b,186,2025-04-16T19:37:45Z,IFCB continuous,stop,"","",35.949701,-74.846934,OOI IFCB 200 underway sampling stopped for discrete sampling,OOI Pioneer
ar87b,270,2025-04-16T21:35:41Z,IFCB continuous,start,"","",35.94228,-74.85042,IFCB218,OOI Pioneer
ar87b,187,2025-04-16T21:59:36Z,UHDAS,stop,"","",35.942281,-74.850406,"",OOI Pioneer
ar87b,188,2025-04-16T22:00:25Z,EK80 broadband,start,"","",35.942282,-74.850405,start 5 min passive for survey,OOI Pioneer
ar87b,271,2025-04-16T23:00:00Z,IFCB continuous,start,"","",35.949639,-74.991541,IFCB101,OOI Pioneer
ar87b,189,2025-04-17T01:51:02Z,IFCB continuous,start,"","",36.159238,-74.847588,OOI IFCB 200 underway sampling started,OOI Pioneer
ar87b,190,2025-04-17T09:30:51Z,EK80 broadband,other,"","",36.049497,-74.778551,passive,OOI Pioneer
ar87b,191,2025-04-17T09:41:18Z,EK80 broadband,stop,"","",36.049498,-74.778556,"",OOI Pioneer
ar87b,198,2025-04-17T10:03:33Z,CTD911,deploy,NEPM,025,36.049506,-74.778554,CTD off deck,OOI Pioneer
ar87b,192,2025-04-17T12:23:01Z,LISST,other,"","",36.036734,-74.775971,Small battery changed,OOI Pioneer
ar87b,195,2025-04-17T13:14:18Z,LISST,other,"","",36.045041,-74.77766,Sampling program started for cast 025,OOI Pioneer
ar87b,197,2025-04-17T13:41:31Z,SUNAV2,Sync time,"","",36.049903,-74.778661,about 2 sec close before C25,OOI Pioneer
ar87b,199,2025-04-17T14:11:28Z,CTD911,recover,NEPM,025,36.052857,-74.779154,CTD on deck,OOI Pioneer
ar87b,200,2025-04-17T14:18:16Z,CTD911,deploy,NEPM,026,36.052962,-74.779418,CTD off deck,OOI Pioneer
ar87b,201,2025-04-17T14:32:19Z,CTD911,maxDepth,NEPM,026,36.05324,-74.780159,max depth 275 m,OOI Pioneer
ar87b,202,2025-04-17T15:03:20Z,CTD911,recover,NEPM,026,36.053898,-74.781811,CTD on deck,OOI Pioneer
ar87b,246,2025-04-17T17:45:00Z,IFCB continuous,stop,"","",36.05597,-74.778799,OOI IFCB 200 underway sampling stopped for discrete sampling,OOI Pioneer
ar87b,206,2025-04-17T20:54:38Z,CTD911,deploy,C-S6,027,35.949568,-74.399566,CTD off deck,OOI Pioneer
ar87b,208,2025-04-17T21:07:47Z,CTD911,maxDepth,CS-6,027,35.949567,-74.399572,max depth 300 m,OOI Pioneer
ar87b,209,2025-04-17T21:23:54Z,CTD911,recover,CS-6,027,35.949566,-74.399565,CTD on deck,OOI Pioneer
ar87b,210,2025-04-17T21:31:36Z,Bongo Net,deploy,CS-6,1,35.951439,-74.400069,"",OOI Pioneer
ar87b,211,2025-04-17T21:48:52Z,Bongo Net,recover,CS-6,1,35.956753,-74.40181,"",OOI Pioneer
ar87b,212,2025-04-17T22:41:05Z,IFCB continuous,start,"","",35.949792,-74.229816,OOI IFCB 200 underway sampling started,OOI Pioneer
ar87b,213,2025-04-17T22:44:33Z,Bongo Net,deploy,CS-7,NaN1,35.949567,-74.229845,"",OOI Pioneer
ar87b,214,2025-04-17T22:54:13Z,Bongo Net,other,CS-7,1,35.948806,-74.230934,max depth 211m,OOI Pioneer
ar87b,215,2025-04-17T23:02:38Z,Bongo Net,recover,CS-7,1,35.94817,-74.231646,"",OOI Pioneer
ar87b,216,2025-04-17T23:14:33Z,CTD911,deploy,CS-7,28,35.948245,-74.229917,in water,OOI Pioneer
ar87b,217,2025-04-17T23:25:29Z,CTD911,maxDepth,CS-7,28,35.949217,-74.22608,max depth 300 m,OOI Pioneer
ar87b,218,2025-04-17T23:35:17Z,CTD911,recover,CS-7,28,35.950393,-74.222909,CTD on deck,OOI Pioneer
ar87b,219,2025-04-17T23:38:22Z,Bongo Net,deploy,CS-7,2,35.950499,-74.22257,start night tow,OOI Pioneer
ar87b,220,2025-04-17T23:48:32Z,Bongo Net,other,CS-7,2,35.950014,-74.223545,max depth 200m,OOI Pioneer
ar87b,221,2025-04-17T23:55:57Z,Bongo Net,recover,CS-7,2,35.949717,-74.224462,"",OOI Pioneer
ar87b,222,2025-04-18T00:54:34Z,Bongo Net,deploy,CS-6,2,35.950359,-74.398923,bongo at surface for night tow,OOI Pioneer
ar87b,223,2025-04-18T01:04:10Z,Bongo Net,other,CS-6,2,35.952849,-74.396417,max depth 206,OOI Pioneer
ar87b,224,2025-04-18T01:12:20Z,Bongo Net,recover,CS-6,2,35.955087,-74.394236,recover night tow,OOI Pioneer
ar87b,225,2025-04-18T02:12:19Z,CTD911,deploy,CS-5,29,35.949836,-74.57891,CTD off deck,OOI Pioneer
ar87b,226,2025-04-18T02:24:32Z,CTD911,maxDepth,CS-5,29,35.950115,-74.579402,max depth 200m,OOI Pioneer
ar87b,227,2025-04-18T02:32:18Z,CTD911,recover,CS-5,29,35.95036,-74.579832,CTD on deck,OOI Pioneer
ar87b,228,2025-04-18T02:37:31Z,Bongo Net,deploy,CS-5,1,35.951615,-74.578949,"",OOI Pioneer
ar87b,229,2025-04-18T02:47:42Z,Bongo Net,other,CS-5,1,35.954935,-74.576236,max depth 200m for night bongo tow,OOI Pioneer
ar87b,230,2025-04-18T02:55:52Z,Bongo Net,recover,CS-5,1,35.957584,-74.574224,"",OOI Pioneer
ar87b,231,2025-04-18T03:57:55Z,CTD911,deploy,CS-4,30,35.950932,-74.752405,CTD off deck,OOI Pioneer
ar87b,232,2025-04-18T04:12:41Z,CTD911,maxDepth,CS-4,30,35.951076,-74.752742,max depth 300 m,OOI Pioneer
ar87b,233,2025-04-18T04:22:36Z,CTD911,recover,CS-4,30,35.951138,-74.752855,ctd on deck,OOI Pioneer
ar87b,234,2025-04-18T04:31:47Z,Bongo Net,deploy,CS-4,1,35.953414,-74.751043,"",OOI Pioneer
ar87b,235,2025-04-18T04:41:55Z,Bongo Net,other,CS-4,1,35.95677,-74.748115,max depth 203m night tow,OOI Pioneer
ar87b,236,2025-04-18T04:52:02Z,Bongo Net,recover,CS-4,1,35.960012,-74.745143,"",OOI Pioneer
ar87b,237,2025-04-18T06:48:30Z,CTD911,deploy,CN,31,35.951937,-75.125164,CTD off deck,OOI Pioneer
ar87b,238,2025-04-18T06:51:48Z,METBK,start,"","",35.952392,-75.125422,arrived CN for MET,OOI Pioneer
ar87b,239,2025-04-18T06:57:37Z,CTD911,maxDepth,CN,31,35.952819,-75.125618,max depth 26m,OOI Pioneer
ar87b,240,2025-04-18T06:58:09Z,CTD911,recover,CN,31,35.952838,-75.125631,CTD on deck,OOI Pioneer
ar87b,241,2025-04-18T07:05:10Z,Bongo Net,deploy,CN,1,35.952061,-75.123731,night tow,OOI Pioneer
ar87b,242,2025-04-18T07:08:11Z,Bongo Net,recover,CN,1,35.951212,-75.122433,"",OOI Pioneer
ar87b,249,2025-04-19T19:00:00Z,LISST,other,"","",39.711671,-70.954469,Sampling program started for casts 032 to 035,OOI Pioneer
ar87b,248,2025-04-19T19:00:10Z,LISST,other,"","",39.712035,-70.954023,Small battery changed,OOI Pioneer
ar87b,247,2025-04-19T20:29:00Z,CTD911,deploy,L10,032,39.940409,-70.8832,CTD off deck,OOI Pioneer
ar87b,250,2025-04-19T20:46:02Z,CTD911,maxDepth,L10,032,39.939853,-70.882307,max depth 435 m,OOI Pioneer
ar87b,251,2025-04-19T20:58:00Z,CTD911,recover,L10,032,39.939428,-70.881591,CTD on deck,OOI Pioneer
ar87b,272,2025-04-19T21:00:00Z,IFCB continuous,stop,"","",39.939298,-70.881446,IFCB101 & IFCB218 stop for discretes,OOI Pioneer
ar87b,252,2025-04-19T22:19:50Z,CTD911,deploy,L8,033,40.151166,-70.881149,CTD off deck,OOI Pioneer
ar87b,253,2025-04-19T22:29:07Z,CTD911,maxDepth,L8,033,40.150793,-70.880633,max depth 131,OOI Pioneer
ar87b,254,2025-04-19T22:36:00Z,CTD911,recover,L8,033,40.150533,-70.880281,ctd on deck,OOI Pioneer
ar87b,279,2025-04-19T22:38:52Z,IFCB continuous,start,"","",40.150451,-70.8801,IFCB218,OOI Pioneer
ar87b,273,2025-04-19T23:59:24Z,CTD911,deploy,L6,034,40.363412,-70.882036,ctd off deck,OOI Pioneer
ar87b,274,2025-04-20T00:06:51Z,CTD911,maxDepth,L6,034,40.363005,-70.881404,max depth 88 m,OOI Pioneer
ar87b,275,2025-04-20T00:13:07Z,CTD911,recover,L6,034,40.362725,-70.881002,ctd on deck,OOI Pioneer
ar87b,276,2025-04-20T02:16:36Z,CTD911,deploy,L4,035,40.696578,-70.883372,CTD off deck,OOI Pioneer
ar87b,277,2025-04-20T02:23:52Z,CTD911,maxDepth,L4,035,40.696476,-70.88321,max depth 60 m,OOI Pioneer
ar87b,278,2025-04-20T02:27:41Z,CTD911,recover,L4,035,40.696314,-70.882853,ctd on deck,OOI Pioneer
ar87b,280,2025-04-20T02:49:40Z,Valeport SVS,stop,"","",40.729642,-70.883564,raised the valeport,OOI Pioneer
ar87b,281,2025-04-20T03:25:24Z,HZG Wave Radar,stop,"","",40.831962,-70.883123,"",OOI Pioneer
ar87b,282,2025-04-20T03:55:19Z,IFCB continuous,start,"","",40.913065,-70.883607,IFCB101,OOI Pioneer
ar87b,283,2025-04-20T10:05:30Z,IFCB continuous,stop,"","",41.4724,-70.735939,OOI IFCB 200 stopped,OOI Pioneer
ar87b,284,2025-04-20T10:07:17Z,Attune Flow Cytometer,stop,"","",41.472406,-70.735944,"",OOI Pioneer
ar87b,285,2025-04-20T10:08:17Z,IFCB continuous,stop,"","",41.472405,-70.735942,IFCB101 & IFCB218 & IFCB115 stop for end of cruise,OOI Pioneer
ar87b,286,2025-04-20T11:08:09Z,PCO2,stop,"","",41.472392,-70.735931,"",OOI Pioneer
ar87b,287,2025-04-20T11:11:44Z,Underway Science seawater diaphragm pump,stop,"","",41.472397,-70.735936,"",OOI Pioneer
ar87b,288,2025-04-20T12:21:40Z,UHDAS,stop,"","",41.476346,-70.722308,"",OOI Pioneer
ar87b,289,2025-04-20T13:04:39Z,Ship,endCruise,"","",41.523888,-70.672416,"",OOI Pioneer
ar88,1,2025-04-24T11:55:33Z,Ship,startCruise,"","",41.523836,-70.672637,"",NESLTER
ar88,2,2025-04-24T12:01:18Z,UHDAS,start,"","",41.519354,-70.672786,"",NESLTER
ar88,3,2025-04-24T12:02:34Z,EK80 broadband,start,"","",41.516227,-70.671391,"",NESLTER
ar88,167,2025-04-24T12:05:00Z,SUNAV2,onCTD,"","",41.509802,-70.669798,"",NESLTER
ar88,14,2025-04-24T13:09:02Z,Underway Science seawater diaphragm pump,start,"","",41.382205,-70.879657,"",NESLTER
ar88,5,2025-04-24T13:09:22Z,GO pCO2 8050,start,"","",41.381619,-70.880799,"",NESLTER
ar88,6,2025-04-24T13:10:22Z,CSTARS HZG radar,start,"","",41.380082,-70.883806,"",NESLTER
ar88,7,2025-04-24T13:21:57Z,Kongsberg EM 712,start,"","",41.351109,-70.904067,"",NESLTER
ar88,8,2025-04-24T13:29:39Z,Attune Flow Cytometer,start,"","",41.326389,-70.901102,"",NESLTER
ar88,9,2025-04-24T13:29:52Z,IFCB continuous,start,"","",41.325797,-70.901033,"",NESLTER
ar88,10,2025-04-24T14:03:32Z,EIMS,start,"","",41.233175,-70.888879,started measuring underway on EIMS,NESLTER
ar88,11,2025-04-24T14:11:06Z,UHDAS,other,"","",41.212798,-70.885573,Secured os38. Resumed on others,NESLTER
ar88,12,2025-04-24T14:11:38Z,Kongsberg EM 712,stop,"","",41.211263,-70.885294,Confirmed working status then secured. Interferes with EK80,NESLTER
ar88,13,2025-04-24T14:29:55Z,SUNAV2,sync time,"","",41.196529,-70.881918,suna was 1 s behind,NESLTER
ar88,15,2025-04-24T15:01:19Z,CTD911,deploy,L1,1,41.197816,-70.883385,"",NESLTER
ar88,16,2025-04-24T15:43:26Z,Bongo Net,deploy,L1,B1,41.200327,-70.883114,"",NESLTER
ar88,17,2025-04-24T15:54:42Z,Bongo Net,recover,L1,B1,41.20176,-70.876898,"",NESLTER
ar88,19,2025-04-24T16:40:00Z,Sting Ray,deploy towed,L1,Tow001,41.196103,-70.882665,"",NESLTER
ar88,18,2025-04-24T19:55:08Z,Other,end,"","",40.941873,-70.882401,Bridge Fathometer and Doppler turned off. Interferes with EK80,NESLTER
ar88,20,2025-04-25T01:20:00Z,Sting Ray,recover,L5,Tow001,40.501633,-70.883288,"",NESLTER
ar88,21,2025-04-25T02:55:54Z,Isaacs-Kidd Midwater Trawl,deploy,L4,1,40.692484,-70.887979,"",NESLTER
ar88,32,2025-04-25T03:00:03Z,Isaacs-Kidd Midwater Trawl,startSample,L4,1,40.690578,-70.889239,"",NESLTER
ar88,22,2025-04-25T03:00:52Z,Other,start,"","",40.690224,-70.889477,Bridge Fathometer and Doppler turned on,NESLTER
ar88,33,2025-04-25T03:20:05Z,Isaacs-Kidd Midwater Trawl,stopSample,L4,1,40.681858,-70.895366,"",NESLTER
ar88,23,2025-04-25T03:22:27Z,Isaacs-Kidd Midwater Trawl,recover,L4,1,40.680848,-70.896081,"",NESLTER
ar88,24,2025-04-25T03:54:58Z,CTD911,deploy,L4,2,40.695766,-70.881387,"",NESLTER
ar88,25,2025-04-25T04:10:17Z,Kongsberg EM 712,start,L4,2,40.695764,-70.881403,Data is not recorded. On only during CTD casts. Interferes with EK80,NESLTER
ar88,147,2025-04-25T04:18:00Z,Underway Science seawater diaphragm pump,TOI discrete,L4,"",40.695759,-70.881398,"",NESLTER
ar88,145,2025-04-25T04:24:00Z,Underway Science seawater diaphragm pump,TOI discrete,L4,"",40.695765,-70.881392,duplicate,NESLTER
ar88,26,2025-04-25T04:32:20Z,Kongsberg EM 712,stop,L4,2,40.695766,-70.881395,Data is not recorded. On only during CTD casts. Interferes with EK80,NESLTER
ar88,30,2025-04-25T04:44:00Z,Bongo Net,deploy,L4,B2,40.69293,-70.884514,"",NESLTER
ar88,31,2025-04-25T04:51:17Z,Bongo Net,recover,L4,B2,40.690101,-70.887583,"",NESLTER
ar88,27,2025-04-25T05:44:00Z,Kongsberg EM 712,start,u4a,3,40.695772,-70.772609,Data is not recorded. On only during CTD casts. Interferes with EK80,NESLTER
ar88,28,2025-04-25T05:52:22Z,CTD911,deploy,u4a,3,40.696017,-70.773075,"",NESLTER
ar88,29,2025-04-25T06:12:39Z,Kongsberg EM 712,stop,u4a,3,40.696118,-70.775459,Data is not recorded. On only during CTD casts. Interferes with EK80,NESLTER
ar88,34,2025-04-25T07:25:26Z,CTD911,deploy,d4a,4,40.696393,-70.993061,"",NESLTER
ar88,36,2025-04-25T09:25:27Z,Bongo Net,deploy,L5,B5,40.512359,-70.884129,"",NESLTER
ar88,37,2025-04-25T09:35:52Z,Bongo Net,recover,L5,B5,40.50975,-70.888448,"",NESLTER
ar88,45,2025-04-25T09:52:19Z,CTD911,deploy,L5,5,40.513068,-70.882713,"",NESLTER
ar88,148,2025-04-25T10:11:00Z,Underway Science seawater diaphragm pump,TOI discrete,L5,"",40.513075,-70.882697,"",NESLTER
ar88,149,2025-04-25T10:13:00Z,Underway Science seawater diaphragm pump,TOI discrete,L5,"",40.513075,-70.882697,duplicate,NESLTER
ar88,NaN,2025-04-25T10:14:00Z,Underway Science seawater impeller,TOI discrete,L5,"",40.513076,-70.882706,"",NESLTER
ar88,NaN,2025-04-25T10:19:00Z,Underway Science seawater impeller,TOI discrete,L5,"",40.51307,-70.882693,duplicate,NESLTER
ar88,38,2025-04-25T10:48:47Z,Isaacs-Kidd Midwater Trawl,deploy,L5,2,40.514899,-70.882879,"",NESLTER
ar88,39,2025-04-25T10:56:52Z,Isaacs-Kidd Midwater Trawl,startSample,L5,2,40.52018,-70.883162,"",NESLTER
ar88,40,2025-04-25T11:16:36Z,Isaacs-Kidd Midwater Trawl,stopSample,L5,2,40.537269,-70.882831,"",NESLTER
ar88,41,2025-04-25T11:20:05Z,Isaacs-Kidd Midwater Trawl,recover,L5,2,40.539819,-70.882807,"",NESLTER
ar88,35,2025-04-25T11:44:20Z,Sting Ray,deploy towed,L5,Tow002,40.541525,-70.882377,"",NESLTER
ar88,42,2025-04-25T23:23:00Z,Sting Ray,recover,L11,Tow002,39.753032,-70.88281,deep cast at L11 before recovery,NESLTER
ar88,43,2025-04-26T00:47:00Z,Isaacs-Kidd Midwater Trawl,deploy,L10,3,39.940773,-70.884433,"",NESLTER
ar88,44,2025-04-26T00:58:00Z,Isaacs-Kidd Midwater Trawl,startSample,L10,3,39.933336,-70.881443,depth range targeted = 22-50m,NESLTER
ar88,47,2025-04-26T01:20:00Z,Isaacs-Kidd Midwater Trawl,stopSample,L10,3,39.910942,-70.873374,"",NESLTER
ar88,48,2025-04-26T01:31:07Z,Isaacs-Kidd Midwater Trawl,recover,L10,3,39.903164,-70.871354,"",NESLTER
ar88,49,2025-04-26T02:06:32Z,CTD911,deploy,L10,6,39.940706,-70.881822,"",NESLTER
ar88,53,2025-04-26T02:24:10Z,Underway Science seawater impeller,start,"","",39.940709,-70.881803,Turned on and off throughout the trip to sample from garden hose on port Main Deck.,NESLTER
ar88,NaN,2025-04-26T02:39:00Z,Underway Science seawater impeller,TOI discrete,L10,"",39.940724,-70.881729,"",NESLTER
ar88,NaN,2025-04-26T02:43:00Z,Underway Science seawater impeller,TOI discrete,L10,"",39.940746,-70.881655,duplicate,NESLTER
ar88,50,2025-04-26T03:05:03Z,Bongo Net,deploy,L10,B6,39.939639,-70.881261,With PX secured to chain between bongo and weight. 80um net bookclamped to wire ~3m above Bongo,NESLTER
ar88,52,2025-04-26T03:28:01Z,Bongo Net,recover,L10,B6,39.931865,-70.877751,"",NESLTER
ar88,51,2025-04-26T05:18:16Z,CTD911,deploy,u11a,7,39.772336,-70.773572,"",NESLTER
ar88,55,2025-04-26T07:11:16Z,CTD911,deploy,d11a,8,39.772652,-70.992026,"",NESLTER
ar88,56,2025-04-26T08:20:00Z,Bongo Net,deploy,L11,B9,39.772343,-70.883496,"",NESLTER
ar88,57,2025-04-26T08:40:00Z,Bongo Net,recover,L11,B9,39.765461,-70.881676,"",NESLTER
ar88,58,2025-04-26T09:05:18Z,CTD911,deploy,L11,9,39.772393,-70.883631,"",NESLTER
ar88,150,2025-04-26T09:46:00Z,Underway Science seawater diaphragm pump,TOI discrete,L11,"",39.772387,-70.883616,"",NESLTER
ar88,151,2025-04-26T09:47:00Z,Underway Science seawater diaphragm pump,TOI discrete,L11,"",39.772387,-70.883616,duplicate,NESLTER
ar88,61,2025-04-26T10:26:45Z,Isaacs-Kidd Midwater Trawl,deploy,L11,4,39.771742,-70.8836,"",NESLTER
ar88,62,2025-04-26T10:50:44Z,Isaacs-Kidd Midwater Trawl,startSample,L11,4,39.753359,-70.885125,"",NESLTER
ar88,152,2025-04-26T11:02:00Z,Underway Science seawater diaphragm pump,TOI discrete,"","",39.744149,-70.885407,taken to compare during stable flow,NESLTER
ar88,63,2025-04-26T11:10:19Z,Isaacs-Kidd Midwater Trawl,stopSample,L11,4,39.737167,-70.885248,"",NESLTER
ar88,64,2025-04-26T11:27:41Z,Isaacs-Kidd Midwater Trawl,recover,L11,4,39.723457,-70.885244,"",NESLTER
ar88,59,2025-04-26T11:44:58Z,Sting Ray,deploy towed,L11,Tow003,39.724098,-70.885359,"",NESLTER
ar88,65,2025-04-26T13:45:55Z,SUNAV2,sync time,"","",39.854518,-70.88297,suna no time delay. downloaded data,NESLTER
ar88,66,2025-04-26T17:52:39Z,ADCP38,start,"","",40.138716,-70.883238,"",NESLTER
ar88,153,2025-04-26T19:13:00Z,Underway Science seawater diaphragm pump,TOI discrete,"","",40.24911,-70.88345,extra underway sample taken,NESLTER
ar88,68,2025-04-26T20:26:16Z,ADCP38,stop,L6,"",40.348762,-70.882292,Mei requested to have OS38 off due to interference with EK80. Before Stingray recovery and deployment of IKMT,NESLTER
ar88,67,2025-04-26T20:40:24Z,Sting Ray,recover,L6,Tow003,40.350887,-70.884591,"",NESLTER
ar88,69,2025-04-26T20:56:07Z,Isaacs-Kidd Midwater Trawl,deploy,L6,5,40.350132,-70.884483,Depth Range Targeted = 60-85 m,NESLTER
ar88,70,2025-04-26T21:20:10Z,Isaacs-Kidd Midwater Trawl,startSample,L6,5,40.33468,-70.883735,Depth Range Targeted = 60-85 m,NESLTER
ar88,71,2025-04-26T21:40:20Z,Isaacs-Kidd Midwater Trawl,stopSample,L6,5,40.319343,-70.884286,Depth Range Targeted = 60-85 m,NESLTER
ar88,72,2025-04-26T21:57:14Z,Isaacs-Kidd Midwater Trawl,recover,L6,5,40.309734,-70.883993,"",NESLTER
ar88,73,2025-04-26T22:00:48Z,CTD911,deploy,L6,10,40.308474,-70.883788,cleaned pinhole vents in both sets of tubing before cast,NESLTER
ar88,74,2025-04-26T23:45:29Z,Bongo Net,deploy,L6,B10,40.361458,-70.87765,"",NESLTER
ar88,75,2025-04-27T00:00:53Z,Bongo Net,recover,L6,B10,40.356324,-70.880421,"",NESLTER
ar88,76,2025-04-27T00:54:36Z,CTD911,deploy,u6a,11,40.364141,-70.774939,bottle 5 closed when it wasn't fired. Test later revealed that bottles close after data acq closed and when the SBE11+ is powered off,NESLTER
ar88,154,2025-04-27T02:18:00Z,Underway Science seawater diaphragm pump,TOI discrete,L7,"",40.362911,-70.991436,"",NESLTER
ar88,155,2025-04-27T02:28:00Z,Underway Science seawater diaphragm pump,TOI discrete,L7,"",40.362519,-70.990577,duplicate,NESLTER
ar88,77,2025-04-27T02:28:53Z,CTD911,abort,d6a,012x,40.362507,-70.990466,deployed at this time but aborted due to mismatch primary secondary TS,NESLTER
ar88,78,2025-04-27T03:38:16Z,CTD911,recover,d6a,012x,40.362818,-70.92685,CTD pump turned off a couple times after acq was started. Recover to check tubing,NESLTER
ar88,79,2025-04-27T03:40:19Z,CTD911,deploy,d6a,12,40.362792,-70.919472,deploy after secondary T C pump tubing was secured better,NESLTER
ar88,80,2025-04-27T03:41:15Z,CTD911,recover,d6a,12,40.362804,-70.916149,Four bottles were fired and closed. Bottle 5 closed even though it wasn't fired. Test earlier revealed that bottles close after Seasave data acq is stopped and when the SBE11+ is powered off. Lynne heard what sounded like a latch opening and bottle closing just before CTD was raised out of the water (when SBE11+ turned off),NESLTER
ar88,81,2025-04-27T04:20:21Z,Kongsberg EM 712,stop,"","",40.292426,-70.884083,"",NESLTER
ar88,82,2025-04-27T04:22:13Z,ADCP38,start,"","",40.287452,-70.884034,Mei requested to have OS38 on,NESLTER
ar88,83,2025-04-27T04:25:09Z,Other,other,"","",40.27993,-70.883872,Bridge Fathometer and Doppler turned off. Interferes with EK80,NESLTER
ar88,84,2025-04-27T06:44:42Z,CTD911,deploy,u9a,13,40.045877,-70.773971,"",NESLTER
ar88,85,2025-04-27T08:30:00Z,CTD911,deploy,d9a,14,40.047029,-70.994104,"",NESLTER
ar88,88,2025-04-27T09:52:00Z,Bongo Net,deploy,L9,B15,40.043974,-70.884116,"",NESLTER
ar88,89,2025-04-27T10:13:00Z,Bongo Net,recover,L9,B15,40.040662,-70.895658,"",NESLTER
ar88,86,2025-04-27T10:42:01Z,CTD911,deploy,L9,15,40.04606,-70.883654,"",NESLTER
ar88,91,2025-04-27T11:36:34Z,Isaacs-Kidd Midwater Trawl,deploy,L9,6,40.041767,-70.882226,"",NESLTER
ar88,92,2025-04-27T11:57:28Z,Isaacs-Kidd Midwater Trawl,startSample,L9,6,40.026675,-70.882243,"",NESLTER
ar88,93,2025-04-27T12:17:12Z,Isaacs-Kidd Midwater Trawl,stopSample,L9,6,40.010779,-70.881276,"",NESLTER
ar88,94,2025-04-27T12:32:36Z,Isaacs-Kidd Midwater Trawl,recover,L9,6,39.999375,-70.880974,"",NESLTER
ar88,87,2025-04-27T12:55:15Z,Sting Ray,deploy towed,L9.25,Tow004,39.999621,-70.881825,"",NESLTER
ar88,90,2025-04-27T13:46:46Z,Other,end,"","",40.066616,-70.882714,bridge turn off speed log,NESLTER
ar88,97,2025-04-27T19:00:00Z,Sting Ray,recover,L7,Tow004,40.25485,-70.884831,"",NESLTER
ar88,95,2025-04-27T19:16:59Z,portVaisala,service,"","",40.244512,-70.888348,restarting,NESLTER
ar88,96,2025-04-27T19:17:13Z,starboardVaisala,service,"","",40.243886,-70.888301,"",NESLTER
ar88,98,2025-04-27T20:39:07Z,Sting Ray,deploy towed,L9,Tow005,40.044664,-70.886512,"",NESLTER
ar88,99,2025-04-27T21:29:40Z,Other,other,"","",40.027772,-70.918165,"Trawl winch 0.681"" EM cable level wind adjusted with ~307 mwo Stingray in water SW of L9",NESLTER
ar88,100,2025-04-28T00:37:27Z,Sting Ray,recover,L7,Tow005,40.258899,-70.881436,"",NESLTER
ar88,101,2025-04-28T00:53:18Z,Isaacs-Kidd Midwater Trawl,deploy,L7,7,40.259151,-70.883793,"",NESLTER
ar88,102,2025-04-28T01:00:30Z,Isaacs-Kidd Midwater Trawl,startSample,L7,7,40.262458,-70.889239,"",NESLTER
ar88,103,2025-04-28T01:20:40Z,Isaacs-Kidd Midwater Trawl,stopSample,L7,7,40.27054,-70.903416,"",NESLTER
ar88,104,2025-04-28T01:28:49Z,Isaacs-Kidd Midwater Trawl,recover,L7,7,40.272767,-70.906857,"",NESLTER
ar88,105,2025-04-28T01:41:55Z,CTD911,deploy,L7,16,40.275244,-70.910856,"",NESLTER
ar88,NaN,2025-04-28T02:40:00Z,Underway Science seawater impeller,TOI discrete,L7,"",40.25494,-70.884805,"",NESLTER
ar88,NaN,2025-04-28T02:43:00Z,Underway Science seawater impeller,TOI discrete,L7,"",40.25506,-70.884729,duplicate,NESLTER
ar88,106,2025-04-28T02:50:15Z,Bongo Net,deploy,L7,B16,40.256634,-70.88576,"",NESLTER
ar88,107,2025-04-28T03:09:30Z,Bongo Net,recover,L7,B16,40.261911,-70.891777,"",NESLTER
ar88,108,2025-04-28T05:15:05Z,Bongo Net,deploy,L8,B17,40.150848,-70.886513,flowmeters spun for about 30 seconds in the air before net went into water,NESLTER
ar88,109,2025-04-28T05:31:18Z,Bongo Net,recover,L8,B17,40.154543,-70.894234,"",NESLTER
ar88,116,2025-04-28T06:35:00Z,CTD911,deploy,L8,17,40.151062,-70.88311,"",NESLTER
ar88,157,2025-04-28T07:09:00Z,Underway Science seawater diaphragm pump,TOI discrete,L8,"",40.150479,-70.884411,"",NESLTER
ar88,156,2025-04-28T07:11:00Z,Underway Science seawater diaphragm pump,TOI discrete,L8,"",40.15049,-70.884425,duplicate,NESLTER
ar88,110,2025-04-28T07:24:11Z,Isaacs-Kidd Midwater Trawl,deploy,L8,8,40.14881,-70.884904,"",NESLTER
ar88,111,2025-04-28T07:27:08Z,Isaacs-Kidd Midwater Trawl,startSample,L8,8,40.147037,-70.884952,"",NESLTER
ar88,112,2025-04-28T07:47:46Z,Isaacs-Kidd Midwater Trawl,stopSample,L8,8,40.133115,-70.88655,"",NESLTER
ar88,113,2025-04-28T07:52:12Z,Isaacs-Kidd Midwater Trawl,recover,L8,8,40.130418,-70.886878,"",NESLTER
ar88,114,2025-04-28T08:43:23Z,Other,other,"","",40.125797,-70.891052,saved 2 B52 CHN blank filters,NESLTER
ar88,115,2025-04-28T09:37:33Z,Sting Ray,deploy towed,L8,Tow006,40.129443,-70.885307,"",NESLTER
ar88,117,2025-04-28T13:26:30Z,SUNAV2,sync time,"","",40.439597,-70.881417,no time difference! before C18; downloaded data,NESLTER
ar88,118,2025-04-28T18:30:56Z,Sting Ray,recover,L3,Tow006,40.862328,-70.883026,"",NESLTER
ar88,119,2025-04-28T18:40:19Z,CTD911,other,"","",40.861621,-70.883403,CTD deployed but wire payout and speed issue requires recovery for troubleshooting,NESLTER
ar88,120,2025-04-28T20:28:06Z,Sting Ray,deploy towed,L3,Tow007,40.862721,-70.884031,"",NESLTER
ar88,122,2025-04-28T21:30:53Z,CTD911,other,"","",40.945371,-70.883736,Before CTD 018 at L3. Parts and a bad wire were replaced for speed and payout to function. Tested good.,NESLTER
ar88,121,2025-04-28T21:36:14Z,Sting Ray,recover,L2.5,Tow007,40.951153,-70.883896,"",NESLTER
ar88,123,2025-04-28T22:04:35Z,CTD911,deploy,L3,18,40.919014,-70.883307,"",NESLTER
ar88,124,2025-04-28T23:01:35Z,Bongo Net,deploy,L3,B18,40.865006,-70.885091,"",NESLTER
ar88,130,2025-04-28T23:08:32Z,Bongo Net,recover,L3,B18,40.868787,-70.885058,"",NESLTER
ar88,125,2025-04-29T00:00:03Z,Sting Ray,deploy towed,L2.5,Tow008,40.958564,-70.882163,"",NESLTER
ar88,126,2025-04-29T02:34:09Z,Sting Ray,recover,L1.25,Tow008,41.161385,-70.882372,"",NESLTER
ar88,127,2025-04-29T03:41:25Z,CTD911,deploy,L2,19,41.029617,-70.882853,"",NESLTER
ar88,158,2025-04-29T03:53:00Z,Underway Science seawater diaphragm pump,TOI discrete,L2,"",41.029086,-70.882362,"",NESLTER
ar88,159,2025-04-29T04:01:00Z,Underway Science seawater diaphragm pump,TOI discrete,L2,"",41.028912,-70.882196,duplicate,NESLTER
ar88,128,2025-04-29T04:15:16Z,Bongo Net,deploy,L2,B19,41.027081,-70.884338,"",NESLTER
ar88,129,2025-04-29T04:22:05Z,Bongo Net,recover,L2,B19,41.0255,-70.886389,"",NESLTER
ar88,131,2025-04-29T05:12:14Z,CTD911,deploy,u2a,20,41.030683,-70.772282,"",NESLTER
ar88,132,2025-04-29T06:40:03Z,CTD911,deploy,d2a,21,41.027569,-70.994065,"",NESLTER
ar88,133,2025-04-29T10:18:43Z,CTD911,deploy,MVCO,22,41.322379,-70.565927,"",NESLTER
ar88,134,2025-04-29T10:32:46Z,Bongo Net,deploy,MVCO,B22,41.321007,-70.567698,"",NESLTER
ar88,135,2025-04-29T10:38:00Z,Bongo Net,recover,MVCO,B22,41.318941,-70.569721,"",NESLTER
ar88,136,2025-04-29T12:28:22Z,EK80 broadband,stop,"","",41.24067,-70.885784,Sci stopped EK80,NESLTER
ar88,137,2025-04-29T12:42:26Z,Valeport SVS,recover,"","",41.278398,-70.891906,"",NESLTER
ar88,138,2025-04-29T12:43:29Z,CSTARS HZG radar,stop,"","",41.281303,-70.892147,"",NESLTER
ar88,139,2025-04-29T12:47:57Z,GO pCO2 8050,end,"","",41.293717,-70.892883,Running standards and securing,NESLTER
ar88,140,2025-04-29T13:10:16Z,IFCB continuous,stop,"","",41.324517,-70.899345,"",NESLTER
ar88,141,2025-04-29T13:14:13Z,Attune Flow Cytometer,stop,"","",41.33674,-70.900907,"",NESLTER
ar88,142,2025-04-29T13:19:09Z,EIMS,stop,"","",41.352862,-70.90225,EIMS Off,NESLTER
ar88,143,2025-04-29T13:22:59Z,Underway Science seawater diaphragm pump,stop,"","",41.365604,-70.902657,"",NESLTER
ar88,144,2025-04-29T13:36:11Z,UHDAS,stop,"","",41.396317,-70.858044,"",NESLTER
ar88,146,2025-04-29T14:43:19Z,SUNAV2,sync time,"","",41.472911,-70.733358,downloaded data before demob; was 1 s behind,NESLTER
ar88,166,2025-04-29T16:21:25Z,Ship,endCruise,"","",41.52333,-70.671794,"",NESLTER
ar92,1,2025-08-14T11:12:39Z,Ship,startCruise,"","",41.523173,-70.672143,"",NESLTER
ar92,13,2025-08-14T11:20:54Z,EK80 broadband,start,"","",41.519092,-70.672652,start of cruise,NESLTER
ar92,2,2025-08-14T11:22:59Z,UHDAS,start,"","",41.514501,-70.671152,"",NESLTER
ar92,3,2025-08-14T11:23:20Z,Kongsberg EM 712,start,"","",41.513673,-70.670801,"",NESLTER
ar92,4,2025-08-14T11:24:46Z,CSTARS HZG radar,start,"","",41.510309,-70.669804,"",NESLTER
ar92,6,2025-08-14T11:27:13Z,Kongsberg EM 712,stop,"","",41.503484,-70.66949,Will only run for deployments,NESLTER
ar92,7,2025-08-14T11:27:57Z,UHDAS,other,"","",41.50133,-70.670702,Securing the OS38 and only running BB mode for this trip,NESLTER
ar92,22,2025-08-14T11:28:00Z,ADCP38,stop,"","",41.501173,-70.670795,turn off to avoid interference with ship Ek80s,NESLTER
ar92,8,2025-08-14T11:35:05Z,CSTARS HZG radar,stop,"","",41.481927,-70.694066,Secured briefly for flags,NESLTER
ar92,10,2025-08-14T11:39:21Z,Underway Science seawater diaphragm pump,start,"","",41.472678,-70.712283,"",NESLTER
ar92,11,2025-08-14T11:40:03Z,GO pCO2 8050,start,"","",41.471218,-70.715322,"",NESLTER
ar92,12,2025-08-14T11:42:04Z,CSTARS HZG radar,start,"","",41.466971,-70.724081,"",NESLTER
ar92,14,2025-08-14T11:47:53Z,Valeport SVS,deploy,"","",41.455661,-70.746878,"",NESLTER
ar92,15,2025-08-14T12:11:32Z,IFCB continuous,start,"","",41.413376,-70.834619,IFCB101,NESLTER
ar92,16,2025-08-14T12:18:00Z,EIMS,start,"","",41.400826,-70.855645,EIMS started sampling underway water at beginning of cruise,NESLTER
ar92,17,2025-08-14T12:30:52Z,Attune Flow Cytometer,start,"","",41.375832,-70.89745,"",NESLTER
ar92,18,2025-08-14T13:54:27Z,CTD911,deploy,L1,001,41.196616,-70.883368,"",NESLTER
ar92,26,2025-08-14T14:00:00Z,Underway Science seawater diaphragm pump,mercury discrete,L1,"",41.196619,-70.883363,Hazel and Kristine,NESLTER
ar92,20,2025-08-14T14:06:00Z,mySAS,deploy,"","",41.196618,-70.883369,"",NESLTER
ar92,23,2025-08-14T14:44:47Z,Bongo Net,deploy,L1,B1,41.193702,-70.883077,"",NESLTER
ar92,24,2025-08-14T14:50:57Z,Bongo Net,recover,L1,B1,41.191506,-70.883231,"",NESLTER
ar92,19,2025-08-14T14:59:02Z,Incubation C13,start,L1,001,41.189933,-70.88331,"",NESLTER
ar92,21,2025-08-14T15:51:23Z,Incubation Grazing,start,L1,001,41.161559,-70.883275,"",NESLTER
ar92,34,2025-08-14T16:59:00Z,Underway Science seawater diaphragm pump,TOI discrete,"","",41.084947,-70.882741,493,NESLTER
ar92,25,2025-08-14T17:34:15Z,Sting Ray,deploy towed,L2,Tow001,41.068247,-70.879496,"",NESLTER
ar92,68,2025-08-14T18:05:00Z,mySAS,recover,"","",41.03615,-70.884495,"",NESLTER
ar92,35,2025-08-14T18:19:00Z,Underway Science seawater diaphragm pump,TOI discrete,"","",41.018323,-70.889612,325,NESLTER
ar92,178,2025-08-14T18:22:41Z,Underway Science seawater diaphragm pump,chl discrete,"","",41.01324,-70.888941,"",NESLTER
ar92,36,2025-08-14T19:16:00Z,Underway Science seawater diaphragm pump,TOI discrete,"","",40.943835,-70.883462,840,NESLTER
ar92,195,2025-08-14T19:37:00Z,Underway Science seawater diaphragm pump,NEPTUNE discrete,"","",40.915202,-70.883263,"",NESLTER
ar92,37,2025-08-14T20:17:00Z,Underway Science seawater diaphragm pump,TOI discrete,"","",40.86239,-70.882855,724,NESLTER
ar92,179,2025-08-14T21:55:06Z,Underway Science seawater diaphragm pump,chl discrete,"","",40.728584,-70.883276,"",NESLTER
ar92,38,2025-08-14T22:19:00Z,Underway Science seawater diaphragm pump,TOI discrete,"","",40.697547,-70.882515,590,NESLTER
ar92,27,2025-08-14T22:26:40Z,Sting Ray,recover,L4,Tow001,40.693545,-70.882392,"",NESLTER
ar92,196,2025-08-14T23:54:00Z,Underway Science seawater diaphragm pump,NEPTUNE discrete,"","",40.921265,-70.883504,"",NESLTER
ar92,51,2025-08-15T00:42:00Z,Underway Science seawater diaphragm pump,mercury discrete,L2,"",41.038964,-70.884301,Kristine Prelich,NESLTER
ar92,28,2025-08-15T00:47:57Z,CTD911,deploy,L2,002,41.038889,-70.884395,"",NESLTER
ar92,39,2025-08-15T01:08:00Z,Underway Science seawater diaphragm pump,TOI discrete,"","",41.038881,-70.884388,165,NESLTER
ar92,40,2025-08-15T01:10:00Z,Underway Science seawater diaphragm pump,TOI discrete,"","",41.038889,-70.884389,449,NESLTER
ar92,32,2025-08-15T01:26:00Z,Incubation C13,start,L2,002,41.036792,-70.880921,"",NESLTER
ar92,30,2025-08-15T01:26:33Z,Bongo Net,deploy,L2,B2,41.036631,-70.880647,"",NESLTER
ar92,31,2025-08-15T01:34:23Z,Bongo Net,recover,L2,B2,41.034411,-70.876698,"",NESLTER
ar92,29,2025-08-15T02:49:47Z,Incubation Grazing,start,L2,002,40.905849,-70.881595,"",NESLTER
ar92,180,2025-08-15T03:41:55Z,Underway Science seawater diaphragm pump,chl discrete,"","",40.754266,-70.882698,"",NESLTER
ar92,197,2025-08-15T03:44:00Z,Underway Science seawater diaphragm pump,NEPTUNE discrete,"","",40.748246,-70.882712,"",NESLTER
ar92,33,2025-08-15T05:06:17Z,CTD911,deploy,u4a,003,40.696361,-70.784283,"",NESLTER
ar92,181,2025-08-15T05:23:52Z,Underway Science seawater diaphragm pump,chl discrete,"","",40.696865,-70.851532,"",NESLTER
ar92,147,2025-08-15T06:00:00Z,mySAS,recover,"","",40.696603,-70.987743,"",NESLTER
ar92,70,2025-08-15T06:10:00Z,CTD911,deploy,d4a,004,40.695796,-70.994195,"",NESLTER
ar92,41,2025-08-15T07:09:18Z,CTD911,deploy,L4,005,40.696393,-70.882522,"",NESLTER
ar92,42,2025-08-15T07:18:10Z,CTD911,abort,L4,005,40.696398,-70.882518,bad conductivity difference,NESLTER
ar92,43,2025-08-15T07:23:32Z,CTD911,deploy,L4,006,40.696405,-70.882516,"",NESLTER
ar92,48,2025-08-15T07:30:00Z,Underway Science seawater diaphragm pump,mercury discrete,L4,"",40.696404,-70.882531,Hazel Levine,NESLTER
ar92,46,2025-08-15T07:49:00Z,Underway Science seawater diaphragm pump,TOI discrete,"","",40.696401,-70.882535,185,NESLTER
ar92,47,2025-08-15T07:51:00Z,Underway Science seawater diaphragm pump,TOI discrete,"","",40.696401,-70.88253,101,NESLTER
ar92,57,2025-08-15T08:06:53Z,Bongo Net,deploy,L4,B6,40.695193,-70.883857,"",NESLTER
ar92,58,2025-08-15T08:19:55Z,Bongo Net,recover,L4,B6,40.690527,-70.886776,"",NESLTER
ar92,44,2025-08-15T08:52:59Z,Incubation C13,start,L4,006,40.611493,-70.882539,"",NESLTER
ar92,45,2025-08-15T09:39:54Z,Incubation Grazing,start,L4,006,40.523411,-70.883426,"",NESLTER
ar92,53,2025-08-15T09:47:53Z,Isaacs-Kidd Midwater Trawl,deploy,L5,Tow1,40.52213,-70.883333,"",NESLTER
ar92,54,2025-08-15T09:51:57Z,Isaacs-Kidd Midwater Trawl,startSample,L5,Tow1,40.521213,-70.883306,"",NESLTER
ar92,55,2025-08-15T10:11:41Z,Isaacs-Kidd Midwater Trawl,stopSample,L5,Tow1,40.506203,-70.882959,"",NESLTER
ar92,56,2025-08-15T10:21:02Z,Isaacs-Kidd Midwater Trawl,recover,L5,Tow1,40.501373,-70.883127,"",NESLTER
ar92,50,2025-08-15T10:48:00Z,Underway Science seawater diaphragm pump,mercury discrete,L5,"",40.513593,-70.883508,Hazel Levine,NESLTER
ar92,49,2025-08-15T10:51:12Z,CTD911,deploy,L5,007,40.513581,-70.883517,"",NESLTER
ar92,71,2025-08-15T11:19:00Z,Underway Science seawater impeller,TOI discrete,"","",40.513595,-70.883492,125,NESLTER
ar92,72,2025-08-15T11:20:00Z,Underway Science seawater impeller,TOI discrete,"","",40.513597,-70.883502,337,NESLTER
ar92,59,2025-08-15T11:45:08Z,Bongo Net,deploy,L5,B7,40.513582,-70.883505,"",NESLTER
ar92,60,2025-08-15T11:53:13Z,Bongo Net,recover,L5,B7,40.515814,-70.88359,"",NESLTER
ar92,52,2025-08-15T13:14:50Z,Sting Ray,deploy towed,L4,Tow002,40.695879,-70.883648,"",NESLTER
ar92,69,2025-08-15T14:12:00Z,mySAS,deploy,"","",40.639213,-70.883111,"",NESLTER
ar92,198,2025-08-15T14:17:00Z,Underway Science seawater diaphragm pump,NEPTUNE discrete,"","",40.632154,-70.883029,"",NESLTER
ar92,61,2025-08-15T14:46:58Z,Incubation C13,stop,L1,001,40.592506,-70.882948,"",NESLTER
ar92,62,2025-08-15T15:42:53Z,Incubation Grazing,stop,L1,001,40.514756,-70.883683,"",NESLTER
ar92,63,2025-08-15T16:09:47Z,Underway Science seawater impeller,stop,"","",40.478983,-70.883685,Engineers repairing major leak,NESLTER
ar92,64,2025-08-15T16:10:43Z,Attune Flow Cytometer,stop,"","",40.47779,-70.883326,Underway leaked,NESLTER
ar92,65,2025-08-15T16:26:49Z,IFCB continuous,other,"","",40.456165,-70.883239,underway was secured to fix leak but it was between IFCB samples so IFCB was never stopped,NESLTER
ar92,66,2025-08-15T16:36:48Z,Attune Flow Cytometer,start,"","",40.442624,-70.882943,"",NESLTER
ar92,67,2025-08-15T16:53:45Z,Underway Science seawater impeller,stop,"","",40.417578,-70.883111,Maintenance done. Keeping pump secured since Incubators don't need them.,NESLTER
ar92,73,2025-08-15T17:36:00Z,Underway Science seawater diaphragm pump,TOI discrete,"","",40.36159,-70.884463,544,NESLTER
ar92,182,2025-08-15T17:55:53Z,Underway Science seawater diaphragm pump,chl discrete,"","",40.336649,-70.883863,"",NESLTER
ar92,74,2025-08-15T18:56:00Z,Underway Science seawater diaphragm pump,TOI discrete,"","",40.255221,-70.882993,728,NESLTER
ar92,199,2025-08-15T19:47:00Z,Underway Science seawater diaphragm pump,NEPTUNE discrete,"","",40.183922,-70.88195,"",NESLTER
ar92,75,2025-08-15T20:11:00Z,Underway Science seawater diaphragm pump,TOI discrete,"","",40.150187,-70.88303,556,NESLTER
ar92,76,2025-08-15T21:19:00Z,Underway Science seawater diaphragm pump,TOI discrete,"","",40.056948,-70.883691,775,NESLTER
ar92,77,2025-08-15T21:32:00Z,Underway Science seawater diaphragm pump,TOI discrete,"","",40.038415,-70.884174,388,NESLTER
ar92,78,2025-08-15T21:36:00Z,Underway Science seawater diaphragm pump,TOI discrete,"","",40.032631,-70.884364,787,NESLTER
ar92,79,2025-08-15T21:46:00Z,Underway Science seawater diaphragm pump,TOI discrete,"","",40.018517,-70.884645,160,NESLTER
ar92,80,2025-08-15T21:53:00Z,Underway Science seawater diaphragm pump,TOI discrete,"","",40.008548,-70.884373,789,NESLTER
ar92,93,2025-08-15T22:02:00Z,Underway Science seawater diaphragm pump,TOI discrete,"","",39.995999,-70.884467,402,NESLTER
ar92,94,2025-08-15T22:08:00Z,Underway Science seawater diaphragm pump,TOI discrete,"","",39.987907,-70.884212,512,NESLTER
ar92,95,2025-08-15T22:20:00Z,Underway Science seawater diaphragm pump,TOI discrete,"","",39.971129,-70.883462,674,NESLTER
ar92,183,2025-08-15T22:53:29Z,Underway Science seawater diaphragm pump,chl discrete,"","",39.924319,-70.883657,"",NESLTER
ar92,96,2025-08-16T00:46:00Z,Underway Science seawater diaphragm pump,TOI discrete,"","",39.775987,-70.884009,113,NESLTER
ar92,81,2025-08-16T00:59:07Z,Incubation C13,stop,L2,002,39.768868,-70.886722,"",NESLTER
ar92,116,2025-08-16T01:45:00Z,Sting Ray,recover,L11,Tow002,39.728408,-70.900682,"",NESLTER
ar92,200,2025-08-16T01:58:00Z,Underway Science seawater diaphragm pump,NEPTUNE discrete,"","",39.732644,-70.89535,"",NESLTER
ar92,82,2025-08-16T02:09:25Z,Incubation Grazing,stop,L2,002,39.761228,-70.888742,"",NESLTER
ar92,89,2025-08-16T02:56:01Z,Isaacs-Kidd Midwater Trawl,deploy,L10,Tow2,39.855747,-70.885323,"",NESLTER
ar92,90,2025-08-16T03:05:55Z,Isaacs-Kidd Midwater Trawl,startSample,L10,Tow2,39.862749,-70.886724,"",NESLTER
ar92,91,2025-08-16T03:25:21Z,Isaacs-Kidd Midwater Trawl,stopSample,L10,Tow2,39.885246,-70.890082,"",NESLTER
ar92,92,2025-08-16T03:34:51Z,Isaacs-Kidd Midwater Trawl,recover,L10,Tow2,39.891888,-70.891167,"",NESLTER
ar92,87,2025-08-16T04:03:00Z,Underway Science seawater diaphragm pump,mercury discrete,L10,"",39.941503,-70.88364,Kristine Prelich,NESLTER
ar92,83,2025-08-16T04:15:09Z,CTD911,deploy,L10,008,39.941923,-70.883989,"",NESLTER
ar92,97,2025-08-16T05:08:00Z,Underway Science seawater impeller,TOI discrete,"","",39.945141,-70.886556,632,NESLTER
ar92,148,2025-08-16T05:09:00Z,mySAS,deploy,"","",39.945187,-70.886592,"",NESLTER
ar92,98,2025-08-16T05:09:00Z,Underway Science seawater impeller,TOI discrete,"","",39.945187,-70.886592,667,NESLTER
ar92,85,2025-08-16T05:30:45Z,Bongo Net,deploy,L10,B8,39.947414,-70.883575,"",NESLTER
ar92,86,2025-08-16T06:00:05Z,Bongo Net,recover,L10,B8,39.953109,-70.868332,"",NESLTER
ar92,84,2025-08-16T06:19:07Z,Incubation C13,start,L10,008,39.926358,-70.840992,"",NESLTER
ar92,88,2025-08-16T07:06:04Z,Incubation Grazing,start,L10,008,39.803601,-70.884622,"",NESLTER
ar92,100,2025-08-16T08:01:00Z,CTD911,deploy,u11a,009,39.773664,-70.774928,"",NESLTER
ar92,99,2025-08-16T08:39:48Z,Incubation C13,stop,L4,006,39.773864,-70.775138,"",NESLTER
ar92,101,2025-08-16T09:50:12Z,Incubation Grazing,stop,L4,006,39.774124,-70.992394,"",NESLTER
ar92,102,2025-08-16T09:56:00Z,CTD911,deploy,d11a,010,39.774284,-70.992513,"",NESLTER
ar92,108,2025-08-16T11:16:11Z,Bongo Net,deploy,L11,B11,39.773602,-70.88261,"",NESLTER
ar92,109,2025-08-16T11:40:55Z,Bongo Net,recover,L11,B11,39.781328,-70.877724,"",NESLTER
ar92,184,2025-08-16T11:55:08Z,Underway Science seawater diaphragm pump,chl discrete,"","",39.772844,-70.883962,"",NESLTER
ar92,106,2025-08-16T12:00:00Z,Underway Science seawater diaphragm pump,mercury discrete,L11,"",39.772586,-70.883606,Hazel Levine,NESLTER
ar92,103,2025-08-16T12:05:35Z,CTD911,deploy,L11,011,39.772567,-70.883578,"",NESLTER
ar92,225,2025-08-16T12:46:00Z,Underway Science seawater diaphragm pump,TOI discrete,"","",39.771751,-70.882525,175,NESLTER
ar92,226,2025-08-16T12:49:00Z,Underway Science seawater diaphragm pump,TOI discrete,"","",39.771667,-70.88241,719,NESLTER
ar92,110,2025-08-16T13:11:14Z,Isaacs-Kidd Midwater Trawl,deploy,L11,Tow3,39.763689,-70.885617,"",NESLTER
ar92,104,2025-08-16T13:24:41Z,Incubation C13,start,L11,011,39.753915,-70.888657,"",NESLTER
ar92,111,2025-08-16T13:40:00Z,Isaacs-Kidd Midwater Trawl,startSample,L11,Tow3,39.741948,-70.891904,"",NESLTER
ar92,112,2025-08-16T14:00:28Z,Isaacs-Kidd Midwater Trawl,stopSample,L11,Tow3,39.726858,-70.897522,"",NESLTER
ar92,113,2025-08-16T14:39:58Z,Isaacs-Kidd Midwater Trawl,recover,L11,Tow3,39.695665,-70.910183,"",NESLTER
ar92,105,2025-08-16T14:40:42Z,Incubation Grazing,start,L11,011,39.695343,-70.910488,"",NESLTER
ar92,107,2025-08-16T15:17:10Z,Sting Ray,deploy towed,L11,Tow003,39.737972,-70.898799,"",NESLTER
ar92,114,2025-08-16T18:09:40Z,ADCP38,start,"","",39.906984,-70.884276,"",NESLTER
ar92,115,2025-08-16T18:10:25Z,ADCP38,start,"","",39.907964,-70.884209,"",NESLTER
ar92,149,2025-08-16T18:18:18Z,mySAS,recover,"","",39.918073,-70.883539,"",NESLTER
ar92,228,2025-08-16T18:37:00Z,Underway Science seawater diaphragm pump,TOI discrete,"","",39.943471,-70.883174,550,NESLTER
ar92,227,2025-08-16T18:37:00Z,Underway Science seawater diaphragm pump,TOI discrete,"","",39.943471,-70.883174,550,NESLTER
ar92,185,2025-08-16T18:44:24Z,Underway Science seawater diaphragm pump,chl discrete,"","",39.953355,-70.883398,"",NESLTER
ar92,229,2025-08-16T19:57:00Z,Underway Science seawater diaphragm pump,TOI discrete,"","",40.053408,-70.885945,598,NESLTER
ar92,230,2025-08-16T21:08:00Z,Underway Science seawater diaphragm pump,TOI discrete,"","",40.15518,-70.883365,406,NESLTER
ar92,231,2025-08-16T22:10:00Z,Underway Science seawater diaphragm pump,TOI discrete,"","",40.246726,-70.883541,285,NESLTER
ar92,201,2025-08-16T22:17:00Z,Underway Science seawater diaphragm pump,NEPTUNE discrete,"","",40.257512,-70.883368,"",NESLTER
ar92,117,2025-08-16T23:44:34Z,Sting Ray,recover,L6,Tow003,40.370515,-70.884939,"",NESLTER
ar92,118,2025-08-16T23:58:01Z,Isaacs-Kidd Midwater Trawl,deploy,L6,Tow4,40.373607,-70.884743,"",NESLTER
ar92,120,2025-08-17T00:03:32Z,Isaacs-Kidd Midwater Trawl,startSample,L6,Tow4,40.372877,-70.881144,"",NESLTER
ar92,121,2025-08-17T00:23:52Z,Isaacs-Kidd Midwater Trawl,stopSample,L6,Tow4,40.365587,-70.852907,"",NESLTER
ar92,119,2025-08-17T00:30:55Z,Isaacs-Kidd Midwater Trawl,recover,L6,Tow4,40.363537,-70.844746,"",NESLTER
ar92,127,2025-08-17T00:53:00Z,Underway Science seawater diaphragm pump,mercury discrete,L6,"",40.363511,-70.884129,Kristine Prelich,NESLTER
ar92,126,2025-08-17T00:57:30Z,CTD911,deploy,L6,012,40.363764,-70.8842,"",NESLTER
ar92,232,2025-08-17T01:29:00Z,Underway Science seawater diaphragm pump,TOI discrete,"","",40.365549,-70.884562,216,NESLTER
ar92,233,2025-08-17T01:31:00Z,Underway Science seawater diaphragm pump,TOI discrete,"","",40.365713,-70.884499,783,NESLTER
ar92,124,2025-08-17T01:45:53Z,Bongo Net,deploy,L6,B12,40.364433,-70.881421,"",NESLTER
ar92,125,2025-08-17T02:02:53Z,Bongo Net,recover,L6,B12,40.359263,-70.872457,"",NESLTER
ar92,122,2025-08-17T02:11:39Z,Incubation C13,start,L6,012,40.359307,-70.880863,"",NESLTER
ar92,123,2025-08-17T02:58:41Z,Incubation Grazing,start,L6,012,40.362718,-70.735288,"",NESLTER
ar92,128,2025-08-17T03:45:04Z,CTD911,deploy,u6b,013,40.358611,-70.663955,"",NESLTER
ar92,186,2025-08-17T04:30:00Z,Underway Science seawater diaphragm pump,chl discrete,"","",40.363043,-70.724215,"",NESLTER
ar92,129,2025-08-17T04:51:07Z,CTD911,deploy,u6a,014,40.36243,-70.774568,"",NESLTER
ar92,130,2025-08-17T06:00:00Z,Incubation C13,stop,L10,008,40.363569,-70.945876,"",NESLTER
ar92,131,2025-08-17T06:21:25Z,CTD911,deploy,d6a,015,40.362537,-70.993459,"",NESLTER
ar92,132,2025-08-17T07:04:47Z,Incubation Grazing,stop,L10,008,40.363127,-71.05284,"",NESLTER
ar92,158,2025-08-17T07:45:00Z,CTD911,deploy,d6b,016,40.362258,-71.100672,"",NESLTER
ar92,236,2025-08-17T10:02:00Z,Underway Science seawater impeller,TOI discrete,"","",40.210959,-70.882992,105,NESLTER
ar92,237,2025-08-17T10:03:00Z,Underway Science seawater diaphragm pump,TOI discrete,"","",40.207897,-70.883083,766,NESLTER
ar92,234,2025-08-17T10:03:00Z,Underway Science seawater diaphragm pump,TOI discrete,"","",40.207897,-70.883083,173,NESLTER
ar92,235,2025-08-17T10:04:00Z,Underway Science seawater diaphragm pump,TOI discrete,"","",40.204978,-70.883189,761,NESLTER
ar92,187,2025-08-17T10:25:00Z,Underway Science seawater diaphragm pump,chl discrete,"","",40.151298,-70.882774,"",NESLTER
ar92,134,2025-08-17T10:34:47Z,Bongo Net,deploy,L8,B17,40.150345,-70.883364,"",NESLTER
ar92,135,2025-08-17T10:59:41Z,Bongo Net,recover,L8,B17,40.14055,-70.891235,"",NESLTER
ar92,133,2025-08-17T11:18:09Z,CTD911,deploy,L8,017,40.151976,-70.884261,"",NESLTER
ar92,145,2025-08-17T11:19:00Z,Underway Science seawater diaphragm pump,mercury discrete,L8,"",40.152007,-70.884344,Hazel Levine,NESLTER
ar92,139,2025-08-17T12:12:28Z,Isaacs-Kidd Midwater Trawl,deploy,L8,Tow5,40.153882,-70.887339,"",NESLTER
ar92,140,2025-08-17T12:21:51Z,Isaacs-Kidd Midwater Trawl,startSample,L8,Tow5,40.153661,-70.882132,"",NESLTER
ar92,141,2025-08-17T12:41:49Z,Isaacs-Kidd Midwater Trawl,stopSample,L8,Tow5,40.152421,-70.861334,"",NESLTER
ar92,142,2025-08-17T12:51:33Z,Isaacs-Kidd Midwater Trawl,recover,L8,Tow5,40.152377,-70.851255,"",NESLTER
ar92,136,2025-08-17T12:58:43Z,Incubation C13,start,L8,017,40.152303,-70.847308,"",NESLTER
ar92,137,2025-08-17T13:31:30Z,Incubation Grazing,start,L8,017,40.151775,-70.726447,"",NESLTER
ar92,138,2025-08-17T13:44:28Z,Incubation C13,stop,L11,011,40.151528,-70.678178,"",NESLTER
ar92,143,2025-08-17T14:04:07Z,Sting Ray,deploy towed,u8b,Tow004,40.151613,-70.666166,"",NESLTER
ar92,150,2025-08-17T14:26:00Z,mySAS,deploy,"","",40.151826,-70.688868,"",NESLTER
ar92,144,2025-08-17T14:36:26Z,Incubation Grazing,stop,L11,011,40.151964,-70.703757,"",NESLTER
ar92,209,2025-08-17T15:10:00Z,Underway Science seawater diaphragm pump,TOI discrete,"","",40.152129,-70.751618,727,NESLTER
ar92,146,2025-08-17T15:11:20Z,ADCP300,stop,"","",40.152108,-70.753517,Stopped for scientists,NESLTER
ar92,188,2025-08-17T17:10:00Z,Underway Science seawater diaphragm pump,chl discrete,"","",40.153166,-70.92418,"",NESLTER
ar92,210,2025-08-17T17:39:00Z,Underway Science seawater diaphragm pump,TOI discrete,"","",40.153356,-70.966085,771,NESLTER
ar92,164,2025-08-17T18:00:00Z,mySAS,recover,"","",40.153236,-70.995842,"",NESLTER
ar92,211,2025-08-17T18:20:00Z,Underway Science seawater diaphragm pump,TOI discrete,"","",40.153091,-71.025383,753,NESLTER
ar92,256,2025-08-17T18:32:00Z,IFCB continuous,start,"","",40.153105,-71.042705,IFCB115,NESLTER
ar92,202,2025-08-17T19:07:00Z,Underway Science seawater diaphragm pump,NEPTUNE discrete,"","",40.152819,-71.091445,"",NESLTER
ar92,189,2025-08-17T20:41:00Z,Underway Science seawater diaphragm pump,chl discrete,"","",40.153213,-70.978318,"",NESLTER
ar92,203,2025-08-17T22:13:00Z,Underway Science seawater diaphragm pump,NEPTUNE discrete,"","",40.208908,-70.882466,"",NESLTER
ar92,151,2025-08-18T00:10:00Z,Sting Ray,recover,L6,Tow004,40.369374,-70.882371,"",NESLTER
ar92,204,2025-08-18T00:45:00Z,Underway Science seawater diaphragm pump,NEPTUNE discrete,"","",40.326575,-70.882775,"",NESLTER
ar92,152,2025-08-18T01:49:50Z,Underway Science seawater diaphragm pump,IFCB discrete,"","",40.134534,-70.882799,uw1,NESLTER
ar92,153,2025-08-18T02:04:37Z,Incubation C13,stop,L6,012,40.089724,-70.883476,"",NESLTER
ar92,154,2025-08-18T03:00:09Z,Incubation Grazing,stop,L6,012,40.045771,-70.774812,"",NESLTER
ar92,155,2025-08-18T03:04:34Z,CTD911,deploy,u9a,018,40.045727,-70.77476,"",NESLTER
ar92,156,2025-08-18T04:48:06Z,CTD911,deploy,d9a,019,40.042936,-70.990035,"",NESLTER
ar92,159,2025-08-18T05:03:33Z,Isaacs-Kidd Midwater Trawl,deploy,L9,Tow6,40.042276,-70.988781,"",NESLTER
ar92,191,2025-08-18T05:07:00Z,Underway Science seawater diaphragm pump,chl discrete,"","",40.042146,-70.988526,"",NESLTER
ar92,205,2025-08-18T05:36:00Z,Underway Science seawater diaphragm pump,NEPTUNE discrete,"","",40.045744,-70.943803,"",NESLTER
ar92,160,2025-08-18T05:37:09Z,Isaacs-Kidd Midwater Trawl,startSample,L9,Tow6,40.045795,-70.942461,"",NESLTER
ar92,161,2025-08-18T05:57:41Z,Isaacs-Kidd Midwater Trawl,stopSample,L9,Tow6,40.046912,-70.917637,"",NESLTER
ar92,162,2025-08-18T06:03:01Z,Isaacs-Kidd Midwater Trawl,recover,L9,Tow6,40.046699,-70.91377,"",NESLTER
ar92,163,2025-08-18T06:23:00Z,Underway Science seawater diaphragm pump,mercury discrete,L9,"",40.045542,-70.883271,Kristine Prelich,NESLTER
ar92,157,2025-08-18T06:23:03Z,CTD911,deploy,L9,020,40.045544,-70.883269,"",NESLTER
ar92,212,2025-08-18T07:00:00Z,Underway Science seawater impeller,TOI discrete,"","",40.045508,-70.882927,624,NESLTER
ar92,213,2025-08-18T07:02:00Z,Underway Science seawater impeller,TOI discrete,"","",40.045527,-70.88294,414,NESLTER
ar92,169,2025-08-18T07:17:35Z,Bongo Net,deploy,L9,B20,40.04246,-70.882758,"",NESLTER
ar92,257,2025-08-18T07:30:00Z,IFCB continuous,stop,"","",40.035722,-70.882031,stop IFCB115 to run discrete,NESLTER
ar92,214,2025-08-18T07:43:00Z,Underway Science seawater diaphragm pump,TOI discrete,"","",40.027672,-70.88124,604,NESLTER
ar92,170,2025-08-18T07:48:26Z,Bongo Net,recover,L9,B20,40.024474,-70.880899,"",NESLTER
ar92,192,2025-08-18T07:55:00Z,Underway Science seawater diaphragm pump,chl discrete,"","",40.022044,-70.880632,"",NESLTER
ar92,193,2025-08-18T09:15:00Z,Underway Science seawater diaphragm pump,chl discrete,"","",40.230712,-70.884578,"",NESLTER
ar92,167,2025-08-18T09:37:23Z,Bongo Net,deploy,L7,B21,40.259698,-70.881341,"",NESLTER
ar92,168,2025-08-18T09:54:25Z,Bongo Net,recover,L7,B21,40.266269,-70.87602,"",NESLTER
ar92,177,2025-08-18T10:22:00Z,Underway Science seawater diaphragm pump,mercury discrete,L7,"",40.258374,-70.893425,Hazel Levine,NESLTER
ar92,165,2025-08-18T10:35:21Z,CTD911,deploy,L7,021,40.258486,-70.895035,"",NESLTER
ar92,215,2025-08-18T10:43:00Z,Underway Science seawater diaphragm pump,TOI discrete,"","",40.258232,-70.896678,567,NESLTER
ar92,216,2025-08-18T10:47:00Z,Underway Science seawater diaphragm pump,TOI discrete,"","",40.258096,-70.898168,780,NESLTER
ar92,171,2025-08-18T11:20:03Z,Isaacs-Kidd Midwater Trawl,deploy,L7,Tow7,40.257551,-70.899986,"",NESLTER
ar92,172,2025-08-18T11:32:01Z,Isaacs-Kidd Midwater Trawl,startSample,L7,Tow7,40.258605,-70.898062,"",NESLTER
ar92,217,2025-08-18T11:37:00Z,Underway Science seawater diaphragm pump,TOI discrete,"","",40.260472,-70.895263,499,NESLTER
ar92,173,2025-08-18T11:52:23Z,Isaacs-Kidd Midwater Trawl,startSample,L7,Tow7,40.263815,-70.888051,"",NESLTER
ar92,174,2025-08-18T11:59:48Z,Isaacs-Kidd Midwater Trawl,startSample,L7,Tow7,40.26749,-70.884709,"",NESLTER
ar92,194,2025-08-18T12:20:00Z,Underway Science seawater diaphragm pump,chl discrete,"","",40.292867,-70.883221,"",NESLTER
ar92,166,2025-08-18T12:35:13Z,Incubation Grazing,stop,L8,017,40.32227,-70.884346,"",NESLTER
ar92,218,2025-08-18T13:00:00Z,Underway Science seawater diaphragm pump,TOI discrete,"","",40.362577,-70.883233,765,NESLTER
ar92,175,2025-08-18T13:11:45Z,Sting Ray,deploy towed,L6,Tow005,40.363267,-70.882412,"",NESLTER
ar92,176,2025-08-18T14:18:44Z,Incubation C13,stop,L8,017,40.434965,-70.881909,"",NESLTER
ar92,219,2025-08-18T15:20:00Z,Underway Science seawater diaphragm pump,TOI discrete,"","",40.517847,-70.883669,134,NESLTER
ar92,220,2025-08-18T17:26:00Z,Underway Science seawater diaphragm pump,TOI discrete,"","",40.69968,-70.881876,335,NESLTER
ar92,206,2025-08-18T19:00:00Z,Underway Science seawater diaphragm pump,NEPTUNE discrete,"","",40.834379,-70.883093,"",NESLTER
ar92,258,2025-08-18T19:20:00Z,IFCB continuous,start,"","",40.863693,-70.883089,Start IFCB115,NESLTER
ar92,221,2025-08-18T19:21:00Z,Underway Science seawater diaphragm pump,TOI discrete,"","",40.865147,-70.883143,396,NESLTER
ar92,222,2025-08-18T20:13:00Z,Underway Science seawater diaphragm pump,TOI discrete,"","",40.939611,-70.884422,282,NESLTER
ar92,223,2025-08-18T21:17:00Z,Underway Science seawater diaphragm pump,TOI discrete,"","",41.029927,-70.888407,146,NESLTER
ar92,224,2025-08-18T22:13:00Z,Underway Science seawater diaphragm pump,TOI discrete,"","",41.105984,-70.887059,189,NESLTER
ar92,207,2025-08-18T22:45:00Z,Sting Ray,recover,L1.5,Tow005,41.141949,-70.88793,"",NESLTER
ar92,238,2025-08-19T00:23:00Z,Underway Science seawater diaphragm pump,mercury discrete,L3,"",40.872089,-70.884936,Kristine Prelich,NESLTER
ar92,208,2025-08-19T00:35:20Z,CTD911,deploy,L3,022,40.861631,-70.884118,"",NESLTER
ar92,240,2025-08-19T01:05:34Z,Bongo Net,deploy,L3,B22,40.862922,-70.880839,"",NESLTER
ar92,241,2025-08-19T01:16:34Z,Bongo Net,recover,L3,B22,40.866252,-70.87516,"",NESLTER
ar92,239,2025-08-19T02:35:24Z,CTD911,deploy,L2,023,41.037089,-70.886752,"",NESLTER
ar92,254,2025-08-19T03:30:00Z,CTD911,deploy,u2a,024,41.038668,-70.772924,"",NESLTER
ar92,255,2025-08-19T04:45:00Z,CTD911,deploy,d2a,025,41.040213,-70.994358,"",NESLTER
ar92,242,2025-08-19T05:17:21Z,Valeport SVS,recover,"","",41.039396,-70.951184,"",NESLTER
ar92,243,2025-08-19T08:27:49Z,CTD911,deploy,MVCO,026,41.321324,-70.565815,"",NESLTER
ar92,253,2025-08-19T08:30:00Z,Underway Science seawater diaphragm pump,mercury discrete,MVCO,"",41.321351,-70.56582,Hazel Levine,NESLTER
ar92,244,2025-08-19T09:05:31Z,Bongo Net,deploy,MVCO,B26,41.321429,-70.552751,"",NESLTER
ar92,245,2025-08-19T09:09:01Z,Bongo Net,recover,MVCO,B26,41.321467,-70.549631,"",NESLTER
ar92,246,2025-08-19T10:58:23Z,Attune Flow Cytometer,stop,"","",41.212567,-70.877334,"",NESLTER
ar92,247,2025-08-19T10:59:18Z,EIMS,stop,"","",41.214649,-70.879665,"",NESLTER
ar92,249,2025-08-19T11:00:53Z,EK80 broadband,stop,"","",41.218304,-70.883618,"",NESLTER
ar92,248,2025-08-19T11:00:55Z,Underway Science seawater diaphragm pump,stop,"","",41.218343,-70.883659,"",NESLTER
ar92,250,2025-08-19T11:05:15Z,UHDAS,stop,"","",41.23018,-70.888052,"",NESLTER
ar92,251,2025-08-19T11:07:54Z,CSTARS HZG radar,stop,"","",41.237851,-70.889559,"",NESLTER
ar92,252,2025-08-19T11:10:53Z,IFCB continuous,stop,"","",41.246634,-70.891134,both IFCB101 & IFCB115,NESLTER
ar92,259,2025-08-19T16:29:43Z,Ship,endCruise,"","",41.523748,-70.672674,"",NESLTER
ar95,25,2025-10-18T13:07:05Z,EK80 broadband,start,"","",41.523386,-70.67176,start of cruise,NESLTER
ar95,1,2025-10-18T13:09:08Z,Ship,startCruise,"","",41.52338,-70.671761,"",NESLTER
ar95,2,2025-10-18T13:10:13Z,UHDAS,start,"","",41.523299,-70.671854,"",NESLTER
ar95,3,2025-10-18T13:23:04Z,SUNAV2,onCTD,"","",41.491643,-70.673064,"",NESLTER
ar95,4,2025-10-18T13:37:26Z,CSTARS HZG radar,start,"","",41.467333,-70.71866,"",NESLTER
ar95,5,2025-10-18T14:02:28Z,Underway Science seawater diaphragm pump,start,"","",41.423529,-70.805289,"",NESLTER
ar95,6,2025-10-18T14:02:38Z,Underway Science seawater impeller,start,"","",41.423231,-70.805925,"",NESLTER
ar95,7,2025-10-18T14:02:52Z,GO pCO2 8050,start,"","",41.422816,-70.806675,"",NESLTER
ar95,8,2025-10-18T14:28:20Z,Attune Flow Cytometer,start,"","",41.376002,-70.886039,approimxate start time,NESLTER
ar95,41,2025-10-18T14:45:10Z,IFCB continuous,start,"","",41.329791,-70.899625,IFCB115,NESLTER
ar95,9,2025-10-18T15:38:02Z,SUNAV2,sync time,"","",41.198181,-70.882858,time sync start of cruise before C1,NESLTER
ar95,10,2025-10-18T15:45:18Z,CTD911,deploy,L1,001,41.198099,-70.883189,"",NESLTER
ar95,12,2025-10-18T15:53:09Z,EK80 broadband,stop,"","",41.197985,-70.883595,Ship Ek80 stopped working,NESLTER
ar95,15,2025-10-18T16:44:08Z,Bongo Net,deploy,L1,B1,41.201566,-70.887092,"",NESLTER
ar95,16,2025-10-18T16:55:44Z,Bongo Net,recover,L1,B1,41.207567,-70.890594,"",NESLTER
ar95,17,2025-10-18T17:25:22Z,IFCB continuous,start,"","",41.209082,-70.890511,IFCB101,NESLTER
ar95,13,2025-10-18T17:48:41Z,Sting Ray,deploy towed,L1,Tow001,41.206041,-70.886593,"",NESLTER
ar95,27,2025-10-18T18:07:00Z,Other,start,"","",41.188542,-70.883575,DMS analyzer started on seawater,NESLTER
ar95,121,2025-10-18T18:21:00Z,Incubation C13,stop,L1,001,41.177018,-70.883569,"",NESLTER
ar95,14,2025-10-18T18:23:59Z,Incubation C13,start,L1,001,41.17416,-70.88346,"",NESLTER
ar95,26,2025-10-18T18:28:33Z,EK80 broadband,start,"","",41.169389,-70.88336,"",NESLTER
ar95,18,2025-10-19T00:13:27Z,Sting Ray,recover,L4,Tow001,40.691645,-70.87961,"",NESLTER
ar95,42,2025-10-19T02:15:45Z,IFCB continuous,stop,"","",41.019641,-70.866933,IFCB101 stop to run discrete,NESLTER
ar95,19,2025-10-19T02:44:47Z,CTD911,deploy,L2,002,41.039021,-70.884209,"",NESLTER
ar95,122,2025-10-19T03:15:00Z,Incubation C13,start,L2,002,41.038869,-70.882799,"",NESLTER
ar95,20,2025-10-19T03:23:12Z,Bongo Net,deploy,L2,B2,41.038486,-70.878467,"",NESLTER
ar95,21,2025-10-19T03:32:00Z,Bongo Net,recover,L2,B2,41.038049,-70.872564,"",NESLTER
ar95,43,2025-10-19T05:20:06Z,IFCB continuous,start,"","",40.835195,-70.883425,IFCB101,NESLTER
ar95,23,2025-10-19T07:10:30Z,CTD911,deploy,u4a,003,40.697076,-70.77379,"",NESLTER
ar95,28,2025-10-19T09:03:44Z,CTD911,deploy,d4a,004,40.696943,-70.993655,"",NESLTER
ar95,84,2025-10-19T09:11:00Z,Underway Science seawater diaphragm pump,TOI discrete,d4a,"",40.697672,-70.99436,bottle 846,NESLTER
ar95,85,2025-10-19T09:15:00Z,Underway Science seawater diaphragm pump,TOI discrete,d4a,"",40.696687,-70.989676,bottle 778,NESLTER
ar95,30,2025-10-19T10:00:00Z,Bongo Net,deploy,L4,B5,40.695908,-70.883259,lots of salps,NESLTER
ar95,31,2025-10-19T10:13:00Z,Bongo Net,recover,L4,B5,40.689096,-70.88292,"",NESLTER
ar95,44,2025-10-19T10:30:32Z,IFCB continuous,stop,"","",40.697167,-70.885008,IFCB101 stop to run discrete,NESLTER
ar95,88,2025-10-19T10:35:00Z,CTD911,deploy,L4,005,40.697801,-70.885703,"",NESLTER
ar95,124,2025-10-19T11:30:00Z,Incubation C13,start,L4,005,40.627787,-70.883543,"",NESLTER
ar95,38,2025-10-19T12:17:42Z,Bongo Net,deploy,L5,B6,40.512482,-70.883311,"",NESLTER
ar95,39,2025-10-19T12:29:38Z,Bongo Net,recover,L5,B6,40.506347,-70.883737,"",NESLTER
ar95,32,2025-10-19T12:47:36Z,CTD911,deploy,L5,006,40.513946,-70.882445,"",NESLTER
ar95,34,2025-10-19T13:40:47Z,Isaacs-Kidd Midwater Trawl,deploy,L5,Tow01,40.525052,-70.884183,"",NESLTER
ar95,35,2025-10-19T13:46:27Z,Isaacs-Kidd Midwater Trawl,startSample,L5,Tow01,40.530049,-70.883826,"",NESLTER
ar95,36,2025-10-19T14:06:23Z,Isaacs-Kidd Midwater Trawl,stopSample,L5,Tow01,40.546827,-70.883112,"",NESLTER
ar95,37,2025-10-19T14:12:03Z,Isaacs-Kidd Midwater Trawl,recover,L5,Tow01,40.55155,-70.883234,"",NESLTER
ar95,40,2025-10-19T15:25:11Z,Sting Ray,deploy towed,L4,Tow002,40.69501,-70.883396,"",NESLTER
ar95,45,2025-10-19T18:13:00Z,IFCB continuous,start,"","",40.468416,-70.883302,IFCB101,NESLTER
ar95,46,2025-10-20T02:01:13Z,Sting Ray,recover,L11,Tow002,39.786312,-70.883281,"",NESLTER
ar95,47,2025-10-20T02:46:00Z,Isaacs-Kidd Midwater Trawl,deploy,L10,Tow02,39.861814,-70.88366,"",NESLTER
ar95,49,2025-10-20T02:51:00Z,Isaacs-Kidd Midwater Trawl,startSample,L10,Tow02,39.865133,-70.884567,"",NESLTER
ar95,50,2025-10-20T03:11:09Z,Isaacs-Kidd Midwater Trawl,stopSample,L10,Tow02,39.886712,-70.887616,"",NESLTER
ar95,51,2025-10-20T03:18:40Z,Isaacs-Kidd Midwater Trawl,recover,L10,Tow02,39.891515,-70.888472,"",NESLTER
ar95,117,2025-10-20T03:50:00Z,IFCB continuous,stop,"","",39.937121,-70.884808,IFCB101 stop to run discrete,NESLTER
ar95,48,2025-10-20T04:03:55Z,CTD911,deploy,L10,007,39.939305,-70.883677,"",NESLTER
ar95,123,2025-10-20T04:30:00Z,Incubation C13,stop,L2,002,39.939565,-70.883401,"",NESLTER
ar95,52,2025-10-20T04:55:00Z,Bongo Net,deploy,L10,B7,39.938988,-70.882367,"",NESLTER
ar95,53,2025-10-20T05:20:00Z,Bongo Net,recover,L10,B7,39.932105,-70.872229,"",NESLTER
ar95,126,2025-10-20T06:00:00Z,Incubation C13,start,L10,007,39.86897,-70.883293,"",NESLTER
ar95,89,2025-10-20T07:34:00Z,CTD911,deploy,u11a,008,39.774718,-70.77634,"",NESLTER
ar95,54,2025-10-20T09:36:14Z,CTD911,deploy,d11a,009,39.772949,-70.991996,"",NESLTER
ar95,125,2025-10-20T10:00:00Z,Incubation C13,stop,L4,005,39.773189,-70.991665,"",NESLTER
ar95,86,2025-10-20T10:00:00Z,Underway Science seawater diaphragm pump,TOI discrete,d11a,"",39.773189,-70.991665,bottle 491,NESLTER
ar95,87,2025-10-20T10:03:00Z,Underway Science seawater diaphragm pump,TOI discrete,d11a,"",39.773212,-70.991622,bottle 657,NESLTER
ar95,61,2025-10-20T10:52:00Z,Bongo Net,deploy,L11,B10,39.773014,-70.885953,"",NESLTER
ar95,62,2025-10-20T11:19:00Z,Bongo Net,recover,L11,B10,39.763962,-70.873548,"",NESLTER
ar95,55,2025-10-20T11:47:51Z,CTD911,deploy,L11,010,39.77485,-70.885169,"",NESLTER
ar95,57,2025-10-20T12:45:00Z,Isaacs-Kidd Midwater Trawl,deploy,L11,Tow03,39.774595,-70.882752,"",NESLTER
ar95,58,2025-10-20T12:55:00Z,Isaacs-Kidd Midwater Trawl,startSample,L11,Tow03,39.768404,-70.878739,"",NESLTER
ar95,128,2025-10-20T13:00:00Z,Incubation C13,start,L11,010,39.765218,-70.876727,"",NESLTER
ar95,59,2025-10-20T13:15:00Z,Isaacs-Kidd Midwater Trawl,stopSample,L11,Tow03,39.756041,-70.871052,"",NESLTER
ar95,60,2025-10-20T13:27:00Z,Isaacs-Kidd Midwater Trawl,recover,L11,Tow03,39.748374,-70.866508,"",NESLTER
ar95,56,2025-10-20T13:56:14Z,Sting Ray,deploy towed,L11,Tow003,39.747905,-70.868806,"",NESLTER
ar95,63,2025-10-20T17:59:32Z,ADCP38,stop,L9,"",40.052976,-70.882617,"",NESLTER
ar95,65,2025-10-20T18:26:00Z,Sting Ray,recover,L8.25,Tow003,40.092315,-70.883401,recovered due to caught on fishing gear,NESLTER
ar95,64,2025-10-20T18:51:22Z,Sting Ray,deploy towed,L8.25,Tow004,40.107034,-70.884778,"",NESLTER
ar95,66,2025-10-20T22:15:05Z,Sting Ray,recover,L6,Tow004,40.369162,-70.88487,"",NESLTER
ar95,67,2025-10-20T22:28:00Z,Bongo Net,deploy,L6,B11,40.365542,-70.894674,"",NESLTER
ar95,68,2025-10-20T22:40:00Z,Bongo Net,recover,L6,B11,40.360771,-70.901611,150 um mesh: ripped : didnt process samples,NESLTER
ar95,69,2025-10-20T23:14:58Z,CTD911,deploy,L6,011,40.362845,-70.882401,"",NESLTER
ar95,71,2025-10-20T23:58:00Z,Isaacs-Kidd Midwater Trawl,deploy,L6,Tow04,40.359157,-70.885359,"",NESLTER
ar95,72,2025-10-21T00:18:41Z,Isaacs-Kidd Midwater Trawl,startSample,L6,Tow04,40.348149,-70.909315,"",NESLTER
ar95,130,2025-10-21T00:30:00Z,Incubation C13,start,L6,011,40.342594,-70.922781,"",NESLTER
ar95,73,2025-10-21T00:38:07Z,Isaacs-Kidd Midwater Trawl,stopSample,L6,Tow04,40.338137,-70.9326,"",NESLTER
ar95,74,2025-10-21T00:48:30Z,Isaacs-Kidd Midwater Trawl,recover,L6,Tow04,40.332746,-70.94293,"",NESLTER
ar95,75,2025-10-21T02:37:27Z,CTD911,deploy,u6a,012,40.363054,-70.774858,"",NESLTER
ar95,127,2025-10-21T06:05:00Z,Incubation C13,stop,L10,007,40.362989,-71.10092,"",NESLTER
ar95,76,2025-10-21T06:37:30Z,CTD911,deploy,d6a,013,40.363342,-71.086216,"",NESLTER
ar95,77,2025-10-21T06:38:05Z,CTD911,deploy,d6b,014,40.363321,-71.084499,"",NESLTER
ar95,78,2025-10-21T10:56:11Z,CTD911,deploy,u9a,015,40.046759,-70.771383,"",NESLTER
ar95,79,2025-10-21T12:09:01Z,CTD911,deploy,L9,016,40.045181,-70.881853,"",NESLTER
ar95,80,2025-10-21T12:54:14Z,Bongo Net,deploy,L9,B16,40.043023,-70.882869,150um net  cod end fell off on deck and we lost part of sample,NESLTER
ar95,129,2025-10-21T13:08:00Z,Incubation C13,stop,L11,010,40.040928,-70.89272,"",NESLTER
ar95,81,2025-10-21T13:17:46Z,Bongo Net,recover,L9,B16,40.03949,-70.899693,"",NESLTER
ar95,82,2025-10-21T15:27:12Z,Sting Ray,deploy towed,L8,Tow005,40.153284,-70.885997,"",NESLTER
ar95,90,2025-10-21T19:53:31Z,SUNAV2,sync time,"","",40.362407,-71.101196,"",NESLTER
ar95,91,2025-10-21T20:05:53Z,IFCB continuous,start,"","",40.364047,-71.04974,IFCB101 & IFCB188,NESLTER
ar95,92,2025-10-21T20:16:52Z,ADCP150,stop,d6a,"",40.363733,-71.027723,testing requested by Jules Hummon at UHawaii,NESLTER
ar95,93,2025-10-21T20:18:38Z,ADCP150,start,d6a,"",40.363684,-71.024332,testing done,NESLTER
ar95,94,2025-10-21T23:26:36Z,Sting Ray,recover,L5,Tow005,40.522002,-70.884568,"",NESLTER
ar95,131,2025-10-22T00:25:00Z,Incubation C13,stop,L6,011,40.238454,-70.883215,"",NESLTER
ar95,95,2025-10-22T01:17:49Z,Other,other,"","",40.231377,-70.883329,Swapped Elog GPS from CNAV to Seapath GPS due to continued CNAV outages,NESLTER
ar95,96,2025-10-22T01:59:00Z,Bongo Net,deploy,L8,B17,40.148565,-70.883016,GPS wasn't working,NESLTER
ar95,97,2025-10-22T02:28:00Z,Bongo Net,recover,L8,B17,40.126994,-70.880378,ring net ripped; didnt keep sample,NESLTER
ar95,98,2025-10-22T03:07:16Z,CTD911,deploy,L8,017,40.148781,-70.883477,"",NESLTER
ar95,100,2025-10-22T03:53:00Z,Isaacs-Kidd Midwater Trawl,deploy,L8,Tow05,40.144114,-70.878666,GPS on e-log not working,NESLTER
ar95,101,2025-10-22T03:57:35Z,Isaacs-Kidd Midwater Trawl,startSample,L8,Tow05,40.142388,-70.878072,GPS on e-log not working,NESLTER
ar95,116,2025-10-22T04:00:00Z,IFCB continuous,stop,"","",40.140939,-70.87753,IFCB101 & IFCB188 to run discretes,NESLTER
ar95,132,2025-10-22T04:05:00Z,Incubation C13,start,L8,017,40.136636,-70.876139,"",NESLTER
ar95,102,2025-10-22T04:17:11Z,Isaacs-Kidd Midwater Trawl,stopSample,L8,Tow05,40.124285,-70.872613,GPS on e-log not working,NESLTER
ar95,103,2025-10-22T04:28:38Z,Isaacs-Kidd Midwater Trawl,recover,L8,Tow05,40.11648,-70.870729,GPS on e-log not working,NESLTER
ar95,104,2025-10-22T05:49:53Z,Bongo Net,deploy,L7,B18,40.257922,-70.882689,"",NESLTER
ar95,105,2025-10-22T06:06:50Z,Bongo Net,recover,L7,B18,40.24976,-70.879074,"",NESLTER
ar95,106,2025-10-22T06:41:28Z,CTD911,deploy,L7,018,40.258312,-70.882227,"",NESLTER
ar95,107,2025-10-22T07:05:36Z,Underway Science seawater diaphragm pump,TOI discrete,L7,"",40.258513,-70.881115,bottle 24,NESLTER
ar95,108,2025-10-22T07:07:52Z,Underway Science seawater diaphragm pump,TOI discrete,L7,"",40.25852,-70.881046,bottle 573,NESLTER
ar95,109,2025-10-22T07:22:53Z,Isaacs-Kidd Midwater Trawl,deploy,L7,Tow06,40.255606,-70.879871,"",NESLTER
ar95,110,2025-10-22T07:27:26Z,Isaacs-Kidd Midwater Trawl,startSample,L7,Tow06,40.251923,-70.878878,"",NESLTER
ar95,111,2025-10-22T07:47:19Z,Isaacs-Kidd Midwater Trawl,stopSample,L7,Tow06,40.236577,-70.875274,"",NESLTER
ar95,112,2025-10-22T07:53:51Z,Isaacs-Kidd Midwater Trawl,recover,L7,Tow06,40.231395,-70.874231,"",NESLTER
ar95,113,2025-10-22T10:06:49Z,Sting Ray,deploy towed,L8.5,Tow006,40.102628,-70.881699,"",NESLTER
ar95,114,2025-10-22T11:26:11Z,Underway Science seawater diaphragm pump,other,L7.5,"",40.215114,-70.883203,collect 3L water to concentrate and look under microscope to investigate large chains in Stingray images,NESLTER
ar95,115,2025-10-22T17:14:00Z,IFCB continuous,start,"","",40.689075,-70.883378,IFCB101,NESLTER
ar95,118,2025-10-22T22:21:06Z,Sting Ray,recover,L1.5,Tow006,41.121242,-70.875528,"",NESLTER
ar95,119,2025-10-22T22:36:26Z,BucketSample,start,L1.5,"",41.117123,-70.868387,sample to concentration for microscope inspection,NESLTER
ar95,133,2025-10-23T00:40:58Z,CTD911,deploy,L3,019,40.863642,-70.884841,"",NESLTER
ar95,134,2025-10-23T01:06:00Z,Bongo Net,deploy,L3,B19,40.861853,-70.878266,TDR started to work at 01:10 (a little after the deployment),NESLTER
ar95,135,2025-10-23T01:15:25Z,Bongo Net,recover,L3,B19,40.855604,-70.876824,"",NESLTER
ar95,150,2025-10-23T01:30:00Z,IFCB continuous,stop,"","",40.859507,-70.878222,IFCB101 stop to run discrete,NESLTER
ar95,136,2025-10-23T03:02:24Z,CTD911,deploy,L2,020,41.039535,-70.88287,Repeat of L2 for DIC,NESLTER
ar95,151,2025-10-23T04:00:00Z,Incubation C13,stop,L8,017,41.03908,-70.770804,"",NESLTER
ar95,137,2025-10-23T05:55:03Z,CTD911,deploy,u2a,021,41.038738,-70.99343,"",NESLTER
ar95,138,2025-10-23T05:55:27Z,CTD911,deploy,d2a,022,41.038726,-70.993403,"",NESLTER
ar95,139,2025-10-23T07:10:06Z,Underway Science seawater diaphragm pump,TOI discrete,L1.75,"",41.09795,-70.88122,bottle 334 likely breached,NESLTER
ar95,140,2025-10-23T10:24:57Z,CTD911,deploy,MVCO,023,41.315442,-70.569448,"",NESLTER
ar95,141,2025-10-23T10:38:34Z,Bongo Net,deploy,MVCO,B23,41.314582,-70.570714,"",NESLTER
ar95,142,2025-10-23T10:43:25Z,Bongo Net,recover,MVCO,B23,41.31265,-70.574245,"",NESLTER
ar95,143,2025-10-23T12:42:22Z,Underway Science seawater impeller,stop,"","",41.225493,-70.885527,"",NESLTER
ar95,145,2025-10-23T12:42:40Z,EK80 broadband,stop,"","",41.226348,-70.885603,end of transect,NESLTER
ar95,144,2025-10-23T12:43:48Z,GO pCO2 8050,other,"","",41.229603,-70.885965,"",NESLTER
ar95,146,2025-10-23T12:58:41Z,Valeport SVS,recover,"","",41.27267,-70.890834,"",NESLTER
ar95,147,2025-10-23T13:31:30Z,Attune Flow Cytometer,stop,"","",41.369298,-70.900318,"",NESLTER
ar95,148,2025-10-23T13:31:59Z,IFCB continuous,stop,"","",41.370158,-70.89902,IFCB115 no more IFCB underway sampling Last file,NESLTER
ar95,149,2025-10-23T13:33:48Z,Other,end,"","",41.373777,-70.893433,DMS analyzer stopped seawater,NESLTER
ar95,152,2025-10-23T15:53:19Z,SUNAV2,sync time,"","",41.47385,-70.731233,"",NESLTER
ar95,153,2025-10-23T16:04:21Z,CSTARS HZG radar,stop,"","",41.473263,-70.718339,"",NESLTER
ar95,154,2025-10-23T16:07:58Z,UHDAS,stop,"","",41.476951,-70.703512,"",NESLTER
ar95,155,2025-10-23T16:33:42Z,Ship,endCruise,"","",41.523784,-70.672425,"",NESLTER
ar96,1,2025-10-24T17:02:01Z,Ship,startCruise,"","",41.524016,-70.67226,"",JP Student
ar96,2,2025-10-24T17:12:38Z,UHDAS,start,"","",41.510541,-70.669508,"",JP Student
ar96,3,2025-10-24T17:14:57Z,Kongsberg EM 712,start,"","",41.504071,-70.668511,"",JP Student
ar96,4,2025-10-24T17:18:52Z,Kongsberg EM 712,stop,"","",41.493192,-70.67292,"",JP Student
ar96,5,2025-10-24T17:50:44Z,CSTARS HZG radar,start,"","",41.450471,-70.755781,"",JP Student
ar96,6,2025-10-24T18:49:11Z,Underway Science seawater,start,"","",41.403866,-70.846627,"",JP Student
ar96,7,2025-10-24T18:49:29Z,GO pCO2 8050,start,"","",41.403243,-70.847654,"",JP Student
ar96,8,2025-10-24T19:33:41Z,Valeport SVS,deploy,"","",41.278762,-70.893105,"",JP Student
ar96,9,2025-10-26T15:40:46Z,Valeport SVS,recover,"","",41.380632,-70.881856,"",JP Student
ar96,10,2025-10-26T15:41:00Z,GO pCO2 8050,end,"","",41.381071,-70.881164,"",JP Student
ar96,11,2025-10-26T15:41:08Z,EK80 broadband,stop,"","",41.381322,-70.880738,"",JP Student
ar96,12,2025-10-26T15:50:58Z,Underway Science seawater,stop,"","",41.400863,-70.850109,"",JP Student
ar96,13,2025-10-26T16:51:30Z,UHDAS,stop,"","",41.466349,-70.735357,"",JP Student
ar96,14,2025-10-26T18:11:47Z,Ship,endCruise,"","",41.486658,-70.6802,"",JP Student
ar98a,1,2025-10-29T16:22:49Z,ADCP150,other,"","",41.524055,-70.672175,Beams 1 + 2 are non-functional at this time. Troubleshooting with UHDAS and RDI.,OOI Pioneer
ar98a,2,2025-10-30T14:20:12Z,Ship,startCruise,"","",41.524056,-70.672226,"",OOI Pioneer
ar98a,3,2025-10-30T14:28:19Z,UHDAS,start,"","",41.514777,-70.67104,OS150 is not working,OOI Pioneer
ar98a,204,2025-10-30T14:30:00Z,SUNAV2,onCTD,"","",41.510764,-70.66991,Difficulties connecting Time not synced to ships clock,OOI Pioneer
ar98a,4,2025-10-30T14:36:45Z,HZG Wave Radar,start,"","",41.491965,-70.678397,"",OOI Pioneer
ar98a,5,2025-10-30T15:04:41Z,EM712,start,"","",41.434374,-70.786887,"",OOI Pioneer
ar98a,6,2025-10-30T17:09:55Z,IFCB continuous,start,"","",41.206842,-71.236578,Underway sampling IFCB 199 started,OOI Pioneer
ar98a,7,2025-10-30T17:25:17Z,IFCB continuous,start,"","",41.171853,-71.280377,NES-LTER IFCB115 & IFCB101,OOI Pioneer
ar98a,8,2025-10-30T17:25:27Z,SUNAV2,onCTD,"","",41.171469,-71.280838,"",OOI Pioneer
ar98a,9,2025-10-30T17:30:05Z,Attune Flow Cytometer,start,"","",41.160949,-71.294059,"",OOI Pioneer
ar98a,10,2025-10-30T22:40:05Z,IFCB continuous,stop,"","",40.558373,-72.278407,OOI IFCB 199 stopped for cleaning and debubble,OOI Pioneer
ar98a,11,2025-10-31T00:23:02Z,IFCB continuous,start,"","",40.379819,-72.604613,OOI IFCB 199 underway sampling started,OOI Pioneer
ar98a,12,2025-10-31T10:04:41Z,Valeport SVS,start,"","",39.401398,-73.965177,"",OOI Pioneer
ar98a,13,2025-10-31T12:43:31Z,IFCB continuous,other,"","",39.071335,-74.253194,switch IFCB101 to trigger on CHL only not SSC,OOI Pioneer
ar98a,14,2025-10-31T14:19:24Z,IFCB continuous,stop,"","",38.863348,-74.40118,OOI IFCB 199 stopped,OOI Pioneer
ar98a,15,2025-10-31T14:56:53Z,IFCB continuous,start,"","",38.777099,-74.447135,OOI IFCB 199 started,OOI Pioneer
ar98a,182,2025-11-01T04:25:00Z,IFCB continuous,stop,"","",36.897089,-75.514352,OOI IFCB 199,OOI Pioneer
ar98a,16,2025-11-01T10:33:44Z,Ship,other,CNSM-2,"",35.950506,-75.113238,start Met survey w CNSM-2 in water,OOI Pioneer
ar98a,183,2025-11-01T11:00:00Z,IFCB continuous,start,"","",35.954189,-75.125175,OOI IFCB 199,OOI Pioneer
ar98a,17,2025-11-01T12:36:20Z,SWM,deploy,CNSW-3,"",35.952981,-75.123128,start deployment - chains down,OOI Pioneer
ar98a,21,2025-11-01T12:40:06Z,LISST,other,"","",35.953181,-75.123775,New battery on LISST,OOI Pioneer
ar98a,18,2025-11-01T12:52:37Z,SWM,deploy,CNSW-3,"",35.9537,-75.125477,MFN released,OOI Pioneer
ar98a,19,2025-11-01T13:12:23Z,CTD911,deploy,CN,001,35.949562,-75.126082,CTD off deck; CNSW-3 deploy and CNSM-2 recover,OOI Pioneer
ar98a,20,2025-11-01T13:18:39Z,CTD911,maxDepth,CN,001,35.949571,-75.126081,max depth 27 m,OOI Pioneer
ar98a,22,2025-11-01T13:32:22Z,CTD911,recover,CN,001,35.949574,-75.12608,CTD on deck,OOI Pioneer
ar98a,209,2025-11-01T16:00:00Z,IFCB continuous,stop,"","",35.950949,-75.131044,IFCB101 stop to run discrete,OOI Pioneer
ar98a,24,2025-11-01T16:38:28Z,IFCB continuous,stop,"","",35.950518,-75.131852,OOI IFCB 199 stopped for discrete samples,OOI Pioneer
ar98a,28,2025-11-01T22:18:45Z,CTD911,deploy,Glider 559,002,36.168178,-74.707319,CTD off deck,OOI Pioneer
ar98a,29,2025-11-01T22:38:57Z,CTD911,abort,Glider 559,002,36.16871,-74.707732,abort cast at 736 m; oxygen data looks bad,OOI Pioneer
ar98a,30,2025-11-01T22:57:01Z,CTD911,recover,Glider 559,002,36.169182,-74.707518,CTD on deck,OOI Pioneer
ar98a,31,2025-11-01T23:04:28Z,CTD911,deploy,Glider 559,003,36.169241,-74.707488,CTD off deck,OOI Pioneer
ar98a,32,2025-11-01T23:24:55Z,IFCB continuous,start,"","",36.169123,-74.70793,OOI IFCB 199 started,OOI Pioneer
ar98a,33,2025-11-01T23:26:13Z,CTD911,maxDepth,Glider 559,003,36.169136,-74.707921,max depth 770 m,OOI Pioneer
ar98a,208,2025-11-01T23:30:00Z,SUNAV2,other,"","",36.169162,-74.707915,nitrate downcast for C3 mostly good Upcast not usable,OOI Pioneer
ar98a,34,2025-11-02T00:07:35Z,CTD911,recover,Glider 559,003,36.16946,-74.708197,CTD on deck,OOI Pioneer
ar98a,35,2025-11-02T01:51:33Z,Ship,other,NOSM-2,"",36.178569,-74.827213,start Met survey w NOSM-2 in water,OOI Pioneer
ar98a,36,2025-11-02T08:30:20Z,Ship,other,NOSM-2,"",36.177261,-74.827511,end Met survey,OOI Pioneer
ar98a,206,2025-11-02T10:00:00Z,SUNAV2,offCTD,"","",36.00693,-75.04567,Out of battery Remove from CTD,OOI Pioneer
ar98a,41,2025-11-02T14:57:13Z,CTD911,deploy,CN,004,35.95048,-75.124639,CTD off deck; CNSM-3 deploy and CNSW-2 recover,OOI Pioneer
ar98a,42,2025-11-02T15:03:33Z,CTD911,maxDepth,CN,004,35.951143,-75.12525,max depth 28 m,OOI Pioneer
ar98a,43,2025-11-02T15:16:22Z,CTD911,recover,CN,004,35.952856,-75.12702,CTD on deck,OOI Pioneer
ar98a,45,2025-11-02T17:15:20Z,SWM,recover,CNSW-2,"",35.946677,-75.124676,attempted to release MFN; positive release signal but MFN didn't surface,OOI Pioneer
ar98a,44,2025-11-02T17:15:33Z,IFCB continuous,stop,"","",35.946679,-75.12467,OOI IFCB 199 stopped for discrete samples,OOI Pioneer
ar98a,46,2025-11-02T17:59:20Z,SWM,recover,CNSW-2,"",35.946068,-75.123809,MFN surfaced after tugging buoy,OOI Pioneer
ar98a,47,2025-11-02T18:09:20Z,SWM,recover,CNSW-2,"",35.946822,-75.123776,buoy on deck,OOI Pioneer
ar98a,48,2025-11-02T18:33:20Z,SWM,recover,CNSW-2,"",35.948488,-75.122973,MFN on deck,OOI Pioneer
ar98a,49,2025-11-02T19:33:20Z,SWM,recover,CNSW-2,"",35.945509,-75.126112,ARM release fired SN 65218,OOI Pioneer
ar98a,50,2025-11-02T20:07:20Z,SWM,recover,CNSW-2,"",35.945876,-75.123943,anchor on deck,OOI Pioneer
ar98a,52,2025-11-02T20:36:37Z,LISST,other,"","",35.95162,-75.131033,Sampling program started,OOI Pioneer
ar98a,54,2025-11-02T22:52:11Z,CTD911,deploy,WE,005,35.940403,-75.341554,CTD off deck,OOI Pioneer
ar98a,55,2025-11-02T22:57:48Z,CTD911,maxDepth,WE,005,35.940861,-75.341587,max depth 16 m,OOI Pioneer
ar98a,56,2025-11-02T23:06:25Z,CTD911,recover,WE,005,35.941609,-75.341582,CTD on deck,OOI Pioneer
ar98a,59,2025-11-03T02:36:20Z,Ship,other,CNSM-3,"",35.951552,-75.123086,approx start of Met survey at CNSM-3,OOI Pioneer
ar98a,57,2025-11-03T05:41:18Z,IFCB continuous,start,"","",35.951836,-75.122998,OOI IFCB 199 started,OOI Pioneer
ar98a,58,2025-11-03T11:01:00Z,Ship,other,"","",35.951299,-75.127411,Moving away from CNSM-3 buoy due to weather,OOI Pioneer
ar98a,60,2025-11-03T12:43:20Z,LISST,other,"","",35.927001,-75.329452,Battery changed,OOI Pioneer
ar98a,61,2025-11-03T12:45:19Z,LISST,other,"","",35.926715,-75.334811,Sampling program started,OOI Pioneer
ar98a,62,2025-11-03T13:34:42Z,CTD911,deploy,WE,006,35.937408,-75.340652,CTD off deck; start cross-shelf survey,OOI Pioneer
ar98a,63,2025-11-03T13:42:02Z,CTD911,maxDepth,WE,006,35.937251,-75.340318,max depth 8.2 m (13 m wire out on winch),OOI Pioneer
ar98a,64,2025-11-03T13:44:26Z,CTD911,recover,WE,006,35.937193,-75.340244,CTD on deck,OOI Pioneer
ar98a,65,2025-11-03T14:35:48Z,LISST,other,"","",35.940444,-75.241312,Sampling program started; Depth start condition,OOI Pioneer
ar98a,66,2025-11-03T14:48:26Z,CTD911,deploy,CS-1,007,35.949526,-75.230484,CTD off deck; cross-shelf survey,OOI Pioneer
ar98a,67,2025-11-03T14:54:42Z,CTD911,maxDepth,CS-1,007,35.949339,-75.23014,max depth 25 m,OOI Pioneer
ar98a,68,2025-11-03T14:58:49Z,CTD911,recover,CS-1,007,35.949284,-75.229854,CTD on deck,OOI Pioneer
ar98a,69,2025-11-03T15:56:24Z,CTD911,deploy,CN,008,35.948467,-75.125808,CTD off deck; cross-shelf survey,OOI Pioneer
ar98a,70,2025-11-03T16:02:07Z,CTD911,maxDepth,CN,008,35.948383,-75.126484,max depth 28 m,OOI Pioneer
ar98a,71,2025-11-03T16:04:54Z,CTD911,recover,CN,008,35.948382,-75.126816,CTD on deck,OOI Pioneer
ar98a,210,2025-11-03T17:10:00Z,IFCB continuous,start,"","",35.949173,-75.032932,IFCB101,OOI Pioneer
ar98a,72,2025-11-03T17:11:28Z,CTD911,deploy,CS-2,009,35.948955,-75.033389,CTD off deck; cross-shelf survey,OOI Pioneer
ar98a,73,2025-11-03T17:17:27Z,CTD911,maxDepth,CS-2,009,35.947882,-75.034924,max depth 36 m,OOI Pioneer
ar98a,74,2025-11-03T17:20:20Z,CTD911,recover,CS-2,009,35.947264,-75.035615,CTD on deck,OOI Pioneer
ar98a,75,2025-11-03T18:10:50Z,CTD911,deploy,CS-3,010,35.948645,-74.940682,CTD off deck; cross-shelf survey,OOI Pioneer
ar98a,76,2025-11-03T18:17:43Z,CTD911,maxDepth,CS-3,010,35.946801,-74.942258,max depth 59 m,OOI Pioneer
ar98a,77,2025-11-03T18:21:59Z,CTD911,recover,CS-3,010,35.945384,-74.943321,CTD on deck,OOI Pioneer
ar98a,78,2025-11-03T19:09:20Z,CTD911,deploy,EA,011,35.949143,-74.852945,CTD off deck; cross-shelf survey,OOI Pioneer
ar98a,79,2025-11-03T19:19:03Z,CTD911,maxDepth,EA,011,35.946565,-74.85524,max depth 95 m,OOI Pioneer
ar98a,80,2025-11-03T19:24:33Z,CTD911,recover,EA,011,35.94546,-74.856589,CTD on deck,OOI Pioneer
ar98a,81,2025-11-03T20:14:13Z,CTD911,deploy,CS-4,012,35.950332,-74.755933,CTD off deck; cross-shelf survey,OOI Pioneer
ar98a,82,2025-11-03T20:32:25Z,CTD911,maxDepth,CS-4,012,35.948225,-74.757762,max depth 600 m,OOI Pioneer
ar98a,83,2025-11-03T20:47:59Z,CTD911,recover,CS-4,012,35.945943,-74.757092,CTD on deck; end cross-shelf survey,OOI Pioneer
ar98a,85,2025-11-03T23:00:43Z,SWM,other,CNSW-3,"",35.948439,-75.126011,start anchor survey release SN 50467,OOI Pioneer
ar98a,87,2025-11-04T00:22:35Z,SWM,other,CNSW-3,"",35.958168,-75.131792,end anchor survey; release disabled,OOI Pioneer
ar98a,88,2025-11-04T00:36:20Z,Ship,other,CNSM-3,"",35.95763,-75.131241,start Met survey w CNSM-3 in water,OOI Pioneer
ar98a,211,2025-11-04T00:40:00Z,IFCB continuous,stop,"","",35.955686,-75.129992,IFCB101 stopped due to computer crash,OOI Pioneer
ar98a,89,2025-11-04T10:48:20Z,Ship,other,CNSM-3,"",35.929069,-75.127288,end Met survey,OOI Pioneer
ar98a,90,2025-11-04T13:05:21Z,LISST,other,"","",35.935846,-75.305654,Battery changed; Sampling program started,OOI Pioneer
ar98a,91,2025-11-04T14:14:20Z,AUV,deploy,06263,"",35.931576,-75.309284,AUV Rogers 06263 deployed at AC-1,OOI Pioneer
ar98a,92,2025-11-04T14:32:20Z,AUV,other,06263,"",35.925561,-75.306525,AUV Rogers 06263 mission start,OOI Pioneer
ar98a,93,2025-11-04T15:16:34Z,CTD911,deploy,AC-1,013,35.934985,-75.306295,CTD off deck; vicinity of AUV 06263 deployment,OOI Pioneer
ar98a,94,2025-11-04T15:22:18Z,CTD911,maxDepth,AC-1,013,35.934789,-75.306972,max depth 18 m,OOI Pioneer
ar98a,95,2025-11-04T15:28:53Z,CTD911,recover,AC-1,013,35.934676,-75.307214,CTD on deck,OOI Pioneer
ar98a,96,2025-11-04T19:40:15Z,AUV,deploy,06264,"",36.170841,-74.970767,AUV Scotland 06264 deployed at AL-1,OOI Pioneer
ar98a,97,2025-11-04T20:05:15Z,AUV,other,06264,"",36.167173,-74.975629,AUV Scotland 06264 mission start,OOI Pioneer
ar98a,98,2025-11-04T20:44:47Z,CTD911,deploy,AL-1,014,36.174294,-74.966998,CTD off deck; vicinity of AUV 06264 deployment,OOI Pioneer
ar98a,99,2025-11-04T20:50:47Z,CTD911,maxDepth,AL-1,014,36.173714,-74.967416,max depth 30 m,OOI Pioneer
ar98a,100,2025-11-04T20:58:44Z,CTD911,recover,AL-1,014,36.172845,-74.968023,CTD on deck,OOI Pioneer
ar98a,101,2025-11-04T23:24:53Z,CTD911,deploy,NO,015,36.175362,-74.82743,CTD off deck; start along-shelf survey; 2 releases on rosette - 50125; 50677,OOI Pioneer
ar98a,102,2025-11-04T23:33:14Z,CTD911,maxDepth,NO,015,36.175084,-74.827869,max depth 94 m; 10 minute soak for release test,OOI Pioneer
ar98a,103,2025-11-04T23:54:38Z,CTD911,recover,NO,015,36.174989,-74.82811,CTD on deck,OOI Pioneer
ar98a,104,2025-11-05T00:43:48Z,CTD911,deploy,AS-1,016,36.099677,-74.837443,CTD off deck; along-shelf survey,OOI Pioneer
ar98a,105,2025-11-05T00:51:18Z,CTD911,maxDepth,AS-1,016,36.097747,-74.838269,max depth 95 m,OOI Pioneer
ar98a,106,2025-11-05T00:56:55Z,CTD911,recover,AS-1,016,36.096447,-74.839,CTD on deck,OOI Pioneer
ar98a,107,2025-11-05T01:37:05Z,CTD911,deploy,AS-2,017,36.024481,-74.835549,CTD off deck; along-shelf survey,OOI Pioneer
ar98a,108,2025-11-05T01:44:42Z,CTD911,maxDepth,AS-2,017,36.022936,-74.836415,max depth 95 m,OOI Pioneer
ar98a,109,2025-11-05T01:50:35Z,CTD911,recover,AS-2,017,36.02129,-74.83641,CTD on deck,OOI Pioneer
ar98a,212,2025-11-05T02:15:00Z,IFCB continuous,start,"","",36.03477,-74.777465,IFCB101,OOI Pioneer
ar98a,110,2025-11-05T03:46:32Z,CTD911,deploy,EA,018,35.950205,-74.844968,CTD off deck; along-shelf survey,OOI Pioneer
ar98a,111,2025-11-05T03:54:45Z,CTD911,maxDepth,EA,018,35.949608,-74.845558,max depth 93.8 m,OOI Pioneer
ar98a,112,2025-11-05T04:02:20Z,CTD911,recover,EA,018,35.948227,-74.846759,CTD on deck,OOI Pioneer
ar98a,113,2025-11-05T04:40:15Z,CTD911,deploy,AS-3,019,35.87849,-74.873783,CTD off deck; along-shelf survey,OOI Pioneer
ar98a,114,2025-11-05T04:48:19Z,CTD911,maxDepth,AS-3,019,35.876984,-74.873947,max depth 91.5 m,OOI Pioneer
ar98a,115,2025-11-05T04:54:50Z,CTD911,recover,AS-3,019,35.875282,-74.87394,CTD on deck,OOI Pioneer
ar98a,116,2025-11-05T05:30:49Z,CTD911,deploy,AS-4,020,35.798433,-74.877597,CTD off deck; along-shelf survey,OOI Pioneer
ar98a,117,2025-11-05T05:40:13Z,CTD911,maxDepth,AS-4,020,35.79637,-74.877314,max depth 93.8 m,OOI Pioneer
ar98a,118,2025-11-05T05:47:20Z,CTD911,recover,AS-4,020,35.794854,-74.876678,CTD on deck,OOI Pioneer
ar98a,119,2025-11-05T06:20:04Z,CTD911,deploy,SO,021,35.723306,-74.853223,CTD off deck; along-shelf survey,OOI Pioneer
ar98a,120,2025-11-05T06:28:36Z,CTD911,maxDepth,SO,021,35.721467,-74.852934,max depth 89 m,OOI Pioneer
ar98a,121,2025-11-05T06:35:02Z,CTD911,recover,SO,021,35.720232,-74.8523,CTD on deck; end along-shelf survey,OOI Pioneer
ar98a,122,2025-11-05T06:38:58Z,Ship,other,SOSM-2,"",35.719471,-74.852033,start Met survey w SOSM-2,OOI Pioneer
ar98a,123,2025-11-05T10:34:53Z,Ship,other,SOSM-2,"",35.722868,-74.857498,end Met survey w SOSM-2,OOI Pioneer
ar98a,124,2025-11-05T15:12:20Z,AUV,recover,06263,"",36.041095,-75.303814,AUV Rogers 06263 recovered at AC-4,OOI Pioneer
ar98a,125,2025-11-05T15:17:02Z,CTD911,deploy,AC-4,022,36.040477,-75.304367,CTD off deck; AUV 06263 recovery,OOI Pioneer
ar98a,126,2025-11-05T15:22:23Z,CTD911,maxDepth,AC-4,022,36.040354,-75.30411,max depth 27 m,OOI Pioneer
ar98a,127,2025-11-05T15:28:59Z,CTD911,recover,AC-4,022,36.040071,-75.303561,CTD on deck,OOI Pioneer
ar98a,128,2025-11-05T15:33:26Z,LISST,other,"","",36.039605,-75.303412,Battery changed; Sampling program started,OOI Pioneer
ar98a,213,2025-11-05T16:15:00Z,IFCB continuous,stop,"","",36.079393,-75.164201,IFCB101 stop to run discrete,OOI Pioneer
ar98a,131,2025-11-05T19:49:15Z,AUV,recover,06264,"",36.168971,-74.838208,AUV Scotland 06264 recovered from AL-7,OOI Pioneer
ar98a,132,2025-11-05T20:02:20Z,CTD911,deploy,AL-7,023,36.167602,-74.833494,CTD off deck; AUV 06264 recovery,OOI Pioneer
ar98a,133,2025-11-05T20:10:30Z,CTD911,maxDepth,AL-7,023,36.166929,-74.830958,max depth 93 m,OOI Pioneer
ar98a,134,2025-11-05T20:25:48Z,CTD911,recover,AL-7,023,36.163338,-74.826672,CTD on deck,OOI Pioneer
ar98a,135,2025-11-05T20:30:15Z,Ship,other,NOSM-2,"",36.164305,-74.824289,start Met survey w NOSM-2 in water,OOI Pioneer
ar98a,136,2025-11-06T12:47:42Z,LISST,other,"","",36.169362,-74.835774,Battery changed; Sampling program started,OOI Pioneer
ar98a,140,2025-11-06T16:00:39Z,CTD911,deploy,NO,024,36.170789,-74.831003,CTD off deck; approx NO site center for NOPM-3 deploy; NOPM-2 recovery; NOSM-2,OOI Pioneer
ar98a,141,2025-11-06T16:09:19Z,CTD911,maxDepth,NO,024,36.170682,-74.831304,max depth 91 m,OOI Pioneer
ar98a,142,2025-11-06T16:29:04Z,CTD911,recover,NO,024,36.168535,-74.831391,CTD on deck,OOI Pioneer
ar98a,146,2025-11-06T18:22:08Z,IFCB continuous,stop,"","",36.172378,-74.82666,OOI IFCB 199 stopped for discrete samples,OOI Pioneer
ar98a,149,2025-11-06T22:57:33Z,LISST,on CTD rosette,"","",35.71724,-74.854255,Battery changed; Sampling program started,OOI Pioneer
ar98a,153,2025-11-07T00:11:45Z,IFCB continuous,start,"","",35.722368,-74.854252,OOI IFCB 199 started,OOI Pioneer
ar98a,154,2025-11-07T00:28:17Z,CTD911,deploy,SO,025,35.724979,-74.854168,CTD off deck,OOI Pioneer
ar98a,155,2025-11-07T00:37:02Z,CTD911,maxDepth,SO,025,35.724938,-74.855925,max depth 92 m,OOI Pioneer
ar98a,156,2025-11-07T00:58:03Z,CTD911,recover,SO,025,35.724973,-74.85939,CTD on deck,OOI Pioneer
ar98a,159,2025-11-07T01:49:01Z,Ship,other,SOSM-2,"",35.724818,-74.85504,start Met survey w SOSM-2,OOI Pioneer
ar98a,160,2025-11-07T02:34:12Z,IFCB continuous,stop,"","",35.720895,-74.849109,OOI IFCB 199 stopped for discrete samples,OOI Pioneer
ar98a,161,2025-11-07T10:39:27Z,Ship,other,SOSM-2,"",35.720697,-74.850738,end Met survey,OOI Pioneer
ar98a,162,2025-11-07T11:07:25Z,IFCB continuous,start,"","",35.727089,-74.856451,OOI IFCB 199 started,OOI Pioneer
ar98a,168,2025-11-07T13:01:00Z,EK80 broadband,start,"","",35.822366,-74.84755,EK80 on for SEPM-2 mooring status,OOI Pioneer
ar98a,169,2025-11-07T13:20:20Z,EK80 broadband,stop,"","",35.853811,-74.84742,end EK80 survey over SEPM-2; mooring upright,OOI Pioneer
ar98a,170,2025-11-07T14:00:02Z,CTD911,deploy,EA,026,35.950048,-74.846434,CTD off deck,OOI Pioneer
ar98a,171,2025-11-07T14:07:31Z,LISST,on CTD rosette,"","",35.949782,-74.845608,Battery changed; Sampling program started,OOI Pioneer
ar98a,172,2025-11-07T14:07:43Z,CTD911,maxDepth,EA,026,35.949771,-74.845582,max depth 95 m,OOI Pioneer
ar98a,173,2025-11-07T14:28:25Z,CTD911,recover,EA,026,35.948462,-74.84273,CTD on deck,OOI Pioneer
ar98a,181,2025-11-07T18:50:20Z,Other,other,NAVO Apex Float,"",36.213805,-74.742145,ancillary - NAVO Apex Float SN 10969 deployed off stbd side,OOI Pioneer
ar98a,184,2025-11-07T19:47:20Z,Other,other,NAVO Apex Float,"",36.336984,-74.611689,ancillary - NAVO Apex Float SN 10961 deployed off stbd side,OOI Pioneer
ar98a,185,2025-11-07T20:50:20Z,Other,other,NAVO Apex Float,"",36.46999,-74.478503,ancillary - NAVO Apex Float SN 10980 deployed off stbd side,OOI Pioneer
ar98a,186,2025-11-07T21:50:20Z,Other,other,NAVO Apex Float,"",36.598295,-74.339487,ancillary - NAVO Apex Float SN 10960 deployed off stbd side,OOI Pioneer
ar98a,214,2025-11-08T00:20:00Z,IFCB continuous,start,"","",36.9775,-73.94193,IFCB101,OOI Pioneer
ar98a,187,2025-11-08T10:17:33Z,EM124,start,"","",38.36197,-72.43912,"",OOI Pioneer
ar98a,191,2025-11-08T21:15:00Z,EK80 broadband,start,"","",39.745987,-70.911625,EK80 on as approaching LTER 11,OOI Pioneer
ar98a,188,2025-11-08T21:34:20Z,CTD911,deploy,L11,027,39.773426,-70.882627,CTD off deck; LTER cast,OOI Pioneer
ar98a,189,2025-11-08T21:51:00Z,CTD911,maxDepth,L11,027,39.773243,-70.882604,max depth 502 m,OOI Pioneer
ar98a,190,2025-11-08T22:06:50Z,CTD911,recover,L11,027,39.773047,-70.882588,CTD on deck,OOI Pioneer
ar98a,192,2025-11-08T22:12:40Z,EM124,stop,"","",39.77627,-70.884066,Off for EK80 survey during transit,OOI Pioneer
ar98a,199,2025-11-08T22:13:00Z,EK80 broadband,other,"","",39.777066,-70.88394,reduce beam power on 18 from 1800 to 600,OOI Pioneer
ar98a,193,2025-11-08T22:13:47Z,Other,end,"","",39.77878,-70.883795,Fathometer and Speedlog off for EK80 survey during transit,OOI Pioneer
ar98a,215,2025-11-08T22:15:40Z,IFCB continuous,stop,"","",39.783864,-70.883693,IFCB101 stop to run discrete,OOI Pioneer
ar98a,194,2025-11-08T23:15:33Z,EM712,start,"",LTER-10,39.941135,-70.881905,"",OOI Pioneer
ar98a,195,2025-11-08T23:21:29Z,CTD911,deploy,L10,028,39.941808,-70.882759,CTD off deck; LTER cast,OOI Pioneer
ar98a,196,2025-11-08T23:37:35Z,CTD911,maxDepth,L10,028,39.941738,-70.882619,max depth 431 m,OOI Pioneer
ar98a,197,2025-11-08T23:55:20Z,CTD911,recover,L10,028,39.942173,-70.882938,CTD on deck,OOI Pioneer
ar98a,198,2025-11-09T00:05:00Z,EM712,stop,"",LTER-10,39.947772,-70.884872,"",OOI Pioneer
ar98a,200,2025-11-09T00:41:13Z,EM712,start,"",LTER-9,40.044533,-70.882379,start for bottom depth on station,OOI Pioneer
ar98a,201,2025-11-09T00:55:11Z,CTD911,deploy,L9,029,40.049731,-70.882655,CTD off deck; LTER cast,OOI Pioneer
ar98a,202,2025-11-09T01:07:03Z,CTD911,maxDepth,L9,029,40.049735,-70.882667,max depth 194 m,OOI Pioneer
ar98a,203,2025-11-09T01:17:20Z,CTD911,recover,L9,029,40.049746,-70.882653,CTD on deck,OOI Pioneer
ar98a,205,2025-11-09T01:46:16Z,EM712,stop,"",LTER-9,40.108138,-70.883516,"",OOI Pioneer
ar98a,207,2025-11-09T01:46:51Z,ADCP38,stop,"",LTER-9,40.109989,-70.883531,Turned off 38 as 300 can see bottom now,OOI Pioneer
ar98a,216,2025-11-09T01:56:58Z,ADCP38,start,"","",40.140841,-70.883367,stopped 38 too soon; 300 can't see bottom yet,OOI Pioneer
ar98a,220,2025-11-09T02:08:00Z,EM712,start,"",LTER-09,40.154347,-70.880512,"",OOI Pioneer
ar98a,217,2025-11-09T02:09:13Z,CTD911,deploy,L8,030,40.154374,-70.880511,CTD off deck; LTER cast,OOI Pioneer
ar98a,218,2025-11-09T02:18:43Z,CTD911,maxDepth,L8,030,40.155653,-70.880038,max depth 130 m,OOI Pioneer
ar98a,219,2025-11-09T02:31:34Z,CTD911,recover,L8,030,40.157126,-70.88076,CTD on deck,OOI Pioneer
ar98a,221,2025-11-09T02:38:21Z,EM712,stop,"",LTER-08,40.159292,-70.883887,"",OOI Pioneer
ar98a,222,2025-11-09T03:11:25Z,EM712,start,"",LTER-07,40.253421,-70.883548,"",OOI Pioneer
ar98a,223,2025-11-09T03:22:26Z,CTD911,deploy,L7,031,40.259637,-70.884214,CTD off deck; LTER cast,OOI Pioneer
ar98a,224,2025-11-09T03:31:31Z,CTD911,maxDepth,L7,031,40.260004,-70.885093,max depth 114m,OOI Pioneer
ar98a,225,2025-11-09T03:36:13Z,EM712,stop,"","",40.26013,-70.885466,"",OOI Pioneer
ar98a,226,2025-11-09T03:39:03Z,CTD911,recover,L7,031,40.260222,-70.885655,CTD on deck,OOI Pioneer
ar98a,227,2025-11-09T04:21:38Z,EM712,start,"",LTER-06,40.360856,-70.882497,"",OOI Pioneer
ar98a,228,2025-11-09T04:22:48Z,ADCP38,stop,"","",40.362866,-70.882745,"",OOI Pioneer
ar98a,229,2025-11-09T04:31:36Z,CTD911,deploy,L6,032,40.365937,-70.881628,CTD off deck; LTER cast,OOI Pioneer
ar98a,230,2025-11-09T04:38:55Z,CTD911,maxDepth,L6,032,40.365848,-70.881461,max depth 87m,OOI Pioneer
ar98a,231,2025-11-09T04:49:00Z,CTD911,recover,L6,032,40.365697,-70.881151,CTD on deck,OOI Pioneer
ar98a,232,2025-11-09T04:51:39Z,EM712,stop,"","",40.365713,-70.881051,"",OOI Pioneer
ar98a,233,2025-11-09T05:44:17Z,EM712,start,"",LTER-05,40.511208,-70.882718,"",OOI Pioneer
ar98a,234,2025-11-09T05:51:40Z,CTD911,deploy,L5,033,40.513148,-70.880997,CTD off deck; LTER cast,OOI Pioneer
ar98a,235,2025-11-09T05:59:33Z,CTD911,maxDepth,L5,033,40.513109,-70.88038,max depth 71m,OOI Pioneer
ar98a,236,2025-11-09T06:04:19Z,CTD911,recover,L5,033,40.513086,-70.880047,CTD on deck,OOI Pioneer
ar98a,237,2025-11-09T06:09:46Z,EM712,stop,"","",40.512822,-70.882751,"",OOI Pioneer
ar98a,238,2025-11-09T07:11:43Z,EM712,start,"",LTER-04,40.692142,-70.883297,"",OOI Pioneer
ar98a,239,2025-11-09T07:17:54Z,CTD911,deploy,L4,034,40.69638,-70.881838,CTD off deck; LTER cast,OOI Pioneer
ar98a,240,2025-11-09T07:24:45Z,CTD911,maxDepth,L4,034,40.696345,-70.88148,max depth 59m,OOI Pioneer
ar98a,241,2025-11-09T07:28:52Z,EM712,stop,"","",40.69635,-70.881336,"",OOI Pioneer
ar98a,242,2025-11-09T07:32:05Z,CTD911,recover,L4,034,40.696346,-70.881288,CTD on deck,OOI Pioneer
ar98a,243,2025-11-09T08:45:30Z,CTD911,deploy,L3,035,40.862873,-70.881861,CTD off deck; LTER cast,OOI Pioneer
ar98a,244,2025-11-09T08:51:33Z,CTD911,maxDepth,L3,035,40.862896,-70.881798,max depth 47m,OOI Pioneer
ar98a,245,2025-11-09T08:55:45Z,CTD911,recover,L3,035,40.862973,-70.881582,CTD on deck,OOI Pioneer
ar98a,246,2025-11-09T10:13:03Z,CTD911,deploy,L2,036,41.038882,-70.883264,CTD off deck; LTER cast,OOI Pioneer
ar98a,247,2025-11-09T10:18:35Z,CTD911,maxDepth,L2,036,41.038916,-70.883212,max depth,OOI Pioneer
ar98a,248,2025-11-09T10:25:34Z,CTD911,recover,L2,036,41.038565,-70.882793,CTD on deck,OOI Pioneer
ar98a,249,2025-11-09T11:36:57Z,CTD911,deploy,L1,037,41.197037,-70.88362,CTD off deck; LTER cast,OOI Pioneer
ar98a,250,2025-11-09T11:42:18Z,CTD911,maxDepth,L1,037,41.197045,-70.883625,max depth 22m,OOI Pioneer
ar98a,251,2025-11-09T11:44:37Z,CTD911,recover,L1,037,41.197047,-70.883622,CTD on deck,OOI Pioneer
ar98a,252,2025-11-09T11:57:20Z,EK80 broadband,stop,"","",41.218624,-70.884936,"",OOI Pioneer
ar98a,253,2025-11-09T12:12:01Z,UHDAS,stop,"","",41.258084,-70.88685,"",OOI Pioneer
ar98a,254,2025-11-09T12:15:19Z,Valeport SVS,stop,"","",41.267119,-70.887094,"",OOI Pioneer
ar98a,255,2025-11-09T12:15:40Z,PCO2,other,"","",41.26803,-70.887121,"",OOI Pioneer
ar98a,262,2025-11-09T12:30:03Z,IFCB continuous,stop,"","",41.307102,-70.890173,IFCB115 end of cruise,OOI Pioneer
ar98a,256,2025-11-09T12:53:57Z,Underway Science seawater,stop,"","",41.373847,-70.875865,"",OOI Pioneer
ar98a,257,2025-11-09T12:54:06Z,PCO2,stop,"","",41.374257,-70.875605,"",OOI Pioneer
ar98a,258,2025-11-09T12:54:28Z,Underway Science seawater diaphragm pump,other,"","",41.375282,-70.87488,freshwater rinse,OOI Pioneer
ar98a,259,2025-11-09T12:54:42Z,PCO2,other,"","",41.375924,-70.87442,freshwater rinse,OOI Pioneer
ar98a,260,2025-11-09T13:54:37Z,IFCB continuous,stop,"","",41.379791,-70.802177,OOI IFCB 199 stopped,OOI Pioneer
ar98a,261,2025-11-09T15:26:55Z,HZG Wave Radar,stop,"","",41.381073,-70.801451,"",OOI Pioneer
ar98a,263,2025-11-09T17:56:23Z,Ship,endCruise,"","",41.52406,-70.672162,"",OOI Pioneer
ar98b,1,2025-11-10T18:29:20Z,Ship,startCruise,"","",41.524056,-70.672166,depart WHOI dock,OOI Pioneer
ar98b,2,2025-11-10T18:42:46Z,EM712,start,"","",41.502302,-70.668334,"",OOI Pioneer
ar98b,3,2025-11-10T18:43:23Z,UHDAS,start,"","",41.500905,-70.669624,"",OOI Pioneer
ar98b,4,2025-11-10T18:57:06Z,HZG Wave Radar,start,"","",41.475027,-70.709455,"",OOI Pioneer
ar98b,5,2025-11-10T19:57:53Z,Valeport SVS,start,"","",41.362709,-70.907936,"",OOI Pioneer
ar98b,6,2025-11-10T20:28:58Z,Underway Science seawater diaphragm pump,start,"","",41.312629,-71.017741,"",OOI Pioneer
ar98b,7,2025-11-10T20:29:10Z,PCO2,start,"","",41.312326,-71.018549,"",OOI Pioneer
ar98b,8,2025-11-10T20:36:58Z,IFCB continuous,start,"","",41.301185,-71.04754,LTER IFCB 101 & 115,OOI Pioneer
ar98b,9,2025-11-10T20:37:31Z,IFCB continuous,start,"","",41.300377,-71.049582,OOI IFCB 199,OOI Pioneer
ar98b,10,2025-11-12T17:10:11Z,CTD911,deploy,NE,001,36.059671,-74.772719,CTD off deck; NEPM-2 recovery,OOI Pioneer
ar98b,11,2025-11-12T17:28:03Z,CTD911,maxDepth,NE,001,36.059773,-74.772832,max depth 352.8 m,OOI Pioneer
ar98b,12,2025-11-12T17:57:15Z,CTD911,recover,NE,001,36.059208,-74.771955,CTD on deck,OOI Pioneer
ar98b,13,2025-11-12T18:19:28Z,IFCB continuous,stop,"","",36.050621,-74.775384,OOI IFCB 199 stopped for discrete samples,OOI Pioneer
ar98b,17,2025-11-12T20:56:08Z,Kongsberg SBP-29,start,"","",36.047752,-74.782164,start of test line NE to NO for BOEM,OOI Pioneer
ar98b,18,2025-11-12T21:24:33Z,IFCB continuous,start,"","",36.08115,-74.789956,OOI IFCB 199,OOI Pioneer
ar98b,20,2025-11-12T22:08:20Z,Kongsberg SBP-29,stop,"","",36.180815,-74.822625,stopped for anchor survey,OOI Pioneer
ar98b,22,2025-11-12T23:05:50Z,Kongsberg SBP-29,start,"","",36.183886,-74.826148,Ancillary - start of BOEM subbottom survey WPT27-WPT20 with mowing lawn pattern fr NW corner,OOI Pioneer
ar98b,23,2025-11-13T04:43:00Z,Kongsberg SBP-29,stop,"","",36.181705,-74.81583,end BOEM survey at NO,OOI Pioneer
ar98b,24,2025-11-13T04:44:12Z,EM712,start,"",NO,36.181209,-74.81608,running multibeam for a portion of met data collection,OOI Pioneer
ar98b,25,2025-11-13T05:42:33Z,EM712,stop,"",NO,36.179878,-74.816245,"",OOI Pioneer
ar98b,26,2025-11-13T09:30:20Z,Ship,other,NOSM-2,"",36.162266,-74.824153,end met survey,OOI Pioneer
ar98b,27,2025-11-13T11:37:20Z,CTD911,deploy,SE,002,35.848923,-74.852363,CTD off deck; SEPM-2 recovery,OOI Pioneer
ar98b,28,2025-11-13T11:51:13Z,CTD911,maxDepth,SE,002,35.848729,-74.852502,max depth 207.5 m,OOI Pioneer
ar98b,29,2025-11-13T12:16:00Z,CTD911,recover,SE,002,35.847274,-74.853438,CTD on deck,OOI Pioneer
ar98b,36,2025-11-13T21:27:20Z,SOLO Float,deploy,"","",36.00407,-74.246766,ancillary - NAVO Deep SOLO Float SN 12086 deployed off fantail using Aframe,OOI Pioneer
ar98b,37,2025-11-13T22:32:20Z,SOLO Float,deploy,"","",36.003664,-74.031014,ancillary - NAVO Deep SOLO Float SN 12088 deployed off fantail using Aframe,OOI Pioneer
ar98b,38,2025-11-14T00:30:20Z,SOLO Float,deploy,"","",35.866292,-74.168332,ancillary - NAVO Deep SOLO Float SN 12087 deployed off fantail using Aframe,OOI Pioneer
ar98b,39,2025-11-14T03:30:00Z,Kongsberg SBP-29,start,"","",35.920158,-74.696929,Start of BOEM survey,OOI Pioneer
ar98b,40,2025-11-14T07:25:00Z,Kongsberg SBP-29,stop,"","",35.94714,-75.121194,end of BOEM survey,OOI Pioneer
ar98b,42,2025-11-14T08:00:20Z,Ship,other,CNSM-3,"",35.947138,-75.1212,approx start Met survey w CNSM-3 in water,OOI Pioneer
ar98b,41,2025-11-14T10:49:26Z,LISST,on CTD rosette,"","",35.947166,-75.120719,Battery changed; Sampling program started,OOI Pioneer
ar98b,43,2025-11-14T11:30:20Z,Ship,other,CNSM-3,"",35.947277,-75.119377,approx end Met survey,OOI Pioneer
ar98b,44,2025-11-14T13:20:33Z,CTD911,deploy,WE,003,35.941158,-75.335822,CTD off deck; WESW-2 recovery,OOI Pioneer
ar98b,45,2025-11-14T13:27:57Z,CTD911,maxDepth,WE,003,35.940979,-75.335718,max depth 22.7 m,OOI Pioneer
ar98b,46,2025-11-14T13:35:59Z,CTD911,recover,WE,003,35.939868,-75.335819,CTD on deck,OOI Pioneer
ar98b,47,2025-11-14T14:30:30Z,SWM,recover,WESW-2,"",35.946021,-75.333698,MFN release SN 65023 fired,OOI Pioneer
ar98b,48,2025-11-14T14:53:08Z,IFCB continuous,start,"","",35.946131,-75.333333,NES-LTER IFCB101 restarted,OOI Pioneer
ar98b,49,2025-11-14T15:28:07Z,SWM,recover,WESW-2,"",35.946194,-75.333641,ARM release fired SN 65219,OOI Pioneer
ar98b,50,2025-11-14T15:59:01Z,SWM,recover,WESW-2,"",35.946229,-75.333191,ARM release fired SN 65219 a second time,OOI Pioneer
ar98b,51,2025-11-14T16:01:22Z,SWM,recover,WESW-2,"",35.946241,-75.333195,MFN release SN 65023 fired again,OOI Pioneer
ar98b,52,2025-11-14T16:08:13Z,IFCB continuous,stop,"","",35.946193,-75.333201,OOI IFCB 199 stopped for discrete samples,OOI Pioneer
ar98b,53,2025-11-14T16:10:20Z,SWM,recover,WESW-2,"",35.946206,-75.333192,buoy released and will attempt ROV dive and recovery,OOI Pioneer
ar98b,54,2025-11-14T19:12:49Z,IFCB continuous,start,"","",35.946197,-75.333181,OOI IFCB 199,OOI Pioneer
ar98b,60,2025-11-14T20:04:20Z,SWM,recover,WESW-2,"",35.946157,-75.333194,MFN and ARM on surface,OOI Pioneer
ar98b,61,2025-11-14T20:07:20Z,SWM,recover,WESW-2,"",35.946166,-75.333185,MFN on deck,OOI Pioneer
ar98b,62,2025-11-14T20:22:20Z,SWM,recover,WESW-2,"",35.946156,-75.333203,buoy on deck,OOI Pioneer
ar98b,63,2025-11-14T20:53:20Z,SWM,recover,WESW-2,"",35.946075,-75.333305,anchor on deck,OOI Pioneer
ar98b,64,2025-11-14T22:08:33Z,Kongsberg SBP-29,start,"","",35.945424,-75.321697,Ancillary - start of BOEM subbottom survey from WE to CN,OOI Pioneer
ar98b,65,2025-11-14T23:24:43Z,Kongsberg SBP-29,stop,"","",35.953901,-75.119665,end BOEM subbottom survey,OOI Pioneer
ar98b,67,2025-11-15T01:48:01Z,EK80 broadband,start,"","",35.94943,-75.114152,Start of CN  NO  SO - CN survey,OOI Pioneer
ar98b,68,2025-11-15T01:52:43Z,EM712,stop,"","",35.949429,-75.114158,ADCP; and EM712 secured for survey,OOI Pioneer
ar98b,69,2025-11-15T02:17:14Z,EK80 broadband,stop,"","",35.949431,-75.114162,stopped until speedlog and fathometer are turned off,OOI Pioneer
ar98b,70,2025-11-15T02:34:22Z,EK80 broadband,start,"","",35.949437,-75.114168,Start of CN  NO  SO - CN survey,OOI Pioneer
ar98b,71,2025-11-15T02:41:21Z,EK80 broadband,start,"","",35.949439,-75.114152,Pingers set to active mode for survey,OOI Pioneer
ar98b,72,2025-11-15T10:59:09Z,EK80 broadband,other,"","",35.941178,-75.114196,5 minutes passive,OOI Pioneer
ar98b,73,2025-11-15T11:05:47Z,EK80 broadband,stop,"","",35.95127,-75.12672,"",OOI Pioneer
ar98b,81,2025-11-15T15:02:20Z,SWM,recover,CNSW-3,"",35.953746,-75.125666,MFN ARM and anchor on deck,OOI Pioneer
ar98b,77,2025-11-15T15:02:56Z,IFCB continuous,stop,"","",35.953745,-75.125662,NES-LTER IFCB101 & IFCB115,OOI Pioneer
ar98b,78,2025-11-15T15:03:31Z,IFCB continuous,stop,"","",35.953746,-75.125661,OOI IFCB 199 stopped for pump maintenance,OOI Pioneer
ar98b,82,2025-11-15T15:13:20Z,SWM,recover,CNSW-3,"",35.953759,-75.125649,Buoy on deck,OOI Pioneer
ar98b,83,2025-11-15T16:06:25Z,IFCB continuous,start,"","",35.953666,-75.125233,OOI IFCB 199,OOI Pioneer
ar98b,84,2025-11-15T16:06:48Z,IFCB continuous,start,"","",35.95364,-75.125145,NES-LTER IFCB101 & IFCB115,OOI Pioneer
ar98b,85,2025-11-15T20:32:20Z,SWM,deploy,CNSW-4,"",35.957143,-75.121231,start deployment - chains down,OOI Pioneer
ar98b,86,2025-11-15T20:34:20Z,SWM,deploy,CNSW-4,"",35.956951,-75.121429,buoy in water,OOI Pioneer
ar98b,87,2025-11-15T20:41:20Z,SWM,deploy,CNSW-4,"",35.955767,-75.122641,MFN in water,OOI Pioneer
ar98b,88,2025-11-15T20:52:26Z,LISST,on CTD rosette,"","",35.953886,-75.124578,Battery changed; Sampling program started,OOI Pioneer
ar98b,89,2025-11-15T20:58:24Z,SWM,deploy,CNSW-4,"",35.953231,-75.12524,MFN released,OOI Pioneer
ar98b,90,2025-11-15T21:24:20Z,CTD911,deploy,CN,004,35.949986,-75.128321,CTD off deck; CNSW-4 deployment,OOI Pioneer
ar98b,91,2025-11-15T21:30:40Z,CTD911,maxDepth,CN,004,35.949921,-75.12813,max depth 27.4 m,OOI Pioneer
ar98b,92,2025-11-15T21:42:34Z,CTD911,recover,CN,004,35.949761,-75.127504,CTD on deck,OOI Pioneer
ar98b,93,2025-11-15T21:47:21Z,SWM,other,CNSW-4,"",35.949667,-75.127196,start anchor survey release SN 50467,OOI Pioneer
ar98b,94,2025-11-15T22:28:55Z,SWM,other,CNSW-4,"",35.954166,-75.119097,end anchor survey; release disabled,OOI Pioneer
ar98b,95,2025-11-15T22:45:20Z,Kongsberg SBP-29,start,"","",35.95299,-75.119495,Ancillary - start of BOEM subbottom survey transiting from CN to WPT11,OOI Pioneer
ar98b,96,2025-11-15T23:57:57Z,IFCB continuous,stop,"","",35.814338,-74.933027,OOI IFCB 199 stopped for discrete samples,OOI Pioneer
ar98b,97,2025-11-16T03:58:39Z,IFCB continuous,start,"","",35.729281,-74.841205,OOI IFCB 199,OOI Pioneer
ar98b,98,2025-11-16T04:00:20Z,Kongsberg SBP-29,stop,"","",35.72869,-74.843087,end BOEM subbottom survey,OOI Pioneer
ar98b,99,2025-11-16T04:30:20Z,Ship,other,SOSM-2,"",35.727712,-74.844597,start Met survey w SOSM-2,OOI Pioneer
ar98b,100,2025-11-16T11:45:20Z,Ship,other,SOSM-2,"",35.742613,-74.831672,end Met survey,OOI Pioneer
ar98b,101,2025-11-16T13:12:02Z,CTD911,deploy,CS-4,005,35.951735,-74.750774,CTD off deck; start cross-shelf survey,OOI Pioneer
ar98b,102,2025-11-16T13:29:27Z,CTD911,maxDepth,CS-4,005,35.951912,-74.750814,max depth 551.1 m,OOI Pioneer
ar98b,103,2025-11-16T13:45:23Z,CTD911,recover,CS-4,005,35.95164,-74.750532,CTD on deck,OOI Pioneer
ar98b,104,2025-11-16T14:33:59Z,LISST,on CTD rosette,"","",35.937593,-74.840309,Battery changed; Sampling program started,OOI Pioneer
ar98b,105,2025-11-16T14:47:35Z,CTD911,deploy,EA,006,35.950159,-74.847069,CTD off deck; cross-shelf survey,OOI Pioneer
ar98b,106,2025-11-16T14:56:05Z,CTD911,maxDepth,EA,006,35.950341,-74.847275,max depth 88.1 m,OOI Pioneer
ar98b,107,2025-11-16T15:02:06Z,CTD911,recover,EA,006,35.950464,-74.84739,CTD on deck,OOI Pioneer
ar98b,108,2025-11-16T15:46:25Z,CTD911,deploy,CS-3,007,35.948542,-74.937124,CTD off deck; cross-shelf survey,OOI Pioneer
ar98b,109,2025-11-16T15:52:30Z,CTD911,maxDepth,CS-3,007,35.948292,-74.936899,max depth 58.7 m,OOI Pioneer
ar98b,110,2025-11-16T15:58:12Z,CTD911,recover,CS-3,007,35.947977,-74.936546,CTD on deck,OOI Pioneer
ar98b,111,2025-11-16T16:41:17Z,CTD911,deploy,CS-2,008,35.950062,-75.032197,CTD off deck; cross-shelf survey,OOI Pioneer
ar98b,112,2025-11-16T16:47:05Z,CTD911,maxDepth,CS-2,008,35.950622,-75.032086,max depth 30.1 m,OOI Pioneer
ar98b,113,2025-11-16T16:50:30Z,CTD911,recover,CS-2,008,35.950638,-75.032102,CTD on deck,OOI Pioneer
ar98b,114,2025-11-16T17:33:02Z,CTD911,deploy,CN,009,35.950226,-75.124116,CTD off deck; cross-shelf survey,OOI Pioneer
ar98b,115,2025-11-16T17:37:44Z,CTD911,maxDepth,CN,009,35.950417,-75.124324,max depth 22.4 m,OOI Pioneer
ar98b,116,2025-11-16T17:41:14Z,CTD911,recover,CN,009,35.950477,-75.124357,CTD on deck,OOI Pioneer
ar98b,117,2025-11-16T18:25:23Z,CTD911,deploy,CS-1,010,35.950364,-75.228895,CTD off deck; cross-shelf survey,OOI Pioneer
ar98b,118,2025-11-16T18:30:01Z,CTD911,maxDepth,CS-1,010,35.950425,-75.228907,max depth 22.8 m,OOI Pioneer
ar98b,119,2025-11-16T18:33:26Z,CTD911,recover,CS-1,010,35.950491,-75.228932,CTD on deck,OOI Pioneer
ar98b,120,2025-11-16T19:17:16Z,CTD911,deploy,WE,011,35.949938,-75.332796,CTD off deck; cross-shelf survey,OOI Pioneer
ar98b,121,2025-11-16T19:22:48Z,CTD911,maxDepth,WE,011,35.949723,-75.332695,max depth 23.5 m,OOI Pioneer
ar98b,122,2025-11-16T19:26:45Z,CTD911,recover,WE,011,35.94958,-75.332631,CTD on deck; end cross-shelf survey,OOI Pioneer
ar98b,123,2025-11-16T20:45:44Z,SWM,other,CNSW-4,"",35.952632,-75.128983,sitting off CNSW-4 and CNSM-4 for data downloads and changing CNSW-4 STC and mission files to D00004,OOI Pioneer
ar98b,124,2025-11-17T01:35:00Z,ADCP38,start,"","",35.953114,-75.130472,ADCP survey; CN - NO - SO; with os38 and wh300.  Speedlog and fathometer secured.,OOI Pioneer
ar98b,125,2025-11-17T11:00:20Z,ADCP38,stop,"","",35.945832,-75.120124,approx end of ADCP survey CN - NO - SO and back at CN,OOI Pioneer
ar98b,128,2025-11-17T15:42:25Z,Kongsberg SBP-29,start,"","",35.954824,-75.111347,Ancillary - start of BOEM subbottom survey from CN to NO,OOI Pioneer
ar98b,129,2025-11-17T19:05:20Z,Kongsberg SBP-29,stop,"","",36.362978,-74.777855,end BOEM subbottom survey,OOI Pioneer
ar98b,130,2025-11-19T00:47:35Z,EK80 broadband,start,"","",39.782648,-70.883239,LTER EK-80 survey; EM712; fathometer; and speedlog secured,OOI Pioneer
ar98b,131,2025-11-19T10:16:54Z,EK80 broadband,other,"","",41.25544,-70.887678,5 minutes passive,OOI Pioneer
ar98b,132,2025-11-19T10:23:25Z,EK80 broadband,stop,"","",41.26773,-70.88838,"",OOI Pioneer
ar98b,133,2025-11-19T10:56:25Z,Valeport SVS,stop,"","",41.330159,-70.892723,"",OOI Pioneer
ar98b,134,2025-11-19T11:24:46Z,IFCB continuous,stop,"","",41.381463,-70.880239,NES-LTER IFCB101 & IFCB115,OOI Pioneer
ar98b,135,2025-11-19T11:25:08Z,IFCB continuous,stop,"","",41.382001,-70.879472,OOI IFCB 199,OOI Pioneer
ar98b,136,2025-11-19T11:32:39Z,Underway Science seawater diaphragm pump,stop,"","",41.392406,-70.864045,"",OOI Pioneer
ar98b,137,2025-11-19T13:32:59Z,HZG Wave Radar,stop,"","",41.472725,-70.731022,"",OOI Pioneer
ar98b,138,2025-11-19T14:38:11Z,UHDAS,stop,"","",41.492509,-70.663891,"",OOI Pioneer
ar98b,139,2025-11-19T15:08:20Z,Ship,endCruise,"","",41.524016,-70.672187,arrive WHOI dock,OOI Pioneer
ar98b,140,2025-11-19T15:12:31Z,Ship,endCruise,"","",41.524026,-70.67218,"",OOI Pioneer
ar99,1,2026-01-13T14:46:08Z,SUNAV2,sync time,"","",41.524057,-70.672165,Taylor time sync start of cruise before any casts,NESLTER
ar99,2,2026-01-13T15:15:41Z,Ship,startCruise,"","",41.524057,-70.672187,"",NESLTER
ar99,4,2026-01-13T15:18:21Z,EK80 broadband,start,"","",41.522904,-70.673093,"",NESLTER
ar99,3,2026-01-13T15:23:59Z,UHDAS,start,"","",41.515085,-70.671439,"",NESLTER
ar99,5,2026-01-13T17:07:53Z,Valeport SVS,deploy,"","",41.304455,-70.89602,"",NESLTER
ar99,6,2026-01-13T17:08:05Z,Underway Science seawater impeller,start,"","",41.303912,-70.895923,"",NESLTER
ar99,7,2026-01-13T17:08:13Z,Underway Science seawater diaphragm pump,start,"","",41.303576,-70.895852,"",NESLTER
ar99,8,2026-01-13T17:08:28Z,GO pCO2 8050,start,"","",41.302947,-70.895713,"",NESLTER
ar99,9,2026-01-13T17:15:47Z,Attune Flow Cytometer,start,"","",41.284696,-70.893084,"",NESLTER
ar99,54,2026-01-13T17:19:21Z,IFCB continuous,start,"","",41.275834,-70.891949,ifcb115,NESLTER
ar99,10,2026-01-13T17:57:50Z,EIMS,start,"","",41.195646,-70.883203,First switch to water,NESLTER
ar99,17,2026-01-13T17:58:00Z,Underway Science seawater diaphragm pump,mercury discrete,L1,"",41.195642,-70.883204,"",NESLTER
ar99,11,2026-01-13T18:05:45Z,CTD911,deploy,L1,001,41.195657,-70.883231,recovered to flush sensors,NESLTER
ar99,12,2026-01-13T18:13:55Z,CTD911,abort,L1,001,41.195749,-70.883341,recovered for bad conductivity,NESLTER
ar99,55,2026-01-13T18:18:03Z,IFCB continuous,start,"","",41.195764,-70.883341,ifcb102,NESLTER
ar99,13,2026-01-13T18:23:07Z,CTD911,deploy,L1,002,41.195665,-70.883145,"",NESLTER
ar99,56,2026-01-13T18:41:38Z,IFCB continuous,stop,"","",41.195517,-70.882838,ifcb102 stop to run discrete,NESLTER
ar99,20,2026-01-13T18:56:02Z,Bongo Net,deploy,L1,B2,41.194552,-70.883411,"",NESLTER
ar99,21,2026-01-13T19:03:04Z,Bongo Net,recover,L1,B2,41.191023,-70.886702,"",NESLTER
ar99,15,2026-01-13T19:27:48Z,Sting Ray,deploy towed,L1,Tow001,41.183358,-70.884703,"",NESLTER
ar99,16,2026-01-13T19:28:37Z,Incubation C13,start,L1,002,41.182946,-70.884656,"",NESLTER
ar99,18,2026-01-13T19:49:30Z,CSTARS HZG radar,start,"","",41.160546,-70.883348,"",NESLTER
ar99,19,2026-01-13T20:04:39Z,Incubation Grazing,start,L1,02,41.139764,-70.881755,"",NESLTER
ar99,222,2026-01-13T21:33:00Z,Underway Science seawater diaphragm pump,chl discrete,"","",41.028655,-70.890554,"",NESLTER
ar99,23,2026-01-13T22:00:00Z,Underway Science seawater diaphragm pump,other,"","",40.99462,-70.888439,DMS machine running on seawater since 2200 hrs utc,NESLTER
ar99,57,2026-01-13T22:28:15Z,IFCB continuous,start,"","",40.957543,-70.882574,ifcb102,NESLTER
ar99,22,2026-01-13T22:51:53Z,Underway Science seawater diaphragm pump,TOI discrete,"","",40.923639,-70.882451,bottle 538,NESLTER
ar99,37,2026-01-14T01:47:00Z,Underway Science seawater diaphragm pump,DO discrete,"","",40.692584,-70.881843,bottle 4,NESLTER
ar99,24,2026-01-14T01:47:14Z,Sting Ray,recover,L4,Tow001,40.692463,-70.881855,"",NESLTER
ar99,38,2026-01-14T01:51:00Z,Underway Science seawater diaphragm pump,DO discrete,"","",40.689677,-70.882064,bottle 29,NESLTER
ar99,39,2026-01-14T01:53:00Z,Underway Science seawater diaphragm pump,DO discrete,"","",40.688267,-70.882223,bottle 36,NESLTER
ar99,27,2026-01-14T04:23:00Z,Underway Science seawater diaphragm pump,mercury discrete,L2,"",41.040338,-70.881762,"",NESLTER
ar99,25,2026-01-14T04:23:53Z,CTD911,deploy,L2,003,41.04055,-70.881686,"",NESLTER
ar99,35,2026-01-14T04:43:00Z,Underway Science seawater diaphragm pump,TOI discrete,"","",41.040647,-70.87938,bottle 793,NESLTER
ar99,36,2026-01-14T04:45:00Z,Underway Science seawater diaphragm pump,TOI discrete,"","",41.040582,-70.879113,bottle 306,NESLTER
ar99,58,2026-01-14T05:08:33Z,IFCB continuous,stop,"","",41.028466,-70.889551,ifcb102 stop to run discrete,NESLTER
ar99,31,2026-01-14T05:09:51Z,Bongo Net,deploy,L2,B3,41.027763,-70.889529,"",NESLTER
ar99,32,2026-01-14T05:18:38Z,Bongo Net,recover,L2,B3,41.02243,-70.889696,"",NESLTER
ar99,28,2026-01-14T05:37:41Z,Incubation C13,start,L2,003,41.040775,-70.885111,"",NESLTER
ar99,33,2026-01-14T05:46:16Z,Ring Net,deploy,L2,B3,41.040799,-70.884476,vertical tow separate from bongo tow,NESLTER
ar99,30,2026-01-14T05:54:00Z,Incubation C13,start,L2,003,41.040744,-70.884205,MR Mixed Layer Experiment,NESLTER
ar99,34,2026-01-14T05:54:31Z,Ring Net,recover,L2,B3,41.040738,-70.884164,vertical tow separate from bongo tow,NESLTER
ar99,29,2026-01-14T06:03:41Z,Incubation Grazing,start,L2,03,41.035492,-70.887695,"",NESLTER
ar99,223,2026-01-14T07:05:00Z,Underway Science seawater diaphragm pump,chl discrete,"","",40.894094,-70.883294,"",NESLTER
ar99,59,2026-01-14T07:22:53Z,IFCB continuous,start,"","",40.853675,-70.883279,ifcb102,NESLTER
ar99,42,2026-01-14T10:02:02Z,Bongo Net,deploy,L5,B4,40.511451,-70.88251,"",NESLTER
ar99,43,2026-01-14T10:14:02Z,Bongo Net,recover,L5,B4,40.504616,-70.883306,"",NESLTER
ar99,60,2026-01-14T10:31:16Z,IFCB continuous,stop,"","",40.513241,-70.883651,ifcb102 stop to run discrete,NESLTER
ar99,44,2026-01-14T10:36:00Z,Underway Science seawater diaphragm pump,mercury discrete,L5,"",40.513342,-70.883271,"",NESLTER
ar99,40,2026-01-14T10:46:06Z,CTD911,deploy,L5,004,40.51278,-70.882063,"",NESLTER
ar99,97,2026-01-14T10:53:00Z,Underway Science seawater diaphragm pump,DO discrete,"","",40.512424,-70.881349,bottle 14,NESLTER
ar99,98,2026-01-14T10:56:00Z,Underway Science seawater diaphragm pump,DO discrete,"","",40.51228,-70.880996,bottle 23,NESLTER
ar99,99,2026-01-14T10:59:00Z,Underway Science seawater diaphragm pump,DO discrete,"","",40.512066,-70.880601,bottle 18,NESLTER
ar99,224,2026-01-14T12:00:19Z,Underway Science seawater diaphragm pump,chl discrete,"","",40.63712,-70.883066,"",NESLTER
ar99,45,2026-01-14T12:32:01Z,Sting Ray,deploy towed,L4,Tow002,40.692512,-70.882396,"",NESLTER
ar99,46,2026-01-14T15:11:56Z,Underway Science seawater diaphragm pump,TOI discrete,L5 underway,"",40.494612,-70.883426,L5 underway,NESLTER
ar99,225,2026-01-14T15:23:00Z,Underway Science seawater diaphragm pump,chl discrete,"","",40.480683,-70.883093,"",NESLTER
ar99,47,2026-01-14T15:46:04Z,Underway Science seawater diaphragm pump,other,"","",40.449236,-70.883263,DMS machine and ozone and DMS air compressor fully powered off to test for interference with Rachels lab.,NESLTER
ar99,50,2026-01-14T16:30:02Z,Underway Science seawater diaphragm pump,stop,"","",40.38479,-70.885515,sssg fixing air compressor issue,NESLTER
ar99,51,2026-01-14T16:40:00Z,Underway Science seawater diaphragm pump,start,"","",40.371434,-70.884208,"",NESLTER
ar99,48,2026-01-14T17:21:08Z,Sting Ray,recover,L6,Tow002,40.355859,-70.882686,Recovered after getting caught on fishing gear,NESLTER
ar99,49,2026-01-14T17:22:12Z,Underway Science seawater diaphragm pump,TOI discrete,"","",40.355798,-70.882585,L6 underway,NESLTER
ar99,52,2026-01-14T17:38:30Z,Sting Ray,deploy towed,L6,Tow003,40.353502,-70.882275,"",NESLTER
ar99,61,2026-01-14T17:41:29Z,IFCB continuous,start,"","",40.351502,-70.882284,ifcb102,NESLTER
ar99,62,2026-01-14T18:25:01Z,Underway Science seawater diaphragm pump,stop,"","",40.295604,-70.88226,air compressor issue,NESLTER
ar99,63,2026-01-14T18:33:46Z,Underway Science seawater diaphragm pump,start,"","",40.283904,-70.882525,"",NESLTER
ar99,64,2026-01-14T18:43:21Z,Underway Science seawater diaphragm pump,other,"","",40.271543,-70.883074,DMS air compressor on; DMS off,NESLTER
ar99,68,2026-01-14T19:00:01Z,Underway Science seawater diaphragm pump,stop,"","",40.249127,-70.882136,air compressor issue,NESLTER
ar99,65,2026-01-14T19:26:43Z,Underway Science seawater diaphragm pump,other,"","",40.212784,-70.882358,DMS on and DMS compressor on and ozone off. purge and gas waste tubes vented to fume hood,NESLTER
ar99,67,2026-01-14T19:28:30Z,Underway Science seawater diaphragm pump,start,"","",40.210391,-70.882354,using ship air now,NESLTER
ar99,66,2026-01-14T19:33:04Z,Incubation C13,stop,L1,002,40.204139,-70.882455,"",NESLTER
ar99,69,2026-01-14T20:11:19Z,Incubation Grazing,stop,L1,02,40.150292,-70.882257,"",NESLTER
ar99,70,2026-01-14T20:24:46Z,Underway Science seawater diaphragm pump,other,"","",40.131961,-70.882385,ozone on dms on and DMS air compressor on,NESLTER
ar99,71,2026-01-14T21:09:33Z,SUNAV2,sync time,"","",40.074006,-70.884231,"",NESLTER
ar99,72,2026-01-14T21:20:45Z,Underway Science seawater diaphragm pump,other,"","",40.059531,-70.883496,DMS switched to seawater,NESLTER
ar99,73,2026-01-14T21:30:17Z,Sting Ray,recover,L9,Tow003,40.053257,-70.883329,"",NESLTER
ar99,77,2026-01-14T21:35:00Z,Underway Science seawater diaphragm pump,mercury discrete,L9,"",40.047345,-70.883562,"",NESLTER
ar99,74,2026-01-14T21:44:56Z,CTD911,deploy,L9,005,40.046033,-70.883367,"",NESLTER
ar99,100,2026-01-14T22:24:00Z,Underway Science seawater diaphragm pump,DO discrete,"","",40.04605,-70.882975,bottle 15,NESLTER
ar99,76,2026-01-14T22:24:57Z,IFCB continuous,stop,"","",40.046049,-70.882956,ifcb102 stop to run discretes,NESLTER
ar99,101,2026-01-14T22:26:00Z,Underway Science seawater diaphragm pump,DO discrete,"","",40.046054,-70.882938,bottle 10,NESLTER
ar99,102,2026-01-14T22:28:00Z,Underway Science seawater diaphragm pump,DO discrete,"","",40.046055,-70.882926,bottle 27,NESLTER
ar99,226,2026-01-14T22:40:00Z,Underway Science seawater diaphragm pump,chl discrete,"","",40.04181,-70.883105,"",NESLTER
ar99,80,2026-01-14T22:40:20Z,Bongo Net,deploy,L9,B5,40.041655,-70.883125,"",NESLTER
ar99,81,2026-01-14T23:03:29Z,Bongo Net,recover,L9,B5,40.030005,-70.883717,"",NESLTER
ar99,84,2026-01-14T23:26:03Z,Ring Net,deploy,L9,B5,40.046689,-70.883184,"",NESLTER
ar99,85,2026-01-14T23:59:01Z,Ring Net,recover,L9,B5,40.048924,-70.883007,"",NESLTER
ar99,79,2026-01-15T00:59:00Z,Underway Science seawater diaphragm pump,mercury discrete,L10,"",39.938969,-70.883146,"",NESLTER
ar99,82,2026-01-15T01:05:38Z,Bongo Net,deploy,L10,B6,39.935228,-70.882768,"",NESLTER
ar99,83,2026-01-15T01:32:09Z,Bongo Net,recover,L10,B6,39.92187,-70.881212,"",NESLTER
ar99,78,2026-01-15T01:55:12Z,CTD911,deploy,L10,006,39.941947,-70.882363,"",NESLTER
ar99,88,2026-01-15T03:19:38Z,Isaacs-Kidd Midwater Trawl,deploy,L10,1,39.93856,-70.877372,"",NESLTER
ar99,86,2026-01-15T03:29:50Z,Incubation C13,start,L10,006,39.931367,-70.880213,"",NESLTER
ar99,89,2026-01-15T03:50:28Z,Isaacs-Kidd Midwater Trawl,startSample,L10,1,39.914299,-70.881888,"",NESLTER
ar99,90,2026-01-15T04:10:05Z,Isaacs-Kidd Midwater Trawl,stopSample,L10,1,39.896964,-70.883164,"",NESLTER
ar99,87,2026-01-15T04:24:55Z,Incubation Grazing,start,L10,06,39.884983,-70.883071,"",NESLTER
ar99,91,2026-01-15T04:45:40Z,Isaacs-Kidd Midwater Trawl,recover,L10,1,39.86999,-70.883314,"",NESLTER
ar99,92,2026-01-15T05:38:50Z,Incubation C13,stop,L2,003,39.772628,-70.867193,"",NESLTER
ar99,93,2026-01-15T06:30:32Z,CTD911,deploy,u11a,007,39.772585,-70.772607,"",NESLTER
ar99,94,2026-01-15T06:31:27Z,Incubation Grazing,stop,L2,03,39.772578,-70.772513,"",NESLTER
ar99,96,2026-01-15T07:08:00Z,Underway Science seawater diaphragm pump,TOI discrete,"","",39.773469,-70.885326,bottle 254,NESLTER
ar99,95,2026-01-15T07:16:27Z,Incubation C13,stop,L2,003,39.773388,-70.913287,MR Mixed Layer Experiment,NESLTER
ar99,103,2026-01-15T07:46:28Z,CTD911,deploy,d11a,008,39.773843,-70.991665,"",NESLTER
ar99,106,2026-01-15T08:47:53Z,Isaacs-Kidd Midwater Trawl,deploy,L11,2,39.771932,-70.886776,"",NESLTER
ar99,227,2026-01-15T08:59:00Z,Underway Science seawater diaphragm pump,chl discrete,"","",39.772044,-70.896171,"",NESLTER
ar99,107,2026-01-15T09:15:41Z,Isaacs-Kidd Midwater Trawl,startSample,L11,2,39.771419,-70.914583,"",NESLTER
ar99,108,2026-01-15T09:35:15Z,Isaacs-Kidd Midwater Trawl,stopSample,L11,2,39.771436,-70.935107,"",NESLTER
ar99,109,2026-01-15T09:52:43Z,Isaacs-Kidd Midwater Trawl,recover,L11,2,39.770998,-70.953246,"",NESLTER
ar99,110,2026-01-15T10:30:00Z,Underway Science seawater diaphragm pump,mercury discrete,L11,"",39.773423,-70.883237,"",NESLTER
ar99,105,2026-01-15T10:38:00Z,CTD911,deploy,L11,009,39.773322,-70.883153,"",NESLTER
ar99,115,2026-01-15T11:39:08Z,Bongo Net,deploy,L11,B9,39.77074,-70.884039,"",NESLTER
ar99,116,2026-01-15T12:04:02Z,Bongo Net,recover,L11,B9,39.759287,-70.89492,"",NESLTER
ar99,111,2026-01-15T12:10:09Z,Incubation C13,start,L11,009,39.75847,-70.895088,"",NESLTER
ar99,112,2026-01-15T12:14:45Z,ADCP38,start,"","",39.760187,-70.89259,"",NESLTER
ar99,113,2026-01-15T12:32:29Z,Sting Ray,deploy towed,L11,Tow004,39.758657,-70.890575,"",NESLTER
ar99,114,2026-01-15T12:39:11Z,Underway Science seawater diaphragm pump,TOI discrete,L11,009,39.757006,-70.886299,2x underway sample with L11 009 cast,NESLTER
ar99,245,2026-01-15T13:12:27Z,Incubation Grazing,start,L11,09,39.785623,-70.882747,"",NESLTER
ar99,228,2026-01-15T14:39:00Z,Underway Science seawater diaphragm pump,chl discrete,"","",39.87739,-70.881453,"",NESLTER
ar99,118,2026-01-15T15:23:00Z,Underway Science seawater diaphragm pump,other,"","",39.92869,-70.879112,restart of DMS PC and powerdown of DMS machine. DMS air compressor still on,NESLTER
ar99,117,2026-01-15T15:41:38Z,Underway Science seawater diaphragm pump,TOI discrete,"","",39.950129,-70.877405,L10 underway sample,NESLTER
ar99,119,2026-01-15T15:59:41Z,Underway Science seawater diaphragm pump,other,"","",39.970285,-70.875567,DMS air compressor off,NESLTER
ar99,122,2026-01-15T16:28:01Z,IFCB continuous,start,"","",40.002721,-70.88302,ifcb102,NESLTER
ar99,120,2026-01-15T17:11:09Z,Underway Science seawater diaphragm pump,TOI discrete,"","",40.052659,-70.88153,L9 underway sample,NESLTER
ar99,121,2026-01-15T17:22:19Z,Underway Science seawater diaphragm pump,other,"","",40.065261,-70.880301,DMS Machine and DMS air compressor back on,NESLTER
ar99,229,2026-01-15T17:29:00Z,Underway Science seawater diaphragm pump,chl discrete,"","",40.072919,-70.880101,"",NESLTER
ar99,123,2026-01-15T18:42:22Z,Underway Science seawater diaphragm pump,TOI discrete,"","",40.160338,-70.882555,L8 underway,NESLTER
ar99,124,2026-01-15T20:01:50Z,Underway Science seawater diaphragm pump,TOI discrete,"","",40.265852,-70.878828,L7 underway sample,NESLTER
ar99,125,2026-01-15T20:55:43Z,SUNAV2,sync time,"","",40.337316,-70.881332,SUNA time matched ship time,NESLTER
ar99,126,2026-01-15T21:14:29Z,SUNAV2,service,"","",40.361399,-70.88266,cleaned optical surfaces,NESLTER
ar99,127,2026-01-15T21:40:17Z,Sting Ray,recover,L6,Tow004,40.378376,-70.884722,"",NESLTER
ar99,138,2026-01-15T21:53:53Z,Bongo Net,deploy,L6,B10,40.367626,-70.88609,"",NESLTER
ar99,139,2026-01-15T22:04:41Z,Bongo Net,recover,L6,B10,40.363462,-70.890293,"",NESLTER
ar99,129,2026-01-15T22:19:00Z,Underway Science seawater diaphragm pump,mercury discrete,L6,"",40.362236,-70.888416,"",NESLTER
ar99,128,2026-01-15T22:20:58Z,CTD911,deploy,L6,010,40.361976,-70.888306,"",NESLTER
ar99,133,2026-01-15T22:48:00Z,Underway Science seawater diaphragm pump,TOI discrete,"","",40.359004,-70.88564,bottle 241,NESLTER
ar99,134,2026-01-15T22:49:00Z,Underway Science seawater diaphragm pump,TOI discrete,"","",40.358889,-70.88551,bottle 301,NESLTER
ar99,135,2026-01-15T22:52:00Z,Underway Science seawater diaphragm pump,DO discrete,"","",40.358578,-70.88534,bottle 4,NESLTER
ar99,136,2026-01-15T22:54:00Z,Underway Science seawater diaphragm pump,DO discrete,"","",40.358284,-70.885011,bottle 29,NESLTER
ar99,137,2026-01-15T22:56:00Z,Underway Science seawater diaphragm pump,DO discrete,"","",40.358128,-70.88495,bottle 36,NESLTER
ar99,140,2026-01-15T23:02:13Z,Ring Net,deploy,L6,B10,40.357536,-70.884601,"",NESLTER
ar99,160,2026-01-15T23:09:01Z,IFCB continuous,stop,"","",40.356695,-70.883986,ifcb102 stop to run discrete,NESLTER
ar99,141,2026-01-15T23:19:47Z,Ring Net,recover,L6,B10,40.355448,-70.883131,"",NESLTER
ar99,142,2026-01-15T23:32:31Z,Isaacs-Kidd Midwater Trawl,deploy,L6,3,40.353611,-70.885525,"",NESLTER
ar99,130,2026-01-15T23:47:50Z,Incubation C13,start,L6,010,40.349514,-70.897335,"",NESLTER
ar99,143,2026-01-15T23:52:40Z,Isaacs-Kidd Midwater Trawl,startSample,L6,3,40.347667,-70.903172,"",NESLTER
ar99,144,2026-01-16T00:12:18Z,Isaacs-Kidd Midwater Trawl,stopSample,L6,3,40.338414,-70.92641,"",NESLTER
ar99,131,2026-01-16T00:19:32Z,Incubation Grazing,start,L6,10,40.33485,-70.935514,"",NESLTER
ar99,145,2026-01-16T00:24:47Z,Isaacs-Kidd Midwater Trawl,recover,L6,3,40.333181,-70.938591,"",NESLTER
ar99,132,2026-01-16T01:49:10Z,CTD911,deploy,u6a,011,40.362759,-70.768902,"",NESLTER
ar99,146,2026-01-16T03:19:12Z,Incubation C13,stop,L10,006,40.363617,-70.944852,"",NESLTER
ar99,147,2026-01-16T03:49:39Z,CTD911,deploy,d6a,012,40.362209,-70.990612,"",NESLTER
ar99,161,2026-01-16T04:08:01Z,IFCB continuous,start,"","",40.359332,-70.989598,ifcb102,NESLTER
ar99,148,2026-01-16T04:08:02Z,Incubation Grazing,stop,L10,06,40.359332,-70.989598,"",NESLTER
ar99,150,2026-01-16T05:38:00Z,Underway Science seawater diaphragm pump,mercury discrete,L7,"",40.257911,-70.883154,"",NESLTER
ar99,149,2026-01-16T05:49:28Z,CTD911,deploy,L7,013,40.257403,-70.882459,"",NESLTER
ar99,162,2026-01-16T06:30:02Z,IFCB continuous,stop,"","",40.247191,-70.88318,ifcb102 stop to run discrete,NESLTER
ar99,230,2026-01-16T06:50:00Z,Underway Science seawater diaphragm pump,chl discrete,"","",40.201687,-70.882588,"",NESLTER
ar99,152,2026-01-16T07:30:00Z,Underway Science seawater diaphragm pump,mercury discrete,L8,"",40.151956,-70.883656,"",NESLTER
ar99,151,2026-01-16T07:36:57Z,CTD911,deploy,L8,014,40.151616,-70.883228,"",NESLTER
ar99,155,2026-01-16T08:00:00Z,Underway Science seawater diaphragm pump,DO discrete,"","",40.150799,-70.882566,bottle 35,NESLTER
ar99,156,2026-01-16T08:02:00Z,Underway Science seawater diaphragm pump,DO discrete,"","",40.150807,-70.882335,bottle 18,NESLTER
ar99,157,2026-01-16T08:04:00Z,Underway Science seawater diaphragm pump,DO discrete,"","",40.150665,-70.882037,bottle 8,NESLTER
ar99,153,2026-01-16T08:05:00Z,Underway Science seawater diaphragm pump,TOI discrete,"","",40.150606,-70.881886,bottle 152,NESLTER
ar99,154,2026-01-16T08:06:00Z,Underway Science seawater diaphragm pump,TOI discrete,"","",40.15055,-70.881747,bottle 558,NESLTER
ar99,241,2026-01-16T09:07:00Z,Incubation C13,start,L8,014,40.153107,-70.881549,"",NESLTER
ar99,158,2026-01-16T10:13:29Z,Incubation Grazing,start,L8,14,40.285375,-70.883014,"",NESLTER
ar99,163,2026-01-16T11:05:02Z,IFCB continuous,start,"","",40.407429,-70.884494,ifcb102,NESLTER
ar99,159,2026-01-16T11:59:11Z,Underway Science seawater diaphragm pump,TOI discrete,"","",40.528704,-70.882384,L5 underway TOI bottle 275,NESLTER
ar99,164,2026-01-16T12:32:47Z,Incubation C13,stop,L11,009,40.585894,-70.874364,"",NESLTER
ar99,165,2026-01-16T12:33:07Z,Incubation Grazing,stop,L11,09,40.586048,-70.874287,"",NESLTER
ar99,166,2026-01-16T13:27:06Z,Underway Science seawater diaphragm pump,TOI discrete,"","",40.69684,-70.883152,L4 underway TOI sample bottle 253,NESLTER
ar99,167,2026-01-16T14:51:00Z,Underway Science seawater diaphragm pump,other,"","",40.697073,-70.698242,big air in underway due to weather,NESLTER
ar99,168,2026-01-16T15:50:18Z,CTD911,deploy,u4a,015,40.69622,-70.772893,"",NESLTER
ar99,231,2026-01-16T16:21:00Z,Underway Science seawater diaphragm pump,chl discrete,"","",40.693617,-70.766342,"",NESLTER
ar99,169,2026-01-16T16:22:03Z,IFCB continuous,stop,"","",40.693676,-70.766136,ifcb102 stop to run discrete,NESLTER
ar99,212,2026-01-16T17:48:02Z,IFCB continuous,start,"","",40.696834,-70.921286,ifcb102,NESLTER
ar99,221,2026-01-16T18:25:00Z,Underway Science seawater diaphragm pump,chl discrete,"","",40.696653,-70.990839,"",NESLTER
ar99,170,2026-01-16T18:30:00Z,CTD911,deploy,d4a,016,40.696422,-70.990795,"",NESLTER
ar99,172,2026-01-16T19:40:00Z,Underway Science seawater diaphragm pump,mercury discrete,L4,"",40.696074,-70.883346,"",NESLTER
ar99,213,2026-01-16T19:46:02Z,IFCB continuous,stop,"","",40.69584,-70.883305,ifcb102 stop to run discrete,NESLTER
ar99,171,2026-01-16T19:54:09Z,CTD911,deploy,L4,017,40.6953,-70.883224,"",NESLTER
ar99,175,2026-01-16T20:00:00Z,Underway Science seawater diaphragm pump,TOI discrete,"","",40.695087,-70.883171,L4 underway samples when surface bottle fired bottles 804 and 524,NESLTER
ar99,238,2026-01-16T20:00:00Z,Underway Science seawater diaphragm pump,DO discrete,"","",40.695087,-70.883171,bottle 17,NESLTER
ar99,239,2026-01-16T20:02:00Z,Underway Science seawater diaphragm pump,DO discrete,"","",40.695018,-70.883177,bottle 32,NESLTER
ar99,240,2026-01-16T20:04:00Z,Underway Science seawater diaphragm pump,DO discrete,"","",40.694941,-70.883082,bottle 2,NESLTER
ar99,178,2026-01-16T20:10:00Z,Isaacs-Kidd Midwater Trawl,deploy,L4,4,40.694339,-70.88614,"",NESLTER
ar99,179,2026-01-16T20:15:28Z,Isaacs-Kidd Midwater Trawl,startSample,L4,4,40.69401,-70.889599,"",NESLTER
ar99,180,2026-01-16T20:35:07Z,Isaacs-Kidd Midwater Trawl,stopSample,L4,4,40.692794,-70.90433,"",NESLTER
ar99,181,2026-01-16T20:40:39Z,Isaacs-Kidd Midwater Trawl,recover,L4,4,40.692458,-70.907904,I estimate recovery time based on PX sensor.,NESLTER
ar99,173,2026-01-16T20:47:44Z,Incubation C13,start,L4,017,40.692128,-70.903964,"",NESLTER
ar99,174,2026-01-16T20:48:23Z,Incubation Grazing,start,L4,17,40.692145,-70.903391,"",NESLTER
ar99,176,2026-01-16T20:56:32Z,Bongo Net,deploy,L4,B17,40.692016,-70.902861,"",NESLTER
ar99,177,2026-01-16T21:04:41Z,Bongo Net,recover,L4,B17,40.691704,-70.907678,"",NESLTER
ar99,183,2026-01-16T22:35:00Z,Underway Science seawater diaphragm pump,mercury discrete,L3,"",40.863369,-70.881601,"",NESLTER
ar99,182,2026-01-16T22:38:40Z,CTD911,deploy,L3,018,40.863215,-70.881615,"",NESLTER
ar99,186,2026-01-16T23:22:28Z,Bongo Net,deploy,L3,B18,40.861826,-70.883717,"",NESLTER
ar99,187,2026-01-16T23:32:19Z,Bongo Net,recover,L3,B18,40.860208,-70.891241,335um net: codend was lost during recovery due to strong wind/currents,NESLTER
ar99,184,2026-01-16T23:33:44Z,Incubation C13,stop,L6,010,40.860077,-70.891892,"",NESLTER
ar99,185,2026-01-17T00:15:56Z,Incubation Grazing,stop,L6,10,40.778367,-70.883413,"",NESLTER
ar99,188,2026-01-17T01:17:20Z,IFCB continuous,start,"","",40.629043,-70.883258,ifcb102,NESLTER
ar99,189,2026-01-17T03:03:38Z,Underway Science seawater diaphragm pump,TOI discrete,"","",40.357165,-70.88287,bottle 559,NESLTER
ar99,194,2026-01-17T03:58:00Z,Underway Science seawater diaphragm pump,DO discrete,"","",40.25563,-70.89018,bottle 12,NESLTER
ar99,195,2026-01-17T04:00:00Z,Underway Science seawater diaphragm pump,DO discrete,"","",40.25508,-70.891618,bottle 9,NESLTER
ar99,192,2026-01-17T04:00:50Z,Bongo Net,deploy,L7,B19,40.254843,-70.892294,"",NESLTER
ar99,196,2026-01-17T04:02:00Z,Underway Science seawater diaphragm pump,DO discrete,"","",40.254487,-70.892938,bottle 3,NESLTER
ar99,191,2026-01-17T04:03:40Z,IFCB continuous,stop,"","",40.253926,-70.893951,ifcb102 stop to run L7 discrete,NESLTER
ar99,193,2026-01-17T04:18:36Z,Bongo Net,recover,L7,B19,40.249138,-70.900986,"",NESLTER
ar99,190,2026-01-17T04:26:09Z,CTD911,deploy,L7,019,40.24785,-70.902281,"",NESLTER
ar99,207,2026-01-17T04:50:00Z,Isaacs-Kidd Midwater Trawl,deploy,L7,5,40.245467,-70.901948,"",NESLTER
ar99,208,2026-01-17T04:59:11Z,Isaacs-Kidd Midwater Trawl,startSample,L7,5,40.241636,-70.906209,"",NESLTER
ar99,209,2026-01-17T05:19:03Z,Isaacs-Kidd Midwater Trawl,stopSample,L7,5,40.232478,-70.920386,"",NESLTER
ar99,210,2026-01-17T05:24:57Z,Isaacs-Kidd Midwater Trawl,recover,L7,5,40.229554,-70.924112,"",NESLTER
ar99,216,2026-01-17T06:51:08Z,Isaacs-Kidd Midwater Trawl,deploy,L8,6,40.15053,-70.884604,"",NESLTER
ar99,211,2026-01-17T06:56:39Z,Isaacs-Kidd Midwater Trawl,startSample,L8,6,40.148613,-70.887684,"",NESLTER
ar99,205,2026-01-17T07:16:04Z,Isaacs-Kidd Midwater Trawl,stopSample,L8,6,40.138956,-70.904541,"",NESLTER
ar99,206,2026-01-17T07:21:31Z,Isaacs-Kidd Midwater Trawl,recover,L8,6,40.136595,-70.908195,"",NESLTER
ar99,197,2026-01-17T07:55:31Z,CTD911,deploy,L8,020,40.152693,-70.883219,"",NESLTER
ar99,199,2026-01-17T08:11:00Z,Underway Science seawater diaphragm pump,TOI discrete,"","",40.151748,-70.881916,bottle 466,NESLTER
ar99,200,2026-01-17T08:13:00Z,Underway Science seawater diaphragm pump,TOI discrete,"","",40.151642,-70.881762,bottle 375,NESLTER
ar99,220,2026-01-17T08:20:00Z,Underway Science seawater diaphragm pump,chl discrete,"","",40.150914,-70.881776,"",NESLTER
ar99,201,2026-01-17T08:20:02Z,Bongo Net,deploy,L8,B20,40.150914,-70.881776,"",NESLTER
ar99,202,2026-01-17T08:37:02Z,Bongo Net,recover,L8,B20,40.143766,-70.889512,"",NESLTER
ar99,198,2026-01-17T09:00:29Z,Incubation C13,stop,L8,014,40.151934,-70.859023,"",NESLTER
ar99,214,2026-01-17T10:13:53Z,Incubation Grazing,stop,L8,14,40.152054,-70.924823,"",NESLTER
ar99,219,2026-01-17T11:30:00Z,Underway Science seawater diaphragm pump,chl discrete,"","",40.15174,-70.883006,"",NESLTER
ar99,217,2026-01-17T11:47:33Z,Sting Ray,deploy towed,L8,Tow005,40.155164,-70.883032,"",NESLTER
ar99,218,2026-01-17T11:49:36Z,IFCB continuous,start,"","",40.156623,-70.882804,ifcb102 switch to underway,NESLTER
ar99,232,2026-01-17T13:12:50Z,Underway Science seawater diaphragm pump,TOI discrete,"","",40.266614,-70.882883,L7 underway sample bottle 468,NESLTER
ar99,246,2026-01-17T13:30:09Z,Underway Science seawater diaphragm pump,chl discrete,"","",40.291898,-70.884285,"",NESLTER
ar99,233,2026-01-17T14:31:43Z,Underway Science seawater diaphragm pump,TOI discrete,"","",40.377294,-70.888838,L6 underway TOI bottle 183,NESLTER
ar99,235,2026-01-17T15:50:00Z,Underway Science seawater diaphragm pump,chl discrete,"","",40.487592,-70.894356,"",NESLTER
ar99,234,2026-01-17T16:15:34Z,Underway Science seawater diaphragm pump,TOI discrete,"","",40.52323,-70.890534,L5 underway sample bottle 517,NESLTER
ar99,236,2026-01-17T16:42:00Z,Underway Science seawater diaphragm pump,chl discrete,"","",40.561807,-70.886064,"",NESLTER
ar99,237,2026-01-17T18:25:59Z,Underway Science seawater diaphragm pump,TOI discrete,"","",40.704877,-70.88263,L4 underway TOI sample bottle 141,NESLTER
ar99,242,2026-01-17T20:26:09Z,Incubation C13,stop,L4,017,40.872936,-70.881864,"",NESLTER
ar99,243,2026-01-17T20:29:34Z,Underway Science seawater diaphragm pump,TOI discrete,"","",40.877951,-70.881971,L3 underway bottle 818,NESLTER
ar99,244,2026-01-17T21:07:30Z,Incubation Grazing,stop,L4,17,40.93389,-70.882949,"",NESLTER
ar99,247,2026-01-17T23:25:24Z,Underway Science seawater diaphragm pump,TOI discrete,"","",41.126467,-70.870862,bottle 798,NESLTER
ar99,249,2026-01-17T23:45:01Z,Sting Ray,recover,L1.5,Tow005,41.148699,-70.871169,"",NESLTER
ar99,248,2026-01-18T00:03:26Z,ADCP300,start,"","",41.134297,-70.87234,"",NESLTER
ar99,250,2026-01-18T01:56:58Z,CTD911,deploy,u2b,"",41.039766,-70.660414,"",NESLTER
ar99,251,2026-01-18T02:10:40Z,CTD911,abort,u2b,"",41.040516,-70.659955,winch problem,NESLTER
ar99,252,2026-01-18T03:05:45Z,CTD911,deploy,u2b,021,41.040201,-70.659146,"",NESLTER
ar99,256,2026-01-18T03:13:00Z,Underway Science seawater diaphragm pump,TOI discrete,"","",41.039456,-70.65838,bottle 711,NESLTER
ar99,257,2026-01-18T03:15:00Z,Underway Science seawater diaphragm pump,TOI discrete,"","",41.03931,-70.658043,bottle 481,NESLTER
ar99,253,2026-01-18T03:41:07Z,IFCB continuous,stop,"","",41.038905,-70.720891,stopped IFCB102 for discrete run emergency stopped and restarted due to software continue to run,NESLTER
ar99,254,2026-01-18T05:14:46Z,CTD911,deploy,d2a,022,41.039914,-70.994463,"",NESLTER
ar99,258,2026-01-18T05:30:00Z,Underway Science seawater diaphragm pump,TOI discrete,"","",41.039553,-70.975813,bottle 698,NESLTER
ar99,259,2026-01-18T05:31:00Z,Underway Science seawater diaphragm pump,TOI discrete,"","",41.03942,-70.972028,bottle 714,NESLTER
ar99,255,2026-01-18T06:17:21Z,CTD911,deploy,L2,023,41.039616,-70.883419,"",NESLTER
ar99,260,2026-01-18T09:06:28Z,CTD911,deploy,MVCO,24,41.315029,-70.570317,"",NESLTER
ar99,261,2026-01-18T09:14:00Z,Underway Science seawater diaphragm pump,mercury discrete,MVCO,"",41.315255,-70.570465,"",NESLTER
ar99,262,2026-01-18T09:20:00Z,Bongo Net,deploy,MVCO,B24,41.31432,-70.573091,"",NESLTER
ar99,263,2026-01-18T09:29:39Z,Bongo Net,recover,MVCO,B24,41.310669,-70.580036,"",NESLTER
ar99,264,2026-01-18T11:17:04Z,Underway Science seawater diaphragm pump,TOI discrete,"","",41.196968,-70.908684,L1 underway sample bottle 259,NESLTER
ar99,265,2026-01-18T11:52:40Z,CTD911,deploy,d1a,25,41.196916,-70.994399,"",NESLTER
ar99,266,2026-01-18T12:17:46Z,Underway Science seawater diaphragm pump,TOI discrete,"","",41.226002,-70.976288,d1a underway sample bottle 261,NESLTER
ar99,267,2026-01-18T12:24:15Z,EK80 broadband,stop,"","",41.242052,-70.968245,end of transect line,NESLTER
ar99,268,2026-01-18T12:50:51Z,Valeport SVS,recover,"","",41.308529,-70.933847,"",NESLTER
ar99,269,2026-01-18T12:51:12Z,UHDAS,stop,"","",41.309429,-70.933406,"",NESLTER
ar99,270,2026-01-18T13:03:27Z,Attune Flow Cytometer,stop,"","",41.343638,-70.915275,"",NESLTER
ar99,271,2026-01-18T13:04:05Z,IFCB continuous,stop,"","",41.345457,-70.914325,"",NESLTER
ar99,272,2026-01-18T13:19:09Z,GO pCO2 8050,end,"","",41.383058,-70.8783,"",NESLTER
ar99,273,2026-01-18T13:19:18Z,Underway Science seawater diaphragm pump,stop,"","",41.383375,-70.877861,"",NESLTER
ar99,274,2026-01-18T13:19:45Z,Underway Science seawater diaphragm pump,service,"","",41.384297,-70.876312,freshwater flush,NESLTER
ar99,275,2026-01-18T13:57:40Z,SUNAV2,sync time,"","",41.434418,-70.782955,sensor time 1 second behind ship time,NESLTER
ar99,276,2026-01-18T15:08:53Z,Ship,endCruise,"","",41.524052,-70.672165,"",NESLTER
hrs2601,109,2026-04-22T11:58:34Z,Shipboard Simrad EK80s,start,"","",41.50229,-70.67057,"",NESLTER
hrs2601,1,2026-04-22T12:08:35Z,Ship,startCruise,"","",41.488553,-70.691135,"",NESLTER
hrs2601,2,2026-04-22T14:05:00Z,IFCB continuous,start,"","",41.301325,-70.876898,"",NESLTER
hrs2601,3,2026-04-22T14:07:18Z,Attune Flow Cytometer,start,"","",41.296377,-70.877153,"",NESLTER
hrs2601,145,2026-04-22T14:24:00Z,Underway Science seawater diaphragm pump,start,"","",41.260857,-70.883017,time is approximate,NESLTER
hrs2601,97,2026-04-22T14:34:00Z,EIMS,start,"","",41.240028,-70.884223,started running underway water,NESLTER
hrs2601,4,2026-04-22T15:34:08Z,SUNAV2,sync time,"","",41.193653,-70.883823,"",NESLTER
hrs2601,5,2026-04-22T16:46:00Z,Bongo Net,deploy,L1,"",41.196723,-70.887287,wire jumped sheave abort Bongo; Rough recovery of the Bongo Net with PX sensor; no sample collected,NESLTER
hrs2601,6,2026-04-22T19:50:13Z,Bongo Net,other,L1,"",41.190577,-70.883858,Test tow of Mash4k winch with bongo and two weights attached. This is an approximate time of test.,NESLTER
hrs2601,7,2026-04-22T21:11:15Z,Underway Science seawater diaphragm pump,IFCB discrete,"",UW1,41.243537,-70.87665,"",NESLTER
hrs2601,8,2026-04-22T22:49:47Z,Sting Ray,deploy towed,L1,Tow001,41.225983,-70.888083,"",NESLTER
hrs2601,72,2026-04-23T00:53:30Z,Underway Science seawater diaphragm pump,TOI discrete,"","",41.16294,-70.892505,bottle 358; far east of L1.5,NESLTER
hrs2601,9,2026-04-23T00:59:10Z,Sting Ray,recover,L2,Tow001,41.169498,-70.893435,"",NESLTER
hrs2601,78,2026-04-23T08:46:00Z,Underway Science seawater diaphragm pump,TOI discrete,"","",41.18504,-70.871245,bottle 104; far east of L1,NESLTER
hrs2601,79,2026-04-23T11:24:00Z,Underway Science seawater diaphragm pump,TOI discrete,"","",40.865048,-70.883447,bottle 170,NESLTER
hrs2601,10,2026-04-23T11:38:56Z,Underway Science seawater diaphragm pump,IFCB discrete,"",UW2,40.830995,-70.883482,"",NESLTER
hrs2601,20,2026-04-23T13:16:24Z,Isaacs-Kidd Midwater Trawl,deploy,L4,Tow01,40.669675,-70.885225,"",NESLTER
hrs2601,29,2026-04-23T13:23:16Z,Isaacs-Kidd Midwater Trawl,startSample,L4,Tow01,40.67619,-70.886092,"",NESLTER
hrs2601,28,2026-04-23T13:43:52Z,Isaacs-Kidd Midwater Trawl,stopSample,L4,Tow01,40.696152,-70.887038,"",NESLTER
hrs2601,21,2026-04-23T13:46:28Z,Isaacs-Kidd Midwater Trawl,recover,L4,Tow01,40.698697,-70.887255,"",NESLTER
hrs2601,11,2026-04-23T14:17:20Z,CTD911,deploy,L4,1,40.697447,-70.885645,"",NESLTER
hrs2601,80,2026-04-23T14:41:00Z,Underway Science seawater diaphragm pump,TOI discrete,"","",40.698422,-70.885855,bottle 226,NESLTER
hrs2601,81,2026-04-23T14:44:00Z,Underway Science seawater diaphragm pump,TOI discrete,"","",40.698615,-70.886018,bottle 710,NESLTER
hrs2601,13,2026-04-23T15:08:00Z,Bongo Net,deploy,L4,B1,40.69263,-70.879345,"",NESLTER
hrs2601,14,2026-04-23T15:21:53Z,Bongo Net,recover,L4,B1,40.701045,-70.88541,"",NESLTER
hrs2601,15,2026-04-23T17:08:53Z,Bongo Net,deploy,L5,B2,40.573118,-70.885053,"",NESLTER
hrs2601,16,2026-04-23T17:21:05Z,Bongo Net,recover,L5,B2,40.567798,-70.882003,"",NESLTER
hrs2601,12,2026-04-23T19:02:29Z,SUNAV2,sync time,"","",40.514882,-70.884252,off by 3s,NESLTER
hrs2601,17,2026-04-23T19:22:05Z,CTD911,deploy,L5,2,40.516965,-70.87998,"",NESLTER
hrs2601,18,2026-04-23T19:58:53Z,Sting Ray,deploy towed,L5,Tow002,40.520927,-70.883922,"",NESLTER
hrs2601,22,2026-04-24T03:23:11Z,Sting Ray,recover,L10,Tow002,39.95649,-70.845808,"",NESLTER
hrs2601,23,2026-04-24T03:49:47Z,Isaacs-Kidd Midwater Trawl,deploy,L10,Tow02,39.941035,-70.880393,"",NESLTER
hrs2601,30,2026-04-24T03:52:29Z,Isaacs-Kidd Midwater Trawl,startSample,L10,Tow02,39.939657,-70.883128,"",NESLTER
hrs2601,31,2026-04-24T04:12:42Z,Isaacs-Kidd Midwater Trawl,stopSample,L10,Tow02,39.928243,-70.904692,"",NESLTER
hrs2601,24,2026-04-24T04:19:39Z,Isaacs-Kidd Midwater Trawl,recover,L10,Tow02,39.925192,-70.909858,"",NESLTER
hrs2601,38,2026-04-24T04:55:00Z,CTD911,deploy,L10,3,39.941465,-70.883327,"",NESLTER
hrs2601,25,2026-04-24T06:24:02Z,Bongo Net,deploy,L10,B3,39.938665,-70.885208,"",NESLTER
hrs2601,26,2026-04-24T06:50:41Z,Bongo Net,recover,L10,B3,39.949552,-70.874737,"",NESLTER
hrs2601,27,2026-04-24T09:15:49Z,CTD911,deploy,u11a,4,39.772893,-70.780248,"",NESLTER
hrs2601,82,2026-04-24T10:55:00Z,Underway Science seawater diaphragm pump,TOI discrete,"","",39.773445,-70.827685,bottle 138,NESLTER
hrs2601,32,2026-04-24T11:20:35Z,CTD911,deploy,L11,5,39.774938,-70.88326,"",NESLTER
hrs2601,33,2026-04-24T11:38:40Z,CTD911,abort,L11,5,39.777547,-70.887233,oxygen very noisy @surf and transmissometer failed ~100m - recover to flush system and swap cable,NESLTER
hrs2601,34,2026-04-24T12:21:28Z,CTD911,deploy,L11,6,39.774335,-70.881788,"",NESLTER
hrs2601,35,2026-04-24T12:32:24Z,CTD911,abort,L11,6,39.775997,-70.884578,winch failt need to recover to assess winch issue,NESLTER
hrs2601,39,2026-04-24T14:13:56Z,Bongo Net,deploy,L11,B5,39.76816,-70.891165,there was no CTD at L11 so B5 is not correct cast number. I chose it based off of what the cast number would have been if the CTD deployment had been successful,NESLTER
hrs2601,40,2026-04-24T14:45:36Z,Bongo Net,recover,L11,B5,39.779405,-70.878628,"",NESLTER
hrs2601,36,2026-04-24T15:11:20Z,Sting Ray,deploy towed,L11,Tow003,39.773035,-70.880567,"",NESLTER
hrs2601,37,2026-04-24T15:20:16Z,BucketSample,start,L11,B01,39.775423,-70.877602,"",NESLTER
hrs2601,83,2026-04-24T18:01:00Z,Underway Science seawater diaphragm pump,TOI discrete,"","",39.938222,-70.882978,bottle 658,NESLTER
hrs2601,42,2026-04-24T19:45:29Z,Sting Ray,recover,L9,Tow003,40.079497,-70.882483,"",NESLTER
hrs2601,41,2026-04-24T20:30:13Z,CTD911,deploy,L9,7,40.048942,-70.879868,"",NESLTER
hrs2601,46,2026-04-24T21:44:48Z,Ring net,deploy,L9,R7,40.041962,-70.888733,ring net,NESLTER
hrs2601,47,2026-04-24T22:15:47Z,Ring net,recover,L9,R7,40.03868,-70.905953,ring net,NESLTER
hrs2601,44,2026-04-24T22:38:14Z,Bongo Net,deploy,L9,B7,40.044395,-70.891848,"",NESLTER
hrs2601,45,2026-04-24T23:01:41Z,Bongo Net,recover,L9,B7,40.042133,-70.904833,"",NESLTER
hrs2601,43,2026-04-24T23:33:00Z,Sting Ray,deploy towed,L9,Tow004,40.046055,-70.890835,"",NESLTER
hrs2601,84,2026-04-25T00:55:00Z,Underway Science seawater diaphragm pump,TOI discrete,"","",40.14882,-70.890635,bottle 241,NESLTER
hrs2601,85,2026-04-25T02:20:00Z,Underway Science seawater diaphragm pump,TOI discrete,"","",40.266005,-70.882138,bottle 689,NESLTER
hrs2601,48,2026-04-25T03:45:00Z,Sting Ray,recover,L6,Tow004,40.377878,-70.885788,"",NESLTER
hrs2601,77,2026-04-25T04:18:57Z,CTD911,deploy,L6,8,40.3498,-70.883088,"",NESLTER
hrs2601,67,2026-04-25T05:00:37Z,Ring net,deploy,L6,R8,40.345592,-70.881535,ring net,NESLTER
hrs2601,68,2026-04-25T05:18:26Z,Ring net,recover,L6,R8,40.346412,-70.887122,ring net,NESLTER
hrs2601,57,2026-04-25T05:36:41Z,Bongo Net,deploy,L6,B8,40.346605,-70.89145,"",NESLTER
hrs2601,58,2026-04-25T05:51:24Z,Bongo Net,recover,L6,B8,40.345233,-70.882355,"",NESLTER
hrs2601,51,2026-04-25T07:53:03Z,Bongo Net,deploy,L8,B9,40.154012,-70.888207,"",NESLTER
hrs2601,52,2026-04-25T08:14:18Z,Bongo Net,recover,L8,B9,40.159502,-70.87866,"",NESLTER
hrs2601,49,2026-04-25T08:34:46Z,CTD911,deploy,L8,9,40.159063,-70.880072,"",NESLTER
hrs2601,86,2026-04-25T09:08:00Z,Underway Science seawater diaphragm pump,TOI discrete,"","",40.157453,-70.886585,bottle 819,NESLTER
hrs2601,87,2026-04-25T09:11:00Z,Underway Science seawater diaphragm pump,TOI discrete,"","",40.156915,-70.887692,bottle 273,NESLTER
hrs2601,55,2026-04-25T09:40:23Z,Isaacs-Kidd Midwater Trawl,deploy,L8,Tow03,40.150522,-70.900667,"",NESLTER
hrs2601,56,2026-04-25T09:48:43Z,Isaacs-Kidd Midwater Trawl,startSample,L8,Tow03,40.15467,-70.895705,"",NESLTER
hrs2601,62,2026-04-25T10:08:49Z,Isaacs-Kidd Midwater Trawl,stopSample,L8,Tow03,40.169388,-70.883548,"",NESLTER
hrs2601,61,2026-04-25T10:13:41Z,Isaacs-Kidd Midwater Trawl,recover,L8,Tow03,40.173513,-70.883582,"",NESLTER
hrs2601,63,2026-04-25T10:51:51Z,Isaacs-Kidd Midwater Trawl,deploy,L7,Tow04,40.224803,-70.884295,"",NESLTER
hrs2601,64,2026-04-25T10:57:13Z,Isaacs-Kidd Midwater Trawl,startSample,L7,Tow04,40.22963,-70.884275,"",NESLTER
hrs2601,65,2026-04-25T11:17:39Z,Isaacs-Kidd Midwater Trawl,stopSample,L7,Tow04,40.245982,-70.883908,"",NESLTER
hrs2601,66,2026-04-25T11:20:41Z,Isaacs-Kidd Midwater Trawl,recover,L7,Tow04,40.248445,-70.883782,"",NESLTER
hrs2601,71,2026-04-25T11:37:50Z,CTD911,deploy,L7,10,40.259125,-70.880515,"",NESLTER
hrs2601,53,2026-04-25T12:21:56Z,Bongo Net,deploy,L7,B10,40.255968,-70.891995,"",NESLTER
hrs2601,54,2026-04-25T12:35:05Z,Bongo Net,recover,L7,B10,40.251523,-70.89929,"",NESLTER
hrs2601,88,2026-04-25T13:05:00Z,Underway Science seawater diaphragm pump,TOI discrete,"","",40.250775,-70.891538,bottle 391,NESLTER
hrs2601,50,2026-04-25T13:12:59Z,Sting Ray,deploy towed,L6.5,Tow005,40.251463,-70.893343,we thought we were at L6 but it was more like L6.5,NESLTER
ar100,1,2026-04-25T14:36:45Z,Ship,startCruise,"","",41.524,-70.672,"",OOI Pioneer
ar100,2,2026-04-25T14:40:47Z,UHDAS,start,"","",41.523,-70.673,"",OOI Pioneer
ar100,3,2026-04-25T14:45:25Z,Kongsberg EM 712,start,"","",41.513,-70.67,"",OOI Pioneer
ar100,6,2026-04-25T15:30:00Z,Underway Science seawater,start,"","",41.417,-70.824,"",OOI Pioneer
ar100,4,2026-04-25T15:44:42Z,IFCB continuous,start,"","",41.386,-70.877,OOI IFCB 199 started,OOI Pioneer
ar100,5,2026-04-25T15:45:23Z,IFCB continuous,start,"","",41.384,-70.879,LTER IFCB 218,OOI Pioneer
hrs2601,89,2026-04-25T16:32:00Z,Underway Science seawater diaphragm pump,TOI discrete,"","",40.51231,-70.884078,bottle 169,NESLTER
ar100,7,2026-04-25T16:43:07Z,EK80 broadband,start,"","",41.226,-70.887,"",OOI Pioneer
ar100,8,2026-04-25T17:47:02Z,Valeport SVS,deploy,"","",41.056,-70.885,"",OOI Pioneer
ar100,9,2026-04-25T17:47:40Z,GO pCO2 8050,start,"","",41.054,-70.885,"",OOI Pioneer
ar100,10,2026-04-25T17:47:59Z,CSTARS HZG radar,start,"","",41.053,-70.885,"",OOI Pioneer
ar100,11,2026-04-25T17:57:51Z,Kongsberg EM 712,stop,"","",41.026,-70.89,off for ek80 survey,OOI Pioneer
ar100,12,2026-04-25T17:58:14Z,Ship,other,"","",41.025,-70.89,Speedlog off for ek80 survey,OOI Pioneer
hrs2601,90,2026-04-25T18:37:00Z,Underway Science seawater diaphragm pump,TOI discrete,"","",40.686782,-70.882267,bottle 181,NESLTER
hrs2601,69,2026-04-25T19:38:19Z,SUNAV2,sync time,"","",40.774245,-70.88132,off by 5s,NESLTER
hrs2601,91,2026-04-25T19:42:00Z,Underway Science seawater diaphragm pump,TOI discrete,"","",40.779657,-70.881175,bottle 720,NESLTER
hrs2601,70,2026-04-25T19:59:14Z,Underway Science seawater diaphragm pump,other,"","",40.804168,-70.881155,thick diatom layer L3.5 Alexander Lab (stains; fluorometry; DNA),NESLTER
hrs2601,92,2026-04-25T20:42:00Z,Underway Science seawater diaphragm pump,TOI discrete,"","",40.864592,-70.881828,bottle 848,NESLTER
hrs2601,93,2026-04-25T23:02:00Z,Underway Science seawater diaphragm pump,TOI discrete,"","",40.961073,-71.001498,bottle 831; d2.5a adaptive,NESLTER
ar100,13,2026-04-25T23:15:20Z,CTD911,deploy,LTER L6,001,40.365,-70.883,CTD off deck originally at 22:43; had to redock several times due to winch issue before successfully deploying off deck at 23:15,OOI Pioneer
ar100,14,2026-04-25T23:23:41Z,CTD911,maxDepth,LTER L6,001,40.365,-70.883,max depth 90 m,OOI Pioneer
hrs2601,94,2026-04-25T23:34:00Z,Underway Science seawater diaphragm pump,TOI discrete,"","",40.915692,-70.999535,bottle 345; d2.5a-d3a adaptive,NESLTER
ar100,15,2026-04-25T23:37:17Z,CTD911,recover,LTER L6,001,40.366,-70.883,CTD on deck,OOI Pioneer
hrs2601,95,2026-04-25T23:47:00Z,Underway Science seawater diaphragm pump,TOI discrete,"","",40.897338,-70.99847,bottle 206; d2.5a-d3a adaptive,NESLTER
hrs2601,96,2026-04-26T00:12:00Z,Underway Science seawater diaphragm pump,TOI discrete,"","",40.863435,-70.991252,bottle 350; d3a adaptive,NESLTER
hrs2601,73,2026-04-26T01:25:00Z,Sting Ray,recover,L3,Tow005,40.86678,-70.88412,"",NESLTER
hrs2601,74,2026-04-26T02:31:30Z,CTD911,deploy,L3,11,40.866897,-70.894743,"",NESLTER
hrs2601,75,2026-04-26T02:50:03Z,Bongo Net,deploy,L3,B11,40.86663,-70.891937,green pea soup of phytoplankton clogged the net; subsampled for 500mL out of 3L at 335um mesh; subsampled 500mL out of 7L at 150um mesh,NESLTER
hrs2601,76,2026-04-26T02:57:29Z,Bongo Net,recover,L3,B11,40.864847,-70.886633,"",NESLTER
ar100,30,2026-04-26T04:15:00Z,EK80 broadband,stop,"","",36.737,-74.429,"",OOI Pioneer
hrs2601,100,2026-04-26T06:31:06Z,Underway Science seawater diaphragm pump,TOI discrete,"","",40.360368,-70.88644,bottle 588,NESLTER
hrs2601,105,2026-04-26T06:35:00Z,Underway Science seawater diaphragm pump,DO discrete,"","",40.357568,-70.876902,winkler 21,NESLTER
hrs2601,106,2026-04-26T06:37:00Z,Underway Science seawater diaphragm pump,DO discrete,"","",40.357675,-70.871013,winkler 3,NESLTER
hrs2601,107,2026-04-26T06:39:00Z,Underway Science seawater diaphragm pump,DO discrete,"","",40.357788,-70.865138,winkler 25,NESLTER
hrs2601,98,2026-04-26T07:17:43Z,CTD911,deploy,u6a,12,40.362563,-70.777792,"",NESLTER
hrs2601,101,2026-04-26T08:03:00Z,Underway Science seawater diaphragm pump,TOI discrete,"","",40.35683,-70.828888,bottle 250,NESLTER
ar100,18,2026-04-26T08:25:00Z,IFCB continuous,stop,"","",39.483,-71.797,OOI IFCB 199 & LTER IFCB 218 stopped by brief power failure,OOI Pioneer
hrs2601,102,2026-04-26T08:36:00Z,Underway Science seawater diaphragm pump,TOI discrete,"","",40.359208,-70.93758,bottle 725,NESLTER
hrs2601,99,2026-04-26T08:57:14Z,CTD911,deploy,d6a,13,40.362575,-70.987963,"",NESLTER
hrs2601,103,2026-04-26T10:06:25Z,CTD911,deploy,L6,14,40.352753,-70.884047,"",NESLTER
hrs2601,104,2026-04-26T10:20:34Z,CTD911,abort,L6,14,40.353797,-70.88748,water sampler error RS232 comms error need to recover; short from water intrusion into mecha of sea cable on SBE9 side,NESLTER
ar100,16,2026-04-26T10:36:50Z,Kongsberg EM 712,start,"","",39.244,-72.172,"",OOI Pioneer
hrs2601,137,2026-04-26T10:40:04Z,Attune Flow Cytometer,other,"","",40.361213,-70.890418,supply water not flowing for unknown amount of time; this is when flow restored.,NESLTER
hrs2601,136,2026-04-26T10:40:24Z,IFCB continuous,other,"","",40.361777,-70.890443,overflow sample bottle not overflowing for unknown amount of time; this is when flow restored.,NESLTER
hrs2601,122,2026-04-26T10:41:00Z,Underway Science seawater diaphragm pump,TOI discrete,"","",40.36342,-70.89053,bottle 539,NESLTER
ar100,17,2026-04-26T11:06:50Z,IFCB continuous,start,"","",39.185,-72.254,LTER IFCB 218,OOI Pioneer
ar100,19,2026-04-26T11:13:52Z,IFCB continuous,start,"","",39.171,-72.272,OOI IFCB 199 re-started,OOI Pioneer
ar100,20,2026-04-26T12:34:01Z,IFCB continuous,stop,"","",39.019,-72.502,LTER IFCB 218 stopped for troubleshooting,OOI Pioneer
ar100,21,2026-04-26T12:46:16Z,Kongsberg EM 712,stop,"","",38.997,-72.538,"",OOI Pioneer
ar100,22,2026-04-26T12:46:32Z,Kongsberg EM124,start,"","",38.996,-72.54,"",OOI Pioneer
ar100,23,2026-04-26T12:48:11Z,IFCB continuous,start,"","",38.993,-72.545,LTER IFCB 218,OOI Pioneer
hrs2601,108,2026-04-26T12:58:18Z,Sting Ray,deploy towed,L4.5,Tow006,40.60132,-70.90235,"",NESLTER
hrs2601,123,2026-04-26T14:07:00Z,Underway Science seawater diaphragm pump,TOI discrete,"","",40.681875,-70.888015,bottle 308,NESLTER
ar100,24,2026-04-26T15:06:42Z,Kongsberg EM 712,start,"","",38.763,-73,"",OOI Pioneer
ar100,25,2026-04-26T15:06:56Z,Kongsberg EM124,start,"","",38.763,-73,"",OOI Pioneer
ar100,26,2026-04-26T15:14:13Z,Kongsberg SBP-29,start,"","",38.75,-73.024,"",OOI Pioneer
hrs2601,146,2026-04-26T15:30:00Z,Underway Science seawater diaphragm pump,other,L3,"",40.737272,-70.970002,Station is approximate,NESLTER
ar100,27,2026-04-26T17:55:28Z,Kongsberg EM 712,stop,"","",38.374,-73.363,"",OOI Pioneer
ar100,28,2026-04-26T17:55:48Z,Kongsberg EM124,start,"","",38.374,-73.364,"",OOI Pioneer
hrs2601,124,2026-04-26T19:36:00Z,Underway Science seawater diaphragm pump,TOI discrete,"","",40.968097,-70.8867,bottle 568,NESLTER
hrs2601,130,2026-04-26T19:40:00Z,Underway Science seawater diaphragm pump,DO discrete,"","",40.973903,-70.886808,bottle 32,NESLTER
hrs2601,131,2026-04-26T19:43:00Z,Underway Science seawater diaphragm pump,DO discrete,"","",40.978218,-70.886945,bottle 18,NESLTER
hrs2601,132,2026-04-26T19:45:00Z,Underway Science seawater diaphragm pump,DO discrete,"","",40.980987,-70.887045,bottle 29,NESLTER
hrs2601,111,2026-04-26T20:40:00Z,Sting Ray,recover,L2,Tow006,41.046507,-70.876245,"",NESLTER
hrs2601,110,2026-04-26T20:57:40Z,CTD911,deploy,L2,15,41.043693,-70.882147,"",NESLTER
hrs2601,125,2026-04-26T21:13:00Z,Underway Science seawater diaphragm pump,TOI discrete,"","",41.04392,-70.88747,bottle 247,NESLTER
hrs2601,126,2026-04-26T21:15:00Z,Underway Science seawater diaphragm pump,TOI discrete,"","",41.043972,-70.888273,bottle 277,NESLTER
hrs2601,112,2026-04-26T21:30:12Z,Ring net,deploy,L2,R15,41.043977,-70.890733,ring net,NESLTER
hrs2601,113,2026-04-26T21:35:50Z,Ring net,recover,L2,R15,41.043695,-70.88841,"",NESLTER
hrs2601,114,2026-04-26T21:48:35Z,Bongo Net,deploy,L2,B15,41.042935,-70.883237,"",NESLTER
hrs2601,115,2026-04-26T21:54:38Z,Bongo Net,recover,L2,B15,41.042517,-70.880895,"",NESLTER
hrs2601,116,2026-04-26T23:23:53Z,CTD911,deploy,u2b,16,41.037422,-70.657308,"",NESLTER
hrs2601,127,2026-04-27T00:02:00Z,Underway Science seawater diaphragm pump,TOI discrete,"","",41.03828,-70.72363,bottle 473,NESLTER
ar100,29,2026-04-27T00:10:00Z,IFCB continuous,other,"","",37.378,-73.965,Back-pressure regulator installed on LTER IFCB 218 & OOI IFCB 199,OOI Pioneer
hrs2601,117,2026-04-27T00:22:51Z,CTD911,deploy,u2a,17,41.03906,-70.77439,"",NESLTER
hrs2601,128,2026-04-27T01:01:00Z,Underway Science seawater diaphragm pump,TOI discrete,"","",41.03771,-70.835748,bottle 828,NESLTER
hrs2601,118,2026-04-27T01:24:21Z,CTD911,deploy,L2,18,41.038422,-70.884938,"",NESLTER
hrs2601,129,2026-04-27T02:20:00Z,Underway Science seawater diaphragm pump,TOI discrete,"","",41.15001,-70.892407,bottle 821,NESLTER
hrs2601,119,2026-04-27T02:48:48Z,CTD911,deploy,L1,19,41.197173,-70.88506,"",NESLTER
hrs2601,120,2026-04-27T03:20:00Z,Bongo Net,deploy,L1,B19,41.196548,-70.883783,"",NESLTER
hrs2601,121,2026-04-27T03:26:41Z,Bongo Net,recover,L1,B19,41.199015,-70.88737,"",NESLTER
hrs2601,138,2026-04-27T05:33:58Z,CTD911,deploy,MVCO,20,41.313235,-70.567628,"",NESLTER
hrs2601,134,2026-04-27T06:00:00Z,Bongo Net,deploy,MVCO,B20,41.31202,-70.571967,time is approximate,NESLTER
hrs2601,135,2026-04-27T06:11:00Z,Bongo Net,recover,MVCO,B20,41.310165,-70.583107,time is approximate,NESLTER
hrs2601,133,2026-04-27T08:50:32Z,CTD911,deploy,d1a,21,41.196605,-70.992028,"",NESLTER
hrs2601,144,2026-04-27T09:36:00Z,Shipboard Simrad EK80s,end,"","",41.222898,-71.009405,"",NESLTER
ar100,31,2026-04-27T10:06:11Z,Kongsberg EM124,stop,"","",36.174,-74.826,"",OOI Pioneer
ar100,32,2026-04-27T10:06:26Z,Kongsberg SBP-29,stop,"","",36.174,-74.826,"",OOI Pioneer
ar100,33,2026-04-27T10:06:50Z,Kongsberg EM 712,start,"","",36.174,-74.826,"",OOI Pioneer
ar100,34,2026-04-27T10:21:16Z,IFCB continuous,other,"","",36.174,-74.826,Disconnecting LTER IFCB 218 from back-pressure assembly,OOI Pioneer
hrs2601,143,2026-04-27T10:30:10Z,Attune Flow Cytometer,stop,"","",41.324678,-70.90537,end of cruise,NESLTER
hrs2601,142,2026-04-27T10:30:38Z,IFCB continuous,stop,"","",41.325677,-70.904357,end of cruise,NESLTER
hrs2601,139,2026-04-27T11:35:41Z,EIMS,stop,"","",41.445845,-70.765693,"",NESLTER
hrs2601,140,2026-04-27T11:37:25Z,Underway Science seawater diaphragm pump,stop,"","",41.448897,-70.76059,end of cruise,NESLTER
hrs2601,141,2026-04-27T11:37:48Z,Underway Science seawater impeller,stop,"","",41.449562,-70.759575,end of cruise,NESLTER
hrs2601,147,2026-04-27T13:29:47Z,Ship,endCruise,"","",41.524042,-70.67209,"",NESLTER
ar100,37,2026-04-27T14:51:49Z,Ship,other,"","",36.173,-74.824,"",OOI Pioneer
ar100,38,2026-04-27T15:02:36Z,Ship,other,"","",36.17331,-74.833771,test 2,OOI Pioneer
ar100,39,2026-04-27T15:10:17Z,IFCB continuous,stop,"","",36.17518,-74.832603,LTER IFCB 218,OOI Pioneer
ar100,40,2026-04-27T15:30:03Z,Ship,other,"","",36.189662,-74.828032,"",OOI Pioneer
ar100,41,2026-04-27T15:30:27Z,IFCB continuous,start,"","",36.189777,-74.827825,LTER IFCB 218,OOI Pioneer
ar100,42,2026-04-27T16:33:37Z,ADCP300,service,"","",36.036235,-74.837822,Turning off beam 1 due to degraded data,OOI Pioneer
ar100,45,2026-04-27T22:17:20Z,CTD911,deploy,offshore south,002,35.727601,-74.75991,CTD off deck,OOI Pioneer
ar100,46,2026-04-27T22:17:43Z,Ship,other,test,"",35.727602,-74.759904,testing elog time,OOI Pioneer
ar100,47,2026-04-27T22:42:20Z,CTD911,maxDepth,offshore south,002,35.72758,-74.76007,max depth 1201 m,OOI Pioneer
ar100,48,2026-04-27T23:22:08Z,CTD911,recover,offshore south,002,35.727684,-74.76249,CTD on deck,OOI Pioneer
ar100,49,2026-04-27T23:44:31Z,Kongsberg EM124,start,"","",35.75216,-74.800787,"",OOI Pioneer
ar100,50,2026-04-27T23:45:05Z,Kongsberg SBP-29,start,"","",35.753064,-74.802303,"",OOI Pioneer
ar100,51,2026-04-28T00:11:01Z,Kongsberg EM 712,start,"","",35.79012,-74.870732,em712 is unable to read Valeport svp probe; collect data anyway; continue troubleshooting,OOI Pioneer
ar100,52,2026-04-28T00:12:20Z,Kongsberg EM124,stop,"","",35.79199,-74.874297,stop em124 collection in shallow depths,OOI Pioneer
ar100,54,2026-04-28T02:07:10Z,Kongsberg EM 712,stop,"","",35.948445,-75.123789,arrived on station,OOI Pioneer
ar100,55,2026-04-28T02:08:01Z,Kongsberg SBP-29,stop,"","",35.948442,-75.12379,arrived on station,OOI Pioneer
ar100,56,2026-04-28T11:30:39Z,Ship,other,"","",35.932144,-75.125314,test,OOI Pioneer
ar100,60,2026-04-28T17:07:20Z,SWM,deploy,CNSW-5,"",35.941272,-75.124255,start deployment,OOI Pioneer
ar100,61,2026-04-28T17:15:20Z,SWM,deploy,CNSW-5,"",35.94222,-75.124472,MFN in water,OOI Pioneer
ar100,62,2026-04-28T17:34:04Z,SWM,deploy,CNSW-5,"",35.945822,-75.125244,MFN released,OOI Pioneer
ar100,63,2026-04-28T17:43:42Z,LISST,other,"","",35.946966,-75.125648,Battery changed; Sampling program started,OOI Pioneer
ar100,64,2026-04-28T18:10:16Z,Ship,other,"","",35.950102,-75.125048,test,OOI Pioneer
ar100,65,2026-04-28T18:17:02Z,CTD911,deploy,CN,003,35.950102,-75.125042,CTD off deck,OOI Pioneer
ar100,66,2026-04-28T18:25:15Z,CTD911,maxDepth,CN,003,35.950102,-75.125048,max depth 27.4 m,OOI Pioneer
ar100,67,2026-04-28T18:36:35Z,CTD911,recover,CN,003,35.950096,-75.125051,CTD on deck,OOI Pioneer
ar100,70,2026-04-28T19:33:41Z,SWM,other,CNSW-5,"",35.94996,-75.125361,start anchor survey release SN 65020,OOI Pioneer
ar100,71,2026-04-28T20:07:12Z,SWM,other,CNSW-5,"",35.942944,-75.122175,end anchor survey; release disabled,OOI Pioneer
ar100,73,2026-04-28T20:30:33Z,EK80 broadband,start,"","",35.94997,-75.125621,Run overnight for comparison,OOI Pioneer
ar100,74,2026-04-28T20:31:29Z,Kongsberg EM 712,stop,"","",35.949979,-75.125508,turn off - we are running ek80 while sitting on-station and em712 interferes,OOI Pioneer
ar100,75,2026-04-28T20:31:58Z,UHDAS,stop,"","",35.949982,-75.125497,turn off temporarily - troubleshooting ek80,OOI Pioneer
ar100,76,2026-04-28T20:46:29Z,UHDAS,start,"","",35.950008,-75.125254,Done troubleshooting ek80,OOI Pioneer
ar100,77,2026-04-28T21:05:13Z,IFCB continuous,stop,CNSM,"",35.950012,-75.125271,OOI IFCB 199 stopped for discrete samples,OOI Pioneer
ar100,78,2026-04-28T22:12:02Z,EK80 broadband,other,"","",35.950033,-75.125265,Noise streaks noticed in ES38 channel - traced to our OS38 ADCP.  Will turn this off for survey,OOI Pioneer
ar100,79,2026-04-28T22:32:50Z,ADCP38,stop,"","",35.950035,-75.125264,Turn off temporarily until EK80 survey complete; it is interfering with ES38 channel,OOI Pioneer
ar100,80,2026-04-29T02:50:17Z,IFCB continuous,start,"","",35.950027,-75.125261,OOI IFCB 199 started on underway seawater,OOI Pioneer
ar100,81,2026-04-29T09:41:36Z,EK80 broadband,stop,"","",36.121024,-74.88507,"",OOI Pioneer
ar100,82,2026-04-29T09:42:06Z,Kongsberg EM 712,start,"","",36.122151,-74.883749,"",OOI Pioneer
ar100,83,2026-04-29T09:44:18Z,UHDAS,start,"","",36.126383,-74.878889,"",OOI Pioneer
ar100,89,2026-04-29T13:01:34Z,LISST,other,"","",36.167247,-74.827874,Battery changed,OOI Pioneer
ar100,91,2026-04-29T13:21:12Z,LISST,other,"","",36.169876,-74.82704,Sample program started,OOI Pioneer
ar100,97,2026-04-29T15:35:41Z,CTD911,deploy,Glider deployments,004,36.179208,-74.74199,CTD off deck,OOI Pioneer
ar100,98,2026-04-29T15:54:07Z,CTD911,maxDepth,Glider deployments,004,36.177194,-74.743163,max depth 500 m,OOI Pioneer
ar100,99,2026-04-29T16:17:49Z,CTD911,recover,Glider deployments,004,36.174765,-74.744916,CTD on deck,OOI Pioneer
ar100,102,2026-04-29T17:41:31Z,CTD911,deploy,NO,005,36.174752,-74.827103,CTD off deck,OOI Pioneer
ar100,103,2026-04-29T17:52:04Z,CTD911,maxDepth,NO,005,36.173579,-74.827571,max depth 98 m,OOI Pioneer
ar100,104,2026-04-29T18:17:31Z,CTD911,recover,NO,005,36.171954,-74.82809,CTD on deck,OOI Pioneer
ar100,110,2026-04-29T20:15:37Z,IFCB continuous,stop,"","",36.180102,-74.826728,OOI IFCB 199 stopped for discrete samples,OOI Pioneer
ar100,111,2026-04-29T20:35:57Z,Kongsberg SBP-29,start,"","",36.177293,-74.820853,transit NO to NE,OOI Pioneer
ar100,112,2026-04-29T21:15:13Z,LISST,other,"","",36.060958,-74.790195,Battery ok; sampling program started,OOI Pioneer
ar100,113,2026-04-29T21:26:37Z,Kongsberg SBP-29,stop,"","",36.05382,-74.778308,"",OOI Pioneer
ar100,114,2026-04-29T22:31:50Z,CTD911,deploy,NE,006,36.053681,-74.777824,CTD off deck,OOI Pioneer
ar100,115,2026-04-29T22:44:29Z,CTD911,maxDepth,NE,006,36.05336,-74.77802,max depth 278 m,OOI Pioneer
ar100,116,2026-04-29T23:03:53Z,CTD911,recover,NE,006,36.051541,-74.779043,CTD on deck,OOI Pioneer
ar100,117,2026-04-30T00:25:06Z,Kongsberg SBP-29,start,"","",36.053875,-74.775767,transit NE to SO,OOI Pioneer
ar100,118,2026-04-30T01:38:40Z,IFCB continuous,start,"","",35.857306,-74.82914,OOI IFCB 199 re-started,OOI Pioneer
ar100,119,2026-04-30T01:45:04Z,Kongsberg EM 712,stop,"","",35.842866,-74.831719,Lost track of bottom during survey along shelf edge.  Tried forcing depth and it resumed tracking; however shortly after the SIS-5 software froze up and then crashed a few minutes later,OOI Pioneer
ar100,120,2026-04-30T01:49:52Z,Kongsberg EM 712,start,"","",35.829074,-74.834497,Restarted SIS5 software after crash.  Noticed max depth was set to 500m in runtime panel; increased max to 1000m,OOI Pioneer
ar100,121,2026-04-30T02:37:43Z,Kongsberg EM 712,stop,"","",35.726739,-74.851508,"",OOI Pioneer
ar100,122,2026-04-30T02:38:01Z,Kongsberg SBP-29,stop,"","",35.726737,-74.8515,"",OOI Pioneer
ar100,123,2026-04-30T02:39:11Z,ADCP38,stop,"","",35.726739,-74.851503,disable OS38 for duration of EK80 in-place survey at site SO,OOI Pioneer
ar100,124,2026-04-30T03:24:21Z,Kongsberg EM 712,stop,"","",35.72673,-74.851492,em712 sounder was still running; regained control and stopped sounder,OOI Pioneer
ar100,125,2026-04-30T03:26:41Z,EK80 broadband,other,"","",35.726738,-74.851492,Increased max recording depth from 50m to 125m; re-adjusted bottom track limits as well,OOI Pioneer
ar100,128,2026-04-30T10:59:46Z,EK80 broadband,other,"","",35.727908,-74.853825,5 min passive,OOI Pioneer
ar100,129,2026-04-30T11:23:54Z,EK80 broadband,stop,"","",35.710056,-74.85582,"",OOI Pioneer
ar100,130,2026-04-30T12:46:19Z,LISST,other,"","",35.732036,-74.854121,Battery changed,OOI Pioneer
ar100,133,2026-04-30T13:46:54Z,LISST,other,"","",35.724658,-74.857734,Sampling program started,OOI Pioneer
ar100,134,2026-04-30T15:17:49Z,CTD911,deploy,SE,007,35.84987,-74.847196,CTD off deck,OOI Pioneer
ar100,135,2026-04-30T15:32:36Z,CTD911,maxDepth,SE,007,35.849008,-74.84487,max depth 301 m,OOI Pioneer
ar100,136,2026-04-30T15:56:08Z,CTD911,recover,SE,007,35.849047,-74.843084,CTD on deck,OOI Pioneer
ar100,139,2026-04-30T18:34:37Z,CTD911,deploy,SO,008,35.724814,-74.853161,CTD off deck,OOI Pioneer
ar100,140,2026-04-30T18:43:02Z,CTD911,maxDepth,SO,008,35.724778,-74.853115,max depth 90 m,OOI Pioneer
ar100,141,2026-04-30T19:00:30Z,CTD911,recover,SO,008,35.724765,-74.853122,CTD on deck,OOI Pioneer
ar100,151,2026-04-30T22:40:00Z,Kongsberg EM 712,stop,"","",35.949847,-74.844243,stopping for ek80 survey,OOI Pioneer
ar100,148,2026-04-30T22:47:59Z,ADCP38,stop,"","",35.949747,-74.844532,Disable for ek80 survey (interference on es38),OOI Pioneer
ar100,147,2026-04-30T22:49:22Z,EK80 broadband,start,"","",35.949752,-74.844526,cross-shelf EK80 survey starting at EA,OOI Pioneer
ar100,149,2026-04-30T22:49:30Z,EK80 broadband,start,"","",35.949757,-74.844517,Start  survey in Passive mode ~ 5 minutes,OOI Pioneer
ar100,150,2026-04-30T22:54:53Z,EK80 broadband,other,"","",35.949919,-74.844708,switch to active pings for transit to WE,OOI Pioneer
ar100,152,2026-04-30T23:47:31Z,EK80 broadband,other,"","",35.949903,-75.024237,adjusted max depth recording from 125 to 50m,OOI Pioneer
ar100,153,2026-05-01T00:53:40Z,IFCB continuous,stop,"","",35.945593,-75.262775,OOI IFCB 199 stopped for discrete samples,OOI Pioneer
ar100,155,2026-05-01T01:28:20Z,EK80 broadband,other,"","",35.949633,-75.304207,collect 5 min in passive mode at WE then continue in active,OOI Pioneer
ar100,156,2026-05-01T02:31:06Z,EK80 broadband,other,"","",35.949429,-75.124452,speedlog activated briefly arriving at station CN,OOI Pioneer
ar100,157,2026-05-01T02:34:53Z,EK80 broadband,other,"","",35.94943,-75.124476,run 5 min in passive while on station at CN; then resume active for overnite in-place survey,OOI Pioneer
ar100,158,2026-05-01T04:49:04Z,IFCB continuous,start,"","",35.949432,-75.124482,OOI IFCB 199 re-started,OOI Pioneer
ar100,160,2026-05-01T10:57:34Z,EK80 broadband,other,"","",35.949384,-75.124022,5 min passive,OOI Pioneer
ar100,161,2026-05-01T11:22:00Z,EK80 broadband,stop,"","",35.949616,-75.120599,"",OOI Pioneer
ar100,172,2026-05-01T18:50:20Z,SWM,recover,CNSW-4,"",35.954056,-75.124808,MFN and anchor/ARM on deck,OOI Pioneer
ar100,173,2026-05-01T19:01:20Z,SWM,recover,CNSW-4,"",35.954057,-75.124801,buoy and prawler on deck,OOI Pioneer
ar100,174,2026-05-01T22:13:52Z,Kongsberg EM124,start,"","",35.950731,-74.740401,entering deeper waters,OOI Pioneer
ar100,175,2026-05-01T22:15:07Z,Kongsberg EM 712,stop,"","",35.950596,-74.735947,"",OOI Pioneer
ar100,176,2026-05-01T23:19:20Z,SOLO Float,deploy,12124,"",35.950885,-74.524297,ancillary - NAVO Deep SOLO Float SN 12124 deployed off fantail,OOI Pioneer
ar100,177,2026-05-01T23:56:20Z,SOLO Float,deploy,12114,"",36.039958,-74.525089,ancillary - NAVO Deep SOLO Float SN 12114 deployed off fantail,OOI Pioneer
ar100,178,2026-05-02T01:47:51Z,Kongsberg EM124,stop,"","",36.166958,-74.827305,"",OOI Pioneer
ar100,179,2026-05-02T02:01:26Z,ADCP38,stop,"","",36.1699,-74.832075,turn off for ek80 survey,OOI Pioneer
ar100,180,2026-05-02T02:05:56Z,EK80 broadband,start,"","",36.169899,-74.832064,overnight survey in-place at NO site; 5 min passive,OOI Pioneer
ar100,181,2026-05-02T10:40:58Z,EK80 broadband,other,"","",36.169927,-74.832045,5 min passive,OOI Pioneer
ar100,182,2026-05-02T10:49:54Z,EK80 broadband,stop,"","",36.169928,-74.832047,"",OOI Pioneer
ar100,183,2026-05-02T12:11:20Z,Ship,other,NOSM-2,"",36.174892,-74.831479,start small boat ops to install spare Xeos beacon on buoy deck,OOI Pioneer
ar100,184,2026-05-02T12:31:20Z,Ship,other,NOSM-2,"",36.174889,-74.831472,end small boat ops at NOSM-2,OOI Pioneer
ar100,185,2026-05-02T13:13:56Z,LISST,other,"","",36.104771,-74.809253,Battery changed,OOI Pioneer
ar100,186,2026-05-02T13:44:40Z,LISST,other,"","",36.01956,-74.775463,Sampling program started,OOI Pioneer
ar100,187,2026-05-02T14:13:37Z,CTD911,deploy,CS-4,009,35.950617,-74.753198,CTD off deck; start of cross-shelf survey,OOI Pioneer
ar100,188,2026-05-02T14:32:23Z,CTD911,maxDepth,CS-4,009,35.950102,-74.753599,max depth 550 m,OOI Pioneer
ar100,189,2026-05-02T14:48:09Z,CTD911,recover,CS-4,009,35.949763,-74.754114,CTD on deck,OOI Pioneer
ar100,190,2026-05-02T15:23:59Z,CTD911,deploy,EA,010,35.949918,-74.846255,CTD off deck; cross-shelf survey,OOI Pioneer
ar100,191,2026-05-02T15:31:20Z,CTD911,maxDepth,EA,010,35.949967,-74.846391,max depth 86 m,OOI Pioneer
ar100,192,2026-05-02T15:38:47Z,CTD911,recover,EA,010,35.949952,-74.846344,CTD on deck,OOI Pioneer
ar100,193,2026-05-02T16:17:19Z,CTD911,deploy,CS-3,011,35.949524,-74.937552,CTD off deck; cross-shelf survey,OOI Pioneer
ar100,194,2026-05-02T16:24:02Z,CTD911,maxDepth,CS-3,011,35.949521,-74.937548,max depth 57 m,OOI Pioneer
ar100,195,2026-05-02T16:29:26Z,CTD911,recover,CS-3,011,35.949524,-74.93755,CTD on deck,OOI Pioneer
ar100,196,2026-05-02T17:10:42Z,CTD911,deploy,CS-2,012,35.949369,-75.031382,CTD off deck; cross-shelf survey,OOI Pioneer
ar100,197,2026-05-02T17:16:26Z,CTD911,maxDepth,CS-2,012,35.949353,-75.031379,max depth 30 m,OOI Pioneer
ar100,198,2026-05-02T17:20:28Z,CTD911,recover,CS-2,012,35.949351,-75.031372,CTD on deck,OOI Pioneer
ar100,199,2026-05-02T17:55:56Z,CTD911,deploy,CN,013,35.947654,-75.122768,CTD off deck; cross-shelf survey,OOI Pioneer
ar100,200,2026-05-02T18:01:27Z,CTD911,maxDepth,CN,013,35.948133,-75.122708,max depth 21 m,OOI Pioneer
ar100,201,2026-05-02T18:05:09Z,CTD911,recover,CN,013,35.94814,-75.12272,CTD on deck,OOI Pioneer
ar100,202,2026-05-02T18:49:42Z,CTD911,deploy,CS-1,014,35.947299,-75.227618,CTD off deck; cross-shelf survey,OOI Pioneer
ar100,203,2026-05-02T18:55:29Z,CTD911,maxDepth,CS-1,014,35.949642,-75.229585,max depth 21 m,OOI Pioneer
ar100,204,2026-05-02T18:59:28Z,CTD911,recover,CS-1,014,35.949644,-75.229577,CTD on deck,OOI Pioneer
ar100,205,2026-05-02T19:38:06Z,CTD911,deploy,WE,015,35.948744,-75.334007,CTD off deck; cross-shelf survey,OOI Pioneer
ar100,206,2026-05-02T19:42:40Z,CTD911,maxDepth,WE,015,35.948898,-75.334404,max depth 18 m,OOI Pioneer
ar100,207,2026-05-02T19:50:23Z,CTD911,recover,WE,015,35.9489,-75.334394,CTD on deck; end cross-shelf survey,OOI Pioneer
ar100,208,2026-05-02T20:20:13Z,Kongsberg EM 712,stop,"","",35.948898,-75.334393,off for ek80 survey,OOI Pioneer
ar100,210,2026-05-02T21:41:27Z,EK80 broadband,start,"","",35.949421,-75.324097,start survey transit WE to CS4 at 8kts.  5 min passive at beginning & end,OOI Pioneer
ar100,209,2026-05-02T21:41:27Z,ADCP38,stop,"","",35.949421,-75.324097,off for EK80 survey,OOI Pioneer
ar100,211,2026-05-02T22:30:05Z,IFCB continuous,stop,"","",35.943451,-75.220224,OOI IFCB 199 stopped for water wall maintenance,OOI Pioneer
ar100,212,2026-05-02T22:30:53Z,IFCB continuous,stop,"","",35.945066,-75.213036,LTER 218 stopped for water wall maintenance,OOI Pioneer
ar100,215,2026-05-02T22:45:09Z,Underway Science seawater,stop,"","",35.949577,-75.172972,shut down for cleaning,OOI Pioneer
ar100,216,2026-05-02T23:06:35Z,Underway Science seawater,start,"","",35.950676,-75.117713,"",OOI Pioneer
ar100,213,2026-05-02T23:15:47Z,GO pCO2 8050,end,"","",35.949981,-75.09321,shut down for cleaning,OOI Pioneer
ar100,214,2026-05-02T23:45:17Z,GO pCO2 8050,start,"","",35.949919,-75.012618,"",OOI Pioneer
ar100,217,2026-05-03T01:16:34Z,IFCB continuous,start,"","",35.94977,-74.763567,LTER IFCB 218,OOI Pioneer
ar100,219,2026-05-03T01:16:46Z,EK80 broadband,other,"","",NaN,NaN,record 5 min passive at end of survey line,OOI Pioneer
ar100,218,2026-05-03T01:17:04Z,IFCB continuous,start,"","",35.949778,-74.762163,OOI IFCB 199,OOI Pioneer
ar100,220,2026-05-03T01:23:52Z,EK80 broadband,stop,"","",35.949574,-74.746315,"",OOI Pioneer
ar100,221,2026-05-03T01:27:39Z,EK80 broadband,start,"","",35.949871,-74.757083,start survey line CS4 to CN at 8kts 5 min passive,OOI Pioneer
ar100,222,2026-05-03T10:07:47Z,EK80 broadband,other,"","",35.957128,-75.12524,5 min passive,OOI Pioneer
ar100,223,2026-05-03T11:35:31Z,LISST,other,"","",36.104457,-74.897355,Battery changed,OOI Pioneer
ar100,224,2026-05-03T11:42:54Z,LISST,other,"","",36.118803,-74.880427,Sampling program started,OOI Pioneer
ar100,227,2026-05-03T12:15:16Z,CTD911,deploy,NO,016,36.174834,-74.827925,CTD off deck; start of along-shelf survey,OOI Pioneer
ar100,228,2026-05-03T12:26:32Z,CTD911,maxDepth,NO,016,36.174825,-74.827906,max depth 90 m,OOI Pioneer
ar100,229,2026-05-03T12:33:10Z,CTD911,recover,NO,016,36.174828,-74.827894,CTD on deck,OOI Pioneer
ar100,230,2026-05-03T13:11:36Z,CTD911,deploy,AS-1,017,36.099078,-74.836044,CTD off deck; along-shelf survey,OOI Pioneer
ar100,231,2026-05-03T13:20:03Z,CTD911,maxDepth,AS-1,017,36.099029,-74.836212,max depth 91 m,OOI Pioneer
ar100,232,2026-05-03T13:26:40Z,CTD911,recover,AS-1,017,36.099041,-74.836188,CTD on deck,OOI Pioneer
ar100,233,2026-05-03T14:04:38Z,CTD911,deploy,AS-2,018,36.024632,-74.835583,CTD off deck; along-shelf survey,OOI Pioneer
ar100,234,2026-05-03T14:12:46Z,CTD911,maxDepth,AS-2,018,36.024501,-74.835869,max depth 92 m,OOI Pioneer
ar100,235,2026-05-03T14:19:24Z,CTD911,recover,AS-2,018,36.024494,-74.835864,CTD on deck,OOI Pioneer
ar100,236,2026-05-03T15:01:41Z,CTD911,deploy,EA,019,35.949455,-74.844914,CTD off deck; along-shelf survey,OOI Pioneer
ar100,237,2026-05-03T15:09:30Z,CTD911,maxDepth,EA,019,35.949656,-74.845789,max depth 89 m,OOI Pioneer
ar100,238,2026-05-03T15:24:31Z,CTD911,recover,EA,019,35.949538,-74.846087,CTD on deck,OOI Pioneer
ar100,239,2026-05-03T18:14:16Z,CTD911,deploy,AS-3,020,35.875684,-74.874106,CTD off deck; along-shelf survey,OOI Pioneer
ar100,240,2026-05-03T18:22:46Z,CTD911,maxDepth,AS-3,020,35.874888,-74.875459,max depth 90 m,OOI Pioneer
ar100,241,2026-05-03T18:29:36Z,CTD911,recover,AS-3,020,35.874811,-74.875673,CTD on deck,OOI Pioneer
ar100,242,2026-05-03T19:10:12Z,CTD911,deploy,AS-4,021,35.798508,-74.87719,CTD off deck; along-shelf survey,OOI Pioneer
ar100,243,2026-05-03T19:18:29Z,CTD911,maxDepth,AS-4,021,35.797469,-74.878193,max depth 90 m,OOI Pioneer
ar100,244,2026-05-03T19:25:06Z,CTD911,recover,AS-4,021,35.796534,-74.878755,CTD on deck,OOI Pioneer
ar100,245,2026-05-03T20:16:25Z,CTD911,deploy,SO,022,35.724159,-74.853306,CTD off deck; along-shelf survey,OOI Pioneer
ar100,246,2026-05-03T20:22:39Z,CTD911,maxDepth,SO,022,35.724132,-74.853638,max depth 89 m,OOI Pioneer
ar100,247,2026-05-03T20:28:11Z,CTD911,recover,SO,022,35.724104,-74.85415,CTD on deck; end along-shelf survey,OOI Pioneer
ar100,248,2026-05-03T20:58:59Z,EK80 broadband,start,"","",35.774226,-74.869239,survey transit SO to NO - 10 min passive - needed xtra time to quiet all acoustics,OOI Pioneer
ar100,250,2026-05-03T21:14:00Z,Kongsberg EM 712,other,"","",35.809512,-74.877297,rebooted sis5 host - was not collecting but sounder may have been pinging due to hung components,OOI Pioneer
ar100,249,2026-05-03T21:14:36Z,EK80 broadband,other,"","",35.806093,-74.877466,rebooted em712 SIS-5 workstation to make sure sounder is not pinging in background,OOI Pioneer
ar100,251,2026-05-04T00:05:18Z,EK80 broadband,stop,"","",36.174567,-74.828666,end of survey. speedlog activated during 5 min passive window as we approached station,OOI Pioneer
ar100,252,2026-05-04T00:25:29Z,EK80 broadband,start,"","",36.172541,-74.831439,collect additional 5 min passive without speedlog at station NO,OOI Pioneer
ar100,253,2026-05-04T00:30:52Z,EK80 broadband,stop,"","",36.172106,-74.83206,"",OOI Pioneer
ar100,255,2026-05-04T12:09:20Z,Ship,other,NOSM-2,"",36.174412,-74.832817,start small boat ops to replace non-functioning port turbine on NOSM-2,OOI Pioneer
ar100,256,2026-05-04T12:37:20Z,Ship,other,NOSM-2,"",36.174415,-74.832815,end small boat ops at NOSM-2; approx end met comparison,OOI Pioneer
ar100,257,2026-05-04T12:53:29Z,LISST,other,"","",36.173744,-74.83343,Battery changed,OOI Pioneer
ar100,258,2026-05-04T13:50:19Z,LISST,other,"","",36.171778,-74.962694,Sampling program started,OOI Pioneer
ar100,259,2026-05-04T14:08:20Z,REMUS AUV,deploy,06264,"",36.171923,-74.962328,AUV 06264 Scotland deployed at AL-1,OOI Pioneer
ar100,260,2026-05-04T14:13:39Z,REMUS AUV,deploy,06264,"",36.172059,-74.961774,AUV Scotland 06264 mission start,OOI Pioneer
ar100,261,2026-05-04T14:40:11Z,CTD911,deploy,AL-1,023,36.174983,-74.965288,CTD off deck; AUV 06264 deploy site at AL-1,OOI Pioneer
ar100,262,2026-05-04T14:47:29Z,CTD911,maxDepth,AL-1,023,36.175005,-74.965565,max depth 28 m,OOI Pioneer
ar100,263,2026-05-04T14:54:54Z,CTD911,recover,AL-1,023,36.175017,-74.965178,CTD on deck,OOI Pioneer
ar100,264,2026-05-04T17:58:20Z,REMUS AUV,deploy,06263,"",35.932458,-75.301503,AUV 06263 Rogers deployed at AC-1,OOI Pioneer
ar100,265,2026-05-04T18:04:43Z,REMUS AUV,deploy,06263,"",35.932457,-75.301492,AUV Rogers 06263 mission start,OOI Pioneer
ar100,266,2026-05-04T18:37:26Z,CTD911,deploy,AC-1,024,35.936205,-75.30479,CTD off deck; AUV 06263 deploy site at AC-1,OOI Pioneer
ar100,267,2026-05-04T18:42:57Z,CTD911,maxDepth,AC-1,024,35.936205,-75.304431,max depth 16 m,OOI Pioneer
ar100,268,2026-05-04T18:49:29Z,CTD911,recover,AC-1,024,35.936195,-75.304317,CTD on deck,OOI Pioneer
ar100,271,2026-05-05T12:35:03Z,LISST,other,"","",36.171945,-74.836639,Battery changed,OOI Pioneer
ar100,272,2026-05-05T13:20:38Z,LISST,other,"","",36.177658,-74.842193,Sampling program started,OOI Pioneer
ar100,273,2026-05-05T13:31:10Z,REMUS AUV,recover,06264,"",36.176535,-74.84484,AUV Scotland 06264 recovered from AL-7; mission ended approx 13:06,OOI Pioneer
ar100,274,2026-05-05T13:41:41Z,CTD911,deploy,AL-7,025,36.175076,-74.844443,CTD off deck; AUV 06264 recovery site AL-7,OOI Pioneer
ar100,275,2026-05-05T13:48:58Z,CTD911,maxDepth,AL-7,025,36.175071,-74.844458,max depth 80 m,OOI Pioneer
ar100,276,2026-05-05T14:01:33Z,CTD911,recover,AL-7,025,36.175073,-74.844447,CTD on deck,OOI Pioneer
ar100,277,2026-05-05T18:04:10Z,REMUS AUV,recover,06263,"",36.044408,-75.303453,AUV 06263 Rogers recovered from AC-4; mission ended approx 17:45,OOI Pioneer
ar100,278,2026-05-05T18:29:56Z,CTD911,deploy,AC-4,026,36.039589,-75.305236,CTD off deck; AUV 06263 recovery site AL-7,OOI Pioneer
ar100,279,2026-05-05T18:36:20Z,CTD911,maxDepth,AC-4,026,36.039823,-75.305212,max depth 24 m,OOI Pioneer
ar100,280,2026-05-05T18:43:53Z,CTD911,recover,AC-4,026,36.040498,-75.305148,CTD on deck,OOI Pioneer
ar100,282,2026-05-06T02:09:21Z,ADCP38,start,"","",35.944881,-75.137947,resume os38 sounding in preparation for overnite adcp survey,OOI Pioneer
ar100,283,2026-05-06T03:00:04Z,UHDAS,start,"","",35.941759,-75.306946,Begin ADCP Survey across-shelf start at AC1 then AC2 - AC3 - AC4,OOI Pioneer
ar100,285,2026-05-06T11:29:39Z,UHDAS,stop,"","",35.950486,-75.332627,Finish of ADCP survey on the AUV Across-Shelf Line,OOI Pioneer
ar100,286,2026-05-06T12:25:52Z,LISST,other,"","",35.950476,-75.33263,Battery changed,OOI Pioneer
ar100,287,2026-05-06T12:51:28Z,LISST,other,"","",35.950477,-75.332626,Sampling program started,OOI Pioneer
ar100,288,2026-05-06T12:57:20Z,CTD911,deploy,WE,027,35.950477,-75.332624,CTD off deck; cross-shelf survey,OOI Pioneer
ar100,289,2026-05-06T13:03:11Z,CTD911,maxDepth,WE,027,35.950486,-75.332622,max depth 21 m,OOI Pioneer
ar100,290,2026-05-06T13:07:12Z,CTD911,recover,WE,027,35.951591,-75.332621,CTD on deck,OOI Pioneer
ar100,291,2026-05-06T13:55:11Z,CTD911,deploy,CS-1,028,35.950026,-75.229259,CTD off deck; cross-shelf survey,OOI Pioneer
ar100,292,2026-05-06T14:01:01Z,CTD911,maxDepth,CS-1,028,35.950689,-75.229019,max depth 22 m,OOI Pioneer
ar100,293,2026-05-06T14:05:25Z,CTD911,recover,CS-1,028,35.950998,-75.228955,CTD on deck,OOI Pioneer
ar100,294,2026-05-06T14:42:10Z,CTD911,deploy,CN,029,35.950801,-75.125001,CTD off deck; cross-shelf survey,OOI Pioneer
ar100,295,2026-05-06T14:49:05Z,CTD911,maxDepth,CN,029,35.951492,-75.124936,max depth 24 m,OOI Pioneer
ar100,296,2026-05-06T14:53:12Z,CTD911,recover,CN,029,35.95313,-75.124868,CTD on deck,OOI Pioneer
ar100,297,2026-05-06T15:27:25Z,CTD911,deploy,CS-2,030,35.952088,-75.03394,CTD off deck; cross-shelf survey,OOI Pioneer
ar100,298,2026-05-06T15:33:59Z,CTD911,maxDepth,CS-2,030,35.951936,-75.030996,max depth 33 m,OOI Pioneer
ar100,299,2026-05-06T15:38:04Z,CTD911,recover,CS-2,030,35.952006,-75.030958,CTD on deck,OOI Pioneer
ar100,300,2026-05-06T16:11:32Z,CTD911,deploy,CS-3,031,35.9507,-74.939202,CTD off deck; cross-shelf survey,OOI Pioneer
ar100,301,2026-05-06T16:19:15Z,CTD911,maxDepth,CS-3,031,35.950663,-74.938755,max depth 61 m,OOI Pioneer
ar100,302,2026-05-06T16:24:16Z,CTD911,recover,CS-2,031,35.950558,-74.93726,CTD on deck,OOI Pioneer
ar100,303,2026-05-06T17:00:41Z,CTD911,deploy,EA,032,35.951335,-74.849691,CTD off deck; cross-shelf survey,OOI Pioneer
ar100,304,2026-05-06T17:08:31Z,CTD911,maxDepth,EA,032,35.950677,-74.845556,max depth 91 m,OOI Pioneer
ar100,305,2026-05-06T17:14:35Z,CTD911,recover,EA,032,35.950643,-74.845113,CTD on deck,OOI Pioneer
ar100,306,2026-05-06T17:54:16Z,CTD911,deploy,CS-4,033,35.950467,-74.752034,CTD off deck; cross-shelf survey,OOI Pioneer
ar100,307,2026-05-06T18:11:40Z,CTD911,maxDepth,CS-4,033,35.949817,-74.751151,max depth 546 m,OOI Pioneer
ar100,308,2026-05-06T18:26:03Z,CTD911,recover,CS-4,033,35.948884,-74.750561,CTD on deck,OOI Pioneer
ar100,309,2026-05-06T18:29:54Z,EK80 broadband,other,"","",35.947608,-74.749414,5 min passive,OOI Pioneer
ar100,310,2026-05-06T18:36:51Z,EK80 broadband,start,"","",35.949557,-74.750196,survey CS-4 to WE,OOI Pioneer
ar100,311,2026-05-06T22:38:07Z,EK80 broadband,other,"","",35.950213,-75.332998,5 min passive end of survey line,OOI Pioneer
ar100,312,2026-05-06T22:44:25Z,EK80 broadband,stop,"","",35.950182,-75.332947,end survey CS-4 to WE,OOI Pioneer
ar100,313,2026-05-06T22:52:02Z,ADCP38,start,"","",35.949029,-75.337827,re-enabled for ADCP survey,OOI Pioneer
ar100,314,2026-05-07T01:02:00Z,UHDAS,other,"","",36.181615,-74.966661,begin AUV along-shelf line AL1-AL7,OOI Pioneer
ar100,315,2026-05-07T10:00:20Z,UHDAS,other,"","",36.177094,-74.837617,end AUV along-shelf ADCP survey,OOI Pioneer
ar100,316,2026-05-07T11:39:42Z,LISST,other,"","",36.175654,-74.825365,Battery changed,OOI Pioneer
ar100,317,2026-05-07T12:06:52Z,LISST,other,"","",36.175747,-74.825421,Sampling program started,OOI Pioneer
ar100,318,2026-05-07T12:16:43Z,CTD911,deploy,NO,034,36.175705,-74.82538,CTD off deck; start of along-shelf survey,OOI Pioneer
ar100,319,2026-05-07T12:25:33Z,CTD911,maxDepth,NO,034,36.175793,-74.825454,max depth 91 m,OOI Pioneer
ar100,320,2026-05-07T12:32:08Z,CTD911,recover,NO,034,36.175884,-74.825535,CTD on deck,OOI Pioneer
ar100,321,2026-05-07T13:11:07Z,CTD911,deploy,AS-1,035,36.099021,-74.835815,CTD off deck; along-shelf survey,OOI Pioneer
ar100,322,2026-05-07T13:20:14Z,CTD911,maxDepth,AS-1,035,36.098364,-74.835291,max depth 90 m,OOI Pioneer
ar100,323,2026-05-07T13:27:24Z,CTD911,recover,AS-1,035,36.097911,-74.834759,CTD on deck,OOI Pioneer
ar100,324,2026-05-07T14:03:19Z,CTD911,deploy,AS-2,036,36.025154,-74.834327,CTD off deck; along-shelf survey,OOI Pioneer
ar100,325,2026-05-07T14:11:49Z,CTD911,maxDepth,AS-2,036,36.025443,-74.833234,max depth 90 m,OOI Pioneer
ar100,326,2026-05-07T14:18:26Z,CTD911,recover,AS-2,036,36.025472,-74.832915,CTD on deck,OOI Pioneer
ar100,327,2026-05-07T15:00:48Z,CTD911,deploy,EA,037,35.950404,-74.845035,CTD off deck; along-shelf survey,OOI Pioneer
ar100,328,2026-05-07T15:08:48Z,CTD911,maxDepth,EA,037,35.950326,-74.844973,max depth 89 m,OOI Pioneer
ar100,329,2026-05-07T15:15:10Z,CTD911,recover,EA,037,35.949921,-74.84449,CTD on deck,OOI Pioneer
ar100,330,2026-05-07T15:53:12Z,CTD911,deploy,AS-3,038,35.878966,-74.872528,CTD off deck; along-shelf survey,OOI Pioneer
ar100,331,2026-05-07T16:00:46Z,CTD911,maxDepth,AS-3,038,35.877075,-74.873595,max depth 89 m,OOI Pioneer
ar100,332,2026-05-07T16:06:55Z,CTD911,recover,AS-3,038,35.87701,-74.873533,CTD on deck,OOI Pioneer
ar100,333,2026-05-07T16:55:10Z,CTD911,deploy,AS-4,039,35.799123,-74.87759,CTD off deck; along-shelf survey (original off deck 16:50; had to re-dock and re-set),OOI Pioneer
ar100,334,2026-05-07T17:02:51Z,CTD911,maxDepth,AS-4,039,35.799229,-74.877779,max depth 92 m,OOI Pioneer
ar100,335,2026-05-07T17:09:14Z,CTD911,recover,AS-4,039,35.79948,-74.877367,CTD on deck,OOI Pioneer
ar100,336,2026-05-07T17:48:22Z,CTD911,deploy,SO,040,35.728653,-74.852515,CTD off deck; along-shelf survey,OOI Pioneer
ar100,337,2026-05-07T17:55:54Z,CTD911,maxDepth,SO,040,35.72811,-74.851518,max depth 91 m,OOI Pioneer
ar100,338,2026-05-07T18:03:12Z,CTD911,recover,SO,040,35.727985,-74.850567,CTD on deck; end along-shelf survey,OOI Pioneer
ar100,339,2026-05-07T18:06:31Z,EK80 broadband,other,"","",35.727892,-74.848687,5 min passive,OOI Pioneer
ar100,340,2026-05-07T18:12:11Z,EK80 broadband,start,"","",35.728071,-74.848792,"",OOI Pioneer
ar100,341,2026-05-07T19:02:59Z,ADCP300,stop,"","",35.820939,-74.876847,"",OOI Pioneer
ar100,342,2026-05-07T21:47:46Z,EK80 broadband,other,"","",36.163162,-74.828537,5 min passive,OOI Pioneer
ar100,343,2026-05-07T21:51:39Z,EK80 broadband,other,"","",36.171628,-74.829272,restart 5 min passive,OOI Pioneer
ar100,344,2026-05-07T21:56:47Z,EK80 broadband,stop,"","",36.178152,-74.828481,end survey,OOI Pioneer
ar100,345,2026-05-07T21:58:22Z,UHDAS,start,"","",36.173575,-74.829541,survey along shelf NO to SO,OOI Pioneer
ar100,346,2026-05-08T01:26:11Z,UHDAS,other,"","",35.726355,-74.84768,end survey line,OOI Pioneer
ar100,349,2026-05-08T12:46:51Z,IFCB continuous,stop,"","",35.856172,-74.850552,OOI IFCB 199 stopped for ROI y-pos troubleshooting,OOI Pioneer
ar100,353,2026-05-08T16:18:24Z,IFCB continuous,start,"","",35.855693,-74.850991,OOI IFCB 199,OOI Pioneer
ar100,358,2026-05-08T19:50:20Z,Ship,other,SOSM-2,"",35.724111,-74.848634,start small boat ops to install spare Xeos beacon on buoy deck,OOI Pioneer
ar100,359,2026-05-08T20:11:20Z,Ship,other,SOSM-2,"",35.724114,-74.848638,end small boat ops at SOSM-2,OOI Pioneer
ar100,362,2026-05-10T06:01:20Z,Ship,other,"","",36.03562,-74.982508,depart MAB,OOI Pioneer
ar100,363,2026-05-10T09:30:50Z,Kongsberg EM124,start,"","",36.465769,-74.548888,"",OOI Pioneer
ar100,364,2026-05-11T10:12:42Z,ADCP38,stop,"","",39.661564,-71.008613,ek80 survey,OOI Pioneer
ar100,365,2026-05-11T10:48:42Z,Kongsberg EM124,stop,"","",39.721735,-70.912298,off for ek80 survey,OOI Pioneer
ar100,366,2026-05-11T10:57:19Z,EK80 broadband,start,"","",39.738515,-70.892399,"",OOI Pioneer
ar100,367,2026-05-11T11:03:23Z,EK80 broadband,start,"","",39.75244,-70.884143,"",OOI Pioneer
ar100,368,2026-05-11T13:14:01Z,Kongsberg SBP-29,stop,"","",40.033645,-70.883795,"",OOI Pioneer
ar100,369,2026-05-11T15:37:03Z,EK80 broadband,other,"","",40.334328,-70.883602,Adjusted EK80 settings to LTER setting,OOI Pioneer
ar100,370,2026-05-11T16:55:35Z,CTD911,deploy,LTER L5,041,40.512573,-70.883611,CTD off deck; ancillary cast,OOI Pioneer
ar100,371,2026-05-11T17:02:58Z,CTD911,maxDepth,LTER L5,041,40.513974,-70.884882,max depth 67 m,OOI Pioneer
ar100,372,2026-05-11T17:11:56Z,CTD911,recover,LTER L5,041,40.514092,-70.88517,CTD on deck,OOI Pioneer
ar100,373,2026-05-11T17:21:32Z,IFCB continuous,stop,"","",40.513454,-70.884934,LTER 218 stopped for discrete samples,OOI Pioneer
ar100,374,2026-05-11T19:22:44Z,CTD911,deploy,LTER L4,042,40.696561,-70.883395,CTD off deck; ancillary cast,OOI Pioneer
ar100,375,2026-05-11T19:29:36Z,CTD911,maxDepth,LTER L4,042,40.6973,-70.885828,max depth 56 m,OOI Pioneer
ar100,376,2026-05-11T19:37:59Z,CTD911,recover,LTER L4,042,40.69733,-70.886066,CTD on deck,OOI Pioneer
ar100,377,2026-05-11T21:35:32Z,CTD911,deploy,LTER L3,043,40.864308,-70.883472,CTD off deck; ancillary cast,OOI Pioneer
ar100,378,2026-05-11T21:40:55Z,CTD911,maxDepth,LTER L3,043,40.865099,-70.882681,max depth 45 m,OOI Pioneer
ar100,379,2026-05-11T21:47:08Z,CTD911,recover,LTER L3,043,40.865326,-70.882381,CTD on deck,OOI Pioneer
ar100,380,2026-05-11T23:43:08Z,CTD911,deploy,LTER L2,044,41.039381,-70.884187,CTD off deck; ancillary cast,OOI Pioneer
ar100,381,2026-05-11T23:49:37Z,CTD911,maxDepth,LTER L2,044,41.039418,-70.882033,max depth 35 m,OOI Pioneer
ar100,382,2026-05-11T23:58:39Z,CTD911,recover,LTER L2,044,41.039383,-70.881074,CTD on deck,OOI Pioneer
ar100,383,2026-05-12T00:38:49Z,EK80 broadband,other,"","",41.069508,-70.882976,reduce speed from 10kt to 8kt; secure speedlog+fathometer until survey end,OOI Pioneer
ar100,384,2026-05-12T00:52:49Z,EK80 broadband,other,"","",41.100686,-70.883995,observed noise spikes across all channels - all acoustics secured - suspect wind farm proximity,OOI Pioneer
ar100,385,2026-05-12T01:35:22Z,EK80 broadband,other,"","",41.191161,-70.883639,5 min passive,OOI Pioneer
ar100,386,2026-05-12T01:41:07Z,EK80 broadband,stop,"","",41.205541,-70.884672,end of survey,OOI Pioneer
ar100,387,2026-05-12T01:55:23Z,ADCP38,start,"","",41.245788,-70.889598,"",OOI Pioneer
ar100,388,2026-05-12T02:44:07Z,IFCB continuous,stop,"","",41.374789,-70.892295,OOI IFCB 199; end of underway sampling,OOI Pioneer
ar100,389,2026-05-12T03:08:02Z,GO pCO2 8050,end,"","",41.414694,-70.822746,Standards were run - end of cruise data collection,OOI Pioneer
ar100,390,2026-05-12T03:09:54Z,Underway Science seawater,stop,"","",41.417326,-70.818436,end of cruise data collection,OOI Pioneer
ar100,391,2026-05-12T04:22:37Z,UHDAS,stop,"","",41.472313,-70.734034,end of cruise data collection,OOI Pioneer
ar100,392,2026-05-12T11:26:19Z,Ship,endCruise,"","",41.523927,-70.672338,"",OOI Pioneer
ar101,1,2026-05-17T15:05:44Z,Ship,startCruise,"","",41.523936,-70.672322,"",NESLTER
ar101,2,2026-05-17T15:14:27Z,UHDAS,start,"","",41.504386,-70.668055,"",NESLTER
ar101,5,2026-05-17T15:14:53Z,EK80 broadband,start,"","",41.502718,-70.66798,"",NESLTER
ar101,3,2026-05-17T17:10:43Z,Underway Science seawater,start,"","",41.323575,-71.022799,"",NESLTER
ar101,4,2026-05-17T17:11:21Z,GO pCO2 8050,start,"","",41.323185,-71.024038,"",NESLTER
ar101,6,2026-05-17T17:25:45Z,EK80 broadband,other,"","",41.302191,-71.076385,speedlog & fathometer secured,NESLTER
ar101,7,2026-05-17T17:31:57Z,IFCB,start,"","",41.292751,-71.098204,"",NESLTER
ar101,8,2026-05-17T23:35:31Z,CTD911,deploy,"","",40.749986,-71.500088,test cast,NESLTER
ar101,9,2026-05-18T00:15:34Z,CTD911,recover,"","",40.74951,-71.499502,max depth 59 m fired three bottles at 30 m,NESLTER
ar101,10,2026-05-18T13:38:47Z,CSTARS HZG radar,start,"","",39.499785,-71.333236,"",NESLTER
ar101,11,2026-05-18T13:44:58Z,Valeport SVS,deploy,"","",39.499781,-71.333236,"",NESLTER
ar101,12,2026-05-20T02:00:00Z,EK80 broadband,other,"","",39.830753,-70.749191,begin overnight grid survey,NESLTER
ar101,13,2026-05-20T03:23:54Z,EK80 broadband,other,"","",39.84169,-71.000133,reduce speed to 8 kts for survey,NESLTER
ar101,14,2026-05-22T09:20:10Z,Valeport SVS,recover,"","",41.465226,-70.740455,"",NESLTER
ar101,15,2026-05-22T09:22:47Z,EK80 broadband,stop,"","",41.469397,-70.736879,"",NESLTER
ar101,16,2026-05-22T09:23:49Z,UHDAS,stop,"","",41.469949,-70.736463,"",NESLTER
ar101,17,2026-05-22T09:24:14Z,GO pCO2 8050,end,"","",41.470077,-70.73634,"",NESLTER
ar101,18,2026-05-22T09:24:41Z,CSTARS HZG radar,stop,"","",41.470155,-70.736281,"",NESLTER
ar101,19,2026-05-22T09:59:48Z,Underway Science seawater,stop,"","",41.470186,-70.736239,"",NESLTER
ar101,20,2026-05-22T10:00:03Z,Underway Science seawater,service,"","",41.470187,-70.736241,freshwater flush,NESLTER
ar101,21,2026-05-22T10:00:19Z,GO pCO2 8050,service,"","",41.470187,-70.736244,freshwater flush,NESLTER
ar101,22,2026-05-22T12:17:31Z,Ship,endCruise,"","",41.523905,-70.672349,"",NESLTER
